#define COLORMAP_HEIGHT 121
#define COLORMAP_WIDTH 191

unsigned char COLORMAP [] = {
 0x42,0x4d,0x76,0x10,0x01,0x00,0x00,0x00,
 0x00,0x00,0x36,0x00,0x00,0x00,0x28,0x00,
 0x00,0x00,0xbf,0x00,0x00,0x00,0x79,0x00,
 0x00,0x00,0x01,0x00,0x18,0x00,0x00,0x00,
 0x00,0x00,0x40,0x10,0x01,0x00,0x00,0x00,
 0x00,0x00,0x00,0x00,0x00,0x00,0x00,0x00,
 0x00,0x00,0x00,0x00,0x00,0x00,0x00,0x00,
 0x00,0x00,0x00,0x00,0x00,0x00,0x00,0x00,
 0x00,0x00,0x00,0x00,0x00,0x00,0x00,0x00,
 0x00,0x00,0x00,0x00,0x00,0x00,0x00,0x00,
 0x00,0x00,0x00,0x00,0x00,0x00,0x00,0x00,
 0x00,0x00,0x00,0x00,0x00,0x00,0x00,0x00,
 0x00,0x00,0x00,0x00,0x00,0x00,0x00,0x00,
 0x00,0x00,0x00,0x00,0x00,0x00,0x00,0x00,
 0x00,0x00,0x00,0x00,0x00,0x00,0x00,0x00,
 0x00,0x00,0x00,0x00,0x00,0x00,0x00,0x00,
 0x00,0x00,0x00,0x00,0x00,0x00,0x00,0x00,
 0x00,0x00,0x00,0x00,0x00,0x00,0x00,0x00,
 0x00,0x00,0x00,0x00,0x00,0x00,0x00,0x00,
 0x00,0x00,0x00,0x00,0x00,0x00,0x00,0x00,
 0x00,0x00,0x00,0x00,0x00,0x00,0x00,0x00,
 0x00,0x00,0x00,0x00,0x00,0x00,0x00,0x00,
 0x00,0x00,0x00,0x00,0x00,0x00,0x00,0x00,
 0x00,0x00,0x00,0x00,0x00,0x00,0x00,0x00,
 0x00,0x00,0x00,0x00,0x00,0x00,0x00,0x00,
 0x00,0x00,0x00,0x00,0x00,0x00,0x00,0x00,
 0x00,0x00,0x00,0x00,0x00,0x00,0x00,0x00,
 0x00,0x00,0x00,0x00,0x00,0x00,0x00,0x00,
 0x00,0x00,0x00,0x00,0x00,0x00,0x00,0x00,
 0x00,0x00,0x00,0x00,0x00,0x00,0x00,0x00,
 0x00,0x00,0x00,0x00,0x00,0x00,0x00,0x00,
 0x00,0x00,0x00,0x00,0x00,0x00,0x00,0x00,
 0x00,0x00,0x00,0x00,0x00,0x00,0x00,0x00,
 0x00,0x00,0x00,0x00,0x00,0x00,0x00,0x00,
 0x00,0x00,0x00,0x00,0x00,0x00,0x00,0x00,
 0x00,0x00,0x00,0x00,0x00,0x00,0x00,0x00,
 0x00,0x00,0x00,0x00,0x00,0x00,0x00,0x00,
 0x00,0x00,0x00,0x00,0x00,0x00,0x00,0x00,
 0x00,0x00,0x00,0x00,0x00,0x00,0x00,0x00,
 0x00,0x00,0x00,0x00,0x00,0x00,0x00,0x00,
 0x00,0x00,0x00,0x00,0x00,0x00,0x00,0x00,
 0x00,0x00,0x00,0x00,0x00,0x00,0x00,0x00,
 0x00,0x00,0x00,0x00,0x00,0x00,0x00,0x00,
 0x00,0x00,0x00,0x00,0x00,0x00,0x00,0x00,
 0x00,0x00,0x00,0x00,0x00,0x00,0x00,0x00,
 0x00,0x00,0x00,0x00,0x00,0x00,0x00,0x00,
 0x00,0x00,0x00,0x00,0x00,0x00,0x00,0x00,
 0x00,0x00,0x00,0x00,0x00,0x00,0x00,0x00,
 0x00,0x00,0x00,0x00,0x00,0x00,0x00,0x00,
 0x00,0x00,0x00,0x00,0x00,0x00,0x00,0x00,
 0x00,0x00,0x00,0x00,0x00,0x00,0x00,0x00,
 0x00,0x00,0x00,0x00,0x00,0x00,0x00,0x00,
 0x00,0x00,0x00,0x00,0x00,0x00,0x00,0x00,
 0x00,0x00,0x00,0x00,0x00,0x00,0x00,0x00,
 0x00,0x00,0x00,0x00,0x00,0x00,0x00,0x00,
 0x00,0x00,0x00,0x00,0x00,0x00,0x00,0x00,
 0x00,0x00,0x00,0x00,0x00,0x00,0x00,0x00,
 0x00,0x00,0x00,0x00,0x00,0x00,0x00,0x00,
 0x00,0x00,0x00,0x00,0x00,0x00,0x00,0x00,
 0x00,0x00,0x00,0x00,0x00,0x00,0x00,0x00,
 0x00,0x00,0x00,0x00,0x00,0x00,0x00,0x00,
 0x00,0x00,0x00,0x00,0x00,0x00,0x00,0x00,
 0x00,0x00,0x00,0x00,0x00,0x00,0x00,0x00,
 0x00,0x00,0x00,0x00,0x00,0x00,0x00,0x00,
 0x00,0x00,0x00,0x00,0x00,0x00,0x00,0x00,
 0x00,0x00,0x00,0x00,0x00,0x00,0x00,0x00,
 0x00,0x00,0x00,0x00,0x00,0x00,0x00,0x00,
 0x00,0x00,0x00,0x00,0x00,0x00,0x00,0x00,
 0x00,0x00,0x00,0x00,0x00,0x00,0x00,0x00,
 0x00,0x00,0x00,0x00,0x00,0x00,0x00,0x00,
 0x00,0x00,0x00,0x00,0x00,0x00,0x00,0x00,
 0x00,0x00,0x00,0x00,0x00,0x00,0x00,0x00,
 0x00,0x00,0x00,0x00,0x00,0x00,0x00,0x00,
 0x00,0x00,0x00,0x00,0x00,0x00,0x00,0x00,
 0x00,0x00,0x00,0x00,0x00,0x00,0x00,0x00,
 0x00,0x00,0x00,0x00,0x00,0x00,0x00,0x00,
 0x00,0x00,0x00,0x00,0x00,0x00,0x00,0x00,
 0x00,0x00,0x00,0x00,0x00,0x00,0x00,0x00,
 0x00,0x00,0x00,0x00,0x00,0x00,0x00,0x00,
 0x00,0xff,0x00,0xff,0xff,0x00,0xff,0xff,
 0x00,0xff,0xff,0x00,0xff,0xff,0x00,0xff,
 0xff,0x00,0xff,0xff,0x00,0xff,0xff,0x00,
 0xff,0xff,0x00,0xff,0x00,0x00,0x00,0xff,
 0xff,0xff,0xff,0xff,0xff,0xff,0xff,0xff,
 0xff,0xff,0xff,0xff,0xff,0xff,0xff,0xff,
 0xff,0xff,0xff,0xff,0xff,0xff,0xff,0xff,
 0xff,0xff,0x00,0x00,0x00,0xcc,0xff,0xff,
 0xcc,0xff,0xff,0xcc,0xff,0xff,0xcc,0xff,
 0xff,0xcc,0xff,0xff,0xcc,0xff,0xff,0xcc,
 0xff,0xff,0xcc,0xff,0xff,0xcc,0xff,0xff,
 0x00,0x00,0x00,0x99,0xff,0xff,0x99,0xff,
 0xff,0x99,0xff,0xff,0x99,0xff,0xff,0x99,
 0xff,0xff,0x99,0xff,0xff,0x99,0xff,0xff,
 0x99,0xff,0xff,0x99,0xff,0xff,0x00,0x00,
 0x00,0x66,0xff,0xff,0x66,0xff,0xff,0x66,
 0xff,0xff,0x66,0xff,0xff,0x66,0xff,0xff,
 0x66,0xff,0xff,0x66,0xff,0xff,0x66,0xff,
 0xff,0x66,0xff,0xff,0x00,0x00,0x00,0x33,
 0xff,0xff,0x33,0xff,0xff,0x33,0xff,0xff,
 0x33,0xff,0xff,0x33,0xff,0xff,0x33,0xff,
 0xff,0x33,0xff,0xff,0x33,0xff,0xff,0x33,
 0xff,0xff,0x00,0x00,0x00,0x00,0xff,0xff,
 0x00,0xff,0xff,0x00,0xff,0xff,0x00,0xff,
 0xff,0x00,0xff,0xff,0x00,0xff,0xff,0x00,
 0xff,0xff,0x00,0xff,0xff,0x00,0xff,0xff,
 0x00,0x00,0x00,0x00,0xff,0x99,0x00,0xff,
 0x99,0x00,0xff,0x99,0x00,0xff,0x99,0x00,
 0xff,0x99,0x00,0xff,0x99,0x00,0xff,0x99,
 0x00,0xff,0x99,0x00,0xff,0x99,0x00,0x00,
 0x00,0x33,0xff,0x99,0x33,0xff,0x99,0x33,
 0xff,0x99,0x33,0xff,0x99,0x33,0xff,0x99,
 0x33,0xff,0x99,0x33,0xff,0x99,0x33,0xff,
 0x99,0x33,0xff,0x99,0x00,0x00,0x00,0x66,
 0xff,0x99,0x66,0xff,0x99,0x66,0xff,0x99,
 0x66,0xff,0x99,0x66,0xff,0x99,0x66,0xff,
 0x99,0x66,0xff,0x99,0x66,0xff,0x99,0x66,
 0xff,0x99,0x00,0x00,0x00,0x99,0xff,0x99,
 0x99,0xff,0x99,0x99,0xff,0x99,0x99,0xff,
 0x99,0x99,0xff,0x99,0x99,0xff,0x99,0x99,
 0xff,0x99,0x99,0xff,0x99,0x99,0xff,0x99,
 0x00,0x00,0x00,0xcc,0xff,0x99,0xcc,0xff,
 0x99,0xcc,0xff,0x99,0xcc,0xff,0x99,0xcc,
 0xff,0x99,0xcc,0xff,0x99,0xcc,0xff,0x99,
 0xcc,0xff,0x99,0xcc,0xff,0x99,0x00,0x00,
 0x00,0xff,0xff,0x99,0xff,0xff,0x99,0xff,
 0xff,0x99,0xff,0xff,0x99,0xff,0xff,0x99,
 0xff,0xff,0x99,0xff,0xff,0x99,0xff,0xff,
 0x99,0xff,0xff,0x99,0x00,0x00,0x00,0xff,
 0xff,0x33,0xff,0xff,0x33,0xff,0xff,0x33,
 0xff,0xff,0x33,0xff,0xff,0x33,0xff,0xff,
 0x33,0xff,0xff,0x33,0xff,0xff,0x33,0xff,
 0xff,0x33,0x00,0x00,0x00,0xcc,0xff,0x33,
 0xcc,0xff,0x33,0xcc,0xff,0x33,0xcc,0xff,
 0x33,0xcc,0xff,0x33,0xcc,0xff,0x33,0xcc,
 0xff,0x33,0xcc,0xff,0x33,0xcc,0xff,0x33,
 0x00,0x00,0x00,0x99,0xff,0x33,0x99,0xff,
 0x33,0x99,0xff,0x33,0x99,0xff,0x33,0x99,
 0xff,0x33,0x99,0xff,0x33,0x99,0xff,0x33,
 0x99,0xff,0x33,0x99,0xff,0x33,0x00,0x00,
 0x00,0x66,0xff,0x33,0x66,0xff,0x33,0x66,
 0xff,0x33,0x66,0xff,0x33,0x66,0xff,0x33,
 0x66,0xff,0x33,0x66,0xff,0x33,0x66,0xff,
 0x33,0x66,0xff,0x33,0x00,0x00,0x00,0x33,
 0xff,0x33,0x33,0xff,0x33,0x33,0xff,0x33,
 0x33,0xff,0x33,0x33,0xff,0x33,0x33,0xff,
 0x33,0x33,0xff,0x33,0x33,0xff,0x33,0x33,
 0xff,0x33,0x00,0x00,0x00,0x00,0xff,0x33,
 0x00,0xff,0x33,0x00,0xff,0x33,0x00,0xff,
 0x33,0x00,0xff,0x33,0x00,0xff,0x33,0x00,
 0xff,0x33,0x00,0xff,0x33,0x00,0xff,0x33,
 0x00,0x00,0x00,0x00,0x00,0x00,0x00,0x00,
 0x00,0xff,0x00,0xff,0xff,0x00,0xff,0xff,
 0x00,0xff,0xff,0x00,0xff,0xff,0x00,0xff,
 0xff,0x00,0xff,0xff,0x00,0xff,0xff,0x00,
 0xff,0xff,0x00,0xff,0x00,0x00,0x00,0xff,
 0xff,0xff,0xff,0xff,0xff,0xff,0xff,0xff,
 0xff,0xff,0xff,0xff,0xff,0xff,0xff,0xff,
 0xff,0xff,0xff,0xff,0xff,0xff,0xff,0xff,
 0xff,0xff,0x00,0x00,0x00,0xcc,0xff,0xff,
 0xcc,0xff,0xff,0xcc,0xff,0xff,0xcc,0xff,
 0xff,0xcc,0xff,0xff,0xcc,0xff,0xff,0xcc,
 0xff,0xff,0xcc,0xff,0xff,0xcc,0xff,0xff,
 0x00,0x00,0x00,0x99,0xff,0xff,0x99,0xff,
 0xff,0x99,0xff,0xff,0x99,0xff,0xff,0x99,
 0xff,0xff,0x99,0xff,0xff,0x99,0xff,0xff,
 0x99,0xff,0xff,0x99,0xff,0xff,0x00,0x00,
 0x00,0x66,0xff,0xff,0x66,0xff,0xff,0x66,
 0xff,0xff,0x66,0xff,0xff,0x66,0xff,0xff,
 0x66,0xff,0xff,0x66,0xff,0xff,0x66,0xff,
 0xff,0x66,0xff,0xff,0x00,0x00,0x00,0x33,
 0xff,0xff,0x33,0xff,0xff,0x33,0xff,0xff,
 0x33,0xff,0xff,0x33,0xff,0xff,0x33,0xff,
 0xff,0x33,0xff,0xff,0x33,0xff,0xff,0x33,
 0xff,0xff,0x00,0x00,0x00,0x00,0xff,0xff,
 0x00,0xff,0xff,0x00,0xff,0xff,0x00,0xff,
 0xff,0x00,0xff,0xff,0x00,0xff,0xff,0x00,
 0xff,0xff,0x00,0xff,0xff,0x00,0xff,0xff,
 0x00,0x00,0x00,0x00,0xff,0x99,0x00,0xff,
 0x99,0x00,0xff,0x99,0x00,0xff,0x99,0x00,
 0xff,0x99,0x00,0xff,0x99,0x00,0xff,0x99,
 0x00,0xff,0x99,0x00,0xff,0x99,0x00,0x00,
 0x00,0x33,0xff,0x99,0x33,0xff,0x99,0x33,
 0xff,0x99,0x33,0xff,0x99,0x33,0xff,0x99,
 0x33,0xff,0x99,0x33,0xff,0x99,0x33,0xff,
 0x99,0x33,0xff,0x99,0x00,0x00,0x00,0x66,
 0xff,0x99,0x66,0xff,0x99,0x66,0xff,0x99,
 0x66,0xff,0x99,0x66,0xff,0x99,0x66,0xff,
 0x99,0x66,0xff,0x99,0x66,0xff,0x99,0x66,
 0xff,0x99,0x00,0x00,0x00,0x99,0xff,0x99,
 0x99,0xff,0x99,0x99,0xff,0x99,0x99,0xff,
 0x99,0x99,0xff,0x99,0x99,0xff,0x99,0x99,
 0xff,0x99,0x99,0xff,0x99,0x99,0xff,0x99,
 0x00,0x00,0x00,0xcc,0xff,0x99,0xcc,0xff,
 0x99,0xcc,0xff,0x99,0xcc,0xff,0x99,0xcc,
 0xff,0x99,0xcc,0xff,0x99,0xcc,0xff,0x99,
 0xcc,0xff,0x99,0xcc,0xff,0x99,0x00,0x00,
 0x00,0xff,0xff,0x99,0xff,0xff,0x99,0xff,
 0xff,0x99,0xff,0xff,0x99,0xff,0xff,0x99,
 0xff,0xff,0x99,0xff,0xff,0x99,0xff,0xff,
 0x99,0xff,0xff,0x99,0x00,0x00,0x00,0xff,
 0xff,0x33,0xff,0xff,0x33,0xff,0xff,0x33,
 0xff,0xff,0x33,0xff,0xff,0x33,0xff,0xff,
 0x33,0xff,0xff,0x33,0xff,0xff,0x33,0xff,
 0xff,0x33,0x00,0x00,0x00,0xcc,0xff,0x33,
 0xcc,0xff,0x33,0xcc,0xff,0x33,0xcc,0xff,
 0x33,0xcc,0xff,0x33,0xcc,0xff,0x33,0xcc,
 0xff,0x33,0xcc,0xff,0x33,0xcc,0xff,0x33,
 0x00,0x00,0x00,0x99,0xff,0x33,0x99,0xff,
 0x33,0x99,0xff,0x33,0x99,0xff,0x33,0x99,
 0xff,0x33,0x99,0xff,0x33,0x99,0xff,0x33,
 0x99,0xff,0x33,0x99,0xff,0x33,0x00,0x00,
 0x00,0x66,0xff,0x33,0x66,0xff,0x33,0x66,
 0xff,0x33,0x66,0xff,0x33,0x66,0xff,0x33,
 0x66,0xff,0x33,0x66,0xff,0x33,0x66,0xff,
 0x33,0x66,0xff,0x33,0x00,0x00,0x00,0x33,
 0xff,0x33,0x33,0xff,0x33,0x33,0xff,0x33,
 0x33,0xff,0x33,0x33,0xff,0x33,0x33,0xff,
 0x33,0x33,0xff,0x33,0x33,0xff,0x33,0x33,
 0xff,0x33,0x00,0x00,0x00,0x00,0xff,0x33,
 0x00,0xff,0x33,0x00,0xff,0x33,0x00,0xff,
 0x33,0x00,0xff,0x33,0x00,0xff,0x33,0x00,
 0xff,0x33,0x00,0xff,0x33,0x00,0xff,0x33,
 0x00,0x00,0x00,0x00,0x00,0x00,0x00,0x00,
 0x00,0xff,0x00,0xff,0xff,0x00,0xff,0xff,
 0x00,0xff,0xff,0x00,0xff,0xff,0x00,0xff,
 0xff,0x00,0xff,0xff,0x00,0xff,0xff,0x00,
 0xff,0xff,0x00,0xff,0x00,0x00,0x00,0xff,
 0xff,0xff,0xff,0xff,0xff,0xff,0xff,0xff,
 0xff,0xff,0xff,0xff,0xff,0xff,0xff,0xff,
 0xff,0xff,0xff,0xff,0xff,0xff,0xff,0xff,
 0xff,0xff,0x00,0x00,0x00,0xcc,0xff,0xff,
 0xcc,0xff,0xff,0xcc,0xff,0xff,0xcc,0xff,
 0xff,0xcc,0xff,0xff,0xcc,0xff,0xff,0xcc,
 0xff,0xff,0xcc,0xff,0xff,0xcc,0xff,0xff,
 0x00,0x00,0x00,0x99,0xff,0xff,0x99,0xff,
 0xff,0x99,0xff,0xff,0x99,0xff,0xff,0x99,
 0xff,0xff,0x99,0xff,0xff,0x99,0xff,0xff,
 0x99,0xff,0xff,0x99,0xff,0xff,0x00,0x00,
 0x00,0x66,0xff,0xff,0x66,0xff,0xff,0x66,
 0xff,0xff,0x66,0xff,0xff,0x66,0xff,0xff,
 0x66,0xff,0xff,0x66,0xff,0xff,0x66,0xff,
 0xff,0x66,0xff,0xff,0x00,0x00,0x00,0x33,
 0xff,0xff,0x33,0xff,0xff,0x33,0xff,0xff,
 0x33,0xff,0xff,0x33,0xff,0xff,0x33,0xff,
 0xff,0x33,0xff,0xff,0x33,0xff,0xff,0x33,
 0xff,0xff,0x00,0x00,0x00,0x00,0xff,0xff,
 0x00,0xff,0xff,0x00,0xff,0xff,0x00,0xff,
 0xff,0x00,0xff,0xff,0x00,0xff,0xff,0x00,
 0xff,0xff,0x00,0xff,0xff,0x00,0xff,0xff,
 0x00,0x00,0x00,0x00,0xff,0x99,0x00,0xff,
 0x99,0x00,0xff,0x99,0x00,0xff,0x99,0x00,
 0xff,0x99,0x00,0xff,0x99,0x00,0xff,0x99,
 0x00,0xff,0x99,0x00,0xff,0x99,0x00,0x00,
 0x00,0x33,0xff,0x99,0x33,0xff,0x99,0x33,
 0xff,0x99,0x33,0xff,0x99,0x33,0xff,0x99,
 0x33,0xff,0x99,0x33,0xff,0x99,0x33,0xff,
 0x99,0x33,0xff,0x99,0x00,0x00,0x00,0x66,
 0xff,0x99,0x66,0xff,0x99,0x66,0xff,0x99,
 0x66,0xff,0x99,0x66,0xff,0x99,0x66,0xff,
 0x99,0x66,0xff,0x99,0x66,0xff,0x99,0x66,
 0xff,0x99,0x00,0x00,0x00,0x99,0xff,0x99,
 0x99,0xff,0x99,0x99,0xff,0x99,0x99,0xff,
 0x99,0x99,0xff,0x99,0x99,0xff,0x99,0x99,
 0xff,0x99,0x99,0xff,0x99,0x99,0xff,0x99,
 0x00,0x00,0x00,0xcc,0xff,0x99,0xcc,0xff,
 0x99,0xcc,0xff,0x99,0xcc,0xff,0x99,0xcc,
 0xff,0x99,0xcc,0xff,0x99,0xcc,0xff,0x99,
 0xcc,0xff,0x99,0xcc,0xff,0x99,0x00,0x00,
 0x00,0xff,0xff,0x99,0xff,0xff,0x99,0xff,
 0xff,0x99,0xff,0xff,0x99,0xff,0xff,0x99,
 0xff,0xff,0x99,0xff,0xff,0x99,0xff,0xff,
 0x99,0xff,0xff,0x99,0x00,0x00,0x00,0xff,
 0xff,0x33,0xff,0xff,0x33,0xff,0xff,0x33,
 0xff,0xff,0x33,0xff,0xff,0x33,0xff,0xff,
 0x33,0xff,0xff,0x33,0xff,0xff,0x33,0xff,
 0xff,0x33,0x00,0x00,0x00,0xcc,0xff,0x33,
 0xcc,0xff,0x33,0xcc,0xff,0x33,0xcc,0xff,
 0x33,0xcc,0xff,0x33,0xcc,0xff,0x33,0xcc,
 0xff,0x33,0xcc,0xff,0x33,0xcc,0xff,0x33,
 0x00,0x00,0x00,0x99,0xff,0x33,0x99,0xff,
 0x33,0x99,0xff,0x33,0x99,0xff,0x33,0x99,
 0xff,0x33,0x99,0xff,0x33,0x99,0xff,0x33,
 0x99,0xff,0x33,0x99,0xff,0x33,0x00,0x00,
 0x00,0x66,0xff,0x33,0x66,0xff,0x33,0x66,
 0xff,0x33,0x66,0xff,0x33,0x66,0xff,0x33,
 0x66,0xff,0x33,0x66,0xff,0x33,0x66,0xff,
 0x33,0x66,0xff,0x33,0x00,0x00,0x00,0x33,
 0xff,0x33,0x33,0xff,0x33,0x33,0xff,0x33,
 0x33,0xff,0x33,0x33,0xff,0x33,0x33,0xff,
 0x33,0x33,0xff,0x33,0x33,0xff,0x33,0x33,
 0xff,0x33,0x00,0x00,0x00,0x00,0xff,0x33,
 0x00,0xff,0x33,0x00,0xff,0x33,0x00,0xff,
 0x33,0x00,0xff,0x33,0x00,0xff,0x33,0x00,
 0xff,0x33,0x00,0xff,0x33,0x00,0xff,0x33,
 0x00,0x00,0x00,0x00,0x00,0x00,0x00,0x00,
 0x00,0xff,0x00,0xff,0xff,0x00,0xff,0xff,
 0x00,0xff,0xff,0x00,0xff,0xff,0x00,0xff,
 0xff,0x00,0xff,0xff,0x00,0xff,0xff,0x00,
 0xff,0xff,0x00,0xff,0x00,0x00,0x00,0xff,
 0xff,0xff,0xff,0xff,0xff,0xff,0xff,0xff,
 0xff,0xff,0xff,0xff,0xff,0xff,0xff,0xff,
 0xff,0xff,0xff,0xff,0xff,0xff,0xff,0xff,
 0xff,0xff,0x00,0x00,0x00,0xcc,0xff,0xff,
 0xcc,0xff,0xff,0xcc,0xff,0xff,0xcc,0xff,
 0xff,0xcc,0xff,0xff,0xcc,0xff,0xff,0xcc,
 0xff,0xff,0xcc,0xff,0xff,0xcc,0xff,0xff,
 0x00,0x00,0x00,0x99,0xff,0xff,0x99,0xff,
 0xff,0x99,0xff,0xff,0x99,0xff,0xff,0x99,
 0xff,0xff,0x99,0xff,0xff,0x99,0xff,0xff,
 0x99,0xff,0xff,0x99,0xff,0xff,0x00,0x00,
 0x00,0x66,0xff,0xff,0x66,0xff,0xff,0x66,
 0xff,0xff,0x66,0xff,0xff,0x66,0xff,0xff,
 0x66,0xff,0xff,0x66,0xff,0xff,0x66,0xff,
 0xff,0x66,0xff,0xff,0x00,0x00,0x00,0x33,
 0xff,0xff,0x33,0xff,0xff,0x33,0xff,0xff,
 0x33,0xff,0xff,0x33,0xff,0xff,0x33,0xff,
 0xff,0x33,0xff,0xff,0x33,0xff,0xff,0x33,
 0xff,0xff,0x00,0x00,0x00,0x00,0xff,0xff,
 0x00,0xff,0xff,0x00,0xff,0xff,0x00,0xff,
 0xff,0x00,0xff,0xff,0x00,0xff,0xff,0x00,
 0xff,0xff,0x00,0xff,0xff,0x00,0xff,0xff,
 0x00,0x00,0x00,0x00,0xff,0x99,0x00,0xff,
 0x99,0x00,0xff,0x99,0x00,0xff,0x99,0x00,
 0xff,0x99,0x00,0xff,0x99,0x00,0xff,0x99,
 0x00,0xff,0x99,0x00,0xff,0x99,0x00,0x00,
 0x00,0x33,0xff,0x99,0x33,0xff,0x99,0x33,
 0xff,0x99,0x33,0xff,0x99,0x33,0xff,0x99,
 0x33,0xff,0x99,0x33,0xff,0x99,0x33,0xff,
 0x99,0x33,0xff,0x99,0x00,0x00,0x00,0x66,
 0xff,0x99,0x66,0xff,0x99,0x66,0xff,0x99,
 0x66,0xff,0x99,0x66,0xff,0x99,0x66,0xff,
 0x99,0x66,0xff,0x99,0x66,0xff,0x99,0x66,
 0xff,0x99,0x00,0x00,0x00,0x99,0xff,0x99,
 0x99,0xff,0x99,0x99,0xff,0x99,0x99,0xff,
 0x99,0x99,0xff,0x99,0x99,0xff,0x99,0x99,
 0xff,0x99,0x99,0xff,0x99,0x99,0xff,0x99,
 0x00,0x00,0x00,0xcc,0xff,0x99,0xcc,0xff,
 0x99,0xcc,0xff,0x99,0xcc,0xff,0x99,0xcc,
 0xff,0x99,0xcc,0xff,0x99,0xcc,0xff,0x99,
 0xcc,0xff,0x99,0xcc,0xff,0x99,0x00,0x00,
 0x00,0xff,0xff,0x99,0xff,0xff,0x99,0xff,
 0xff,0x99,0xff,0xff,0x99,0xff,0xff,0x99,
 0xff,0xff,0x99,0xff,0xff,0x99,0xff,0xff,
 0x99,0xff,0xff,0x99,0x00,0x00,0x00,0xff,
 0xff,0x33,0xff,0xff,0x33,0xff,0xff,0x33,
 0xff,0xff,0x33,0xff,0xff,0x33,0xff,0xff,
 0x33,0xff,0xff,0x33,0xff,0xff,0x33,0xff,
 0xff,0x33,0x00,0x00,0x00,0xcc,0xff,0x33,
 0xcc,0xff,0x33,0xcc,0xff,0x33,0xcc,0xff,
 0x33,0xcc,0xff,0x33,0xcc,0xff,0x33,0xcc,
 0xff,0x33,0xcc,0xff,0x33,0xcc,0xff,0x33,
 0x00,0x00,0x00,0x99,0xff,0x33,0x99,0xff,
 0x33,0x99,0xff,0x33,0x99,0xff,0x33,0x99,
 0xff,0x33,0x99,0xff,0x33,0x99,0xff,0x33,
 0x99,0xff,0x33,0x99,0xff,0x33,0x00,0x00,
 0x00,0x66,0xff,0x33,0x66,0xff,0x33,0x66,
 0xff,0x33,0x66,0xff,0x33,0x66,0xff,0x33,
 0x66,0xff,0x33,0x66,0xff,0x33,0x66,0xff,
 0x33,0x66,0xff,0x33,0x00,0x00,0x00,0x33,
 0xff,0x33,0x33,0xff,0x33,0x33,0xff,0x33,
 0x33,0xff,0x33,0x33,0xff,0x33,0x33,0xff,
 0x33,0x33,0xff,0x33,0x33,0xff,0x33,0x33,
 0xff,0x33,0x00,0x00,0x00,0x00,0xff,0x33,
 0x00,0xff,0x33,0x00,0xff,0x33,0x00,0xff,
 0x33,0x00,0xff,0x33,0x00,0xff,0x33,0x00,
 0xff,0x33,0x00,0xff,0x33,0x00,0xff,0x33,
 0x00,0x00,0x00,0x00,0x00,0x00,0x00,0x00,
 0x00,0xff,0x00,0xff,0xff,0x00,0xff,0xff,
 0x00,0xff,0xff,0x00,0xff,0xff,0x00,0xff,
 0xff,0x00,0xff,0xff,0x00,0xff,0xff,0x00,
 0xff,0xff,0x00,0xff,0x00,0x00,0x00,0xff,
 0xff,0xff,0xff,0xff,0xff,0xff,0xff,0xff,
 0xff,0xff,0xff,0xff,0xff,0xff,0xff,0xff,
 0xff,0xff,0xff,0xff,0xff,0xff,0xff,0xff,
 0xff,0xff,0x00,0x00,0x00,0xcc,0xff,0xff,
 0xcc,0xff,0xff,0xcc,0xff,0xff,0xcc,0xff,
 0xff,0xcc,0xff,0xff,0xcc,0xff,0xff,0xcc,
 0xff,0xff,0xcc,0xff,0xff,0xcc,0xff,0xff,
 0x00,0x00,0x00,0x99,0xff,0xff,0x99,0xff,
 0xff,0x99,0xff,0xff,0x99,0xff,0xff,0x99,
 0xff,0xff,0x99,0xff,0xff,0x99,0xff,0xff,
 0x99,0xff,0xff,0x99,0xff,0xff,0x00,0x00,
 0x00,0x66,0xff,0xff,0x66,0xff,0xff,0x66,
 0xff,0xff,0x66,0xff,0xff,0x66,0xff,0xff,
 0x66,0xff,0xff,0x66,0xff,0xff,0x66,0xff,
 0xff,0x66,0xff,0xff,0x00,0x00,0x00,0x33,
 0xff,0xff,0x33,0xff,0xff,0x33,0xff,0xff,
 0x33,0xff,0xff,0x33,0xff,0xff,0x33,0xff,
 0xff,0x33,0xff,0xff,0x33,0xff,0xff,0x33,
 0xff,0xff,0x00,0x00,0x00,0x00,0xff,0xff,
 0x00,0xff,0xff,0x00,0xff,0xff,0x00,0xff,
 0xff,0x00,0xff,0xff,0x00,0xff,0xff,0x00,
 0xff,0xff,0x00,0xff,0xff,0x00,0xff,0xff,
 0x00,0x00,0x00,0x00,0xff,0x99,0x00,0xff,
 0x99,0x00,0xff,0x99,0x00,0xff,0x99,0x00,
 0xff,0x99,0x00,0xff,0x99,0x00,0xff,0x99,
 0x00,0xff,0x99,0x00,0xff,0x99,0x00,0x00,
 0x00,0x33,0xff,0x99,0x33,0xff,0x99,0x33,
 0xff,0x99,0x33,0xff,0x99,0x33,0xff,0x99,
 0x33,0xff,0x99,0x33,0xff,0x99,0x33,0xff,
 0x99,0x33,0xff,0x99,0x00,0x00,0x00,0x66,
 0xff,0x99,0x66,0xff,0x99,0x66,0xff,0x99,
 0x66,0xff,0x99,0x66,0xff,0x99,0x66,0xff,
 0x99,0x66,0xff,0x99,0x66,0xff,0x99,0x66,
 0xff,0x99,0x00,0x00,0x00,0x99,0xff,0x99,
 0x99,0xff,0x99,0x99,0xff,0x99,0x99,0xff,
 0x99,0x99,0xff,0x99,0x99,0xff,0x99,0x99,
 0xff,0x99,0x99,0xff,0x99,0x99,0xff,0x99,
 0x00,0x00,0x00,0xcc,0xff,0x99,0xcc,0xff,
 0x99,0xcc,0xff,0x99,0xcc,0xff,0x99,0xcc,
 0xff,0x99,0xcc,0xff,0x99,0xcc,0xff,0x99,
 0xcc,0xff,0x99,0xcc,0xff,0x99,0x00,0x00,
 0x00,0xff,0xff,0x99,0xff,0xff,0x99,0xff,
 0xff,0x99,0xff,0xff,0x99,0xff,0xff,0x99,
 0xff,0xff,0x99,0xff,0xff,0x99,0xff,0xff,
 0x99,0xff,0xff,0x99,0x00,0x00,0x00,0xff,
 0xff,0x33,0xff,0xff,0x33,0xff,0xff,0x33,
 0xff,0xff,0x33,0xff,0xff,0x33,0xff,0xff,
 0x33,0xff,0xff,0x33,0xff,0xff,0x33,0xff,
 0xff,0x33,0x00,0x00,0x00,0xcc,0xff,0x33,
 0xcc,0xff,0x33,0xcc,0xff,0x33,0xcc,0xff,
 0x33,0xcc,0xff,0x33,0xcc,0xff,0x33,0xcc,
 0xff,0x33,0xcc,0xff,0x33,0xcc,0xff,0x33,
 0x00,0x00,0x00,0x99,0xff,0x33,0x99,0xff,
 0x33,0x99,0xff,0x33,0x99,0xff,0x33,0x99,
 0xff,0x33,0x99,0xff,0x33,0x99,0xff,0x33,
 0x99,0xff,0x33,0x99,0xff,0x33,0x00,0x00,
 0x00,0x66,0xff,0x33,0x66,0xff,0x33,0x66,
 0xff,0x33,0x66,0xff,0x33,0x66,0xff,0x33,
 0x66,0xff,0x33,0x66,0xff,0x33,0x66,0xff,
 0x33,0x66,0xff,0x33,0x00,0x00,0x00,0x33,
 0xff,0x33,0x33,0xff,0x33,0x33,0xff,0x33,
 0x33,0xff,0x33,0x33,0xff,0x33,0x33,0xff,
 0x33,0x33,0xff,0x33,0x33,0xff,0x33,0x33,
 0xff,0x33,0x00,0x00,0x00,0x00,0xff,0x33,
 0x00,0xff,0x33,0x00,0xff,0x33,0x00,0xff,
 0x33,0x00,0xff,0x33,0x00,0xff,0x33,0x00,
 0xff,0x33,0x00,0xff,0x33,0x00,0xff,0x33,
 0x00,0x00,0x00,0x00,0x00,0x00,0x00,0x00,
 0x00,0xff,0x00,0xff,0xff,0x00,0xff,0xff,
 0x00,0xff,0xff,0x00,0xff,0xff,0x00,0xff,
 0xff,0x00,0xff,0xff,0x00,0xff,0xff,0x00,
 0xff,0xff,0x00,0xff,0x00,0x00,0x00,0xff,
 0xff,0xff,0xff,0xff,0xff,0xff,0xff,0xff,
 0xff,0xff,0xff,0xff,0xff,0xff,0xff,0xff,
 0xff,0xff,0xff,0xff,0xff,0xff,0xff,0xff,
 0xff,0xff,0x00,0x00,0x00,0xcc,0xff,0xff,
 0xcc,0xff,0xff,0xcc,0xff,0xff,0xcc,0xff,
 0xff,0xcc,0xff,0xff,0xcc,0xff,0xff,0xcc,
 0xff,0xff,0xcc,0xff,0xff,0xcc,0xff,0xff,
 0x00,0x00,0x00,0x99,0xff,0xff,0x99,0xff,
 0xff,0x99,0xff,0xff,0x99,0xff,0xff,0x99,
 0xff,0xff,0x99,0xff,0xff,0x99,0xff,0xff,
 0x99,0xff,0xff,0x99,0xff,0xff,0x00,0x00,
 0x00,0x66,0xff,0xff,0x66,0xff,0xff,0x66,
 0xff,0xff,0x66,0xff,0xff,0x66,0xff,0xff,
 0x66,0xff,0xff,0x66,0xff,0xff,0x66,0xff,
 0xff,0x66,0xff,0xff,0x00,0x00,0x00,0x33,
 0xff,0xff,0x33,0xff,0xff,0x33,0xff,0xff,
 0x33,0xff,0xff,0x33,0xff,0xff,0x33,0xff,
 0xff,0x33,0xff,0xff,0x33,0xff,0xff,0x33,
 0xff,0xff,0x00,0x00,0x00,0x00,0xff,0xff,
 0x00,0xff,0xff,0x00,0xff,0xff,0x00,0xff,
 0xff,0x00,0xff,0xff,0x00,0xff,0xff,0x00,
 0xff,0xff,0x00,0xff,0xff,0x00,0xff,0xff,
 0x00,0x00,0x00,0x00,0xff,0x99,0x00,0xff,
 0x99,0x00,0xff,0x99,0x00,0xff,0x99,0x00,
 0xff,0x99,0x00,0xff,0x99,0x00,0xff,0x99,
 0x00,0xff,0x99,0x00,0xff,0x99,0x00,0x00,
 0x00,0x33,0xff,0x99,0x33,0xff,0x99,0x33,
 0xff,0x99,0x33,0xff,0x99,0x33,0xff,0x99,
 0x33,0xff,0x99,0x33,0xff,0x99,0x33,0xff,
 0x99,0x33,0xff,0x99,0x00,0x00,0x00,0x66,
 0xff,0x99,0x66,0xff,0x99,0x66,0xff,0x99,
 0x66,0xff,0x99,0x66,0xff,0x99,0x66,0xff,
 0x99,0x66,0xff,0x99,0x66,0xff,0x99,0x66,
 0xff,0x99,0x00,0x00,0x00,0x99,0xff,0x99,
 0x99,0xff,0x99,0x99,0xff,0x99,0x99,0xff,
 0x99,0x99,0xff,0x99,0x99,0xff,0x99,0x99,
 0xff,0x99,0x99,0xff,0x99,0x99,0xff,0x99,
 0x00,0x00,0x00,0xcc,0xff,0x99,0xcc,0xff,
 0x99,0xcc,0xff,0x99,0xcc,0xff,0x99,0xcc,
 0xff,0x99,0xcc,0xff,0x99,0xcc,0xff,0x99,
 0xcc,0xff,0x99,0xcc,0xff,0x99,0x00,0x00,
 0x00,0xff,0xff,0x99,0xff,0xff,0x99,0xff,
 0xff,0x99,0xff,0xff,0x99,0xff,0xff,0x99,
 0xff,0xff,0x99,0xff,0xff,0x99,0xff,0xff,
 0x99,0xff,0xff,0x99,0x00,0x00,0x00,0xff,
 0xff,0x33,0xff,0xff,0x33,0xff,0xff,0x33,
 0xff,0xff,0x33,0xff,0xff,0x33,0xff,0xff,
 0x33,0xff,0xff,0x33,0xff,0xff,0x33,0xff,
 0xff,0x33,0x00,0x00,0x00,0xcc,0xff,0x33,
 0xcc,0xff,0x33,0xcc,0xff,0x33,0xcc,0xff,
 0x33,0xcc,0xff,0x33,0xcc,0xff,0x33,0xcc,
 0xff,0x33,0xcc,0xff,0x33,0xcc,0xff,0x33,
 0x00,0x00,0x00,0x99,0xff,0x33,0x99,0xff,
 0x33,0x99,0xff,0x33,0x99,0xff,0x33,0x99,
 0xff,0x33,0x99,0xff,0x33,0x99,0xff,0x33,
 0x99,0xff,0x33,0x99,0xff,0x33,0x00,0x00,
 0x00,0x66,0xff,0x33,0x66,0xff,0x33,0x66,
 0xff,0x33,0x66,0xff,0x33,0x66,0xff,0x33,
 0x66,0xff,0x33,0x66,0xff,0x33,0x66,0xff,
 0x33,0x66,0xff,0x33,0x00,0x00,0x00,0x33,
 0xff,0x33,0x33,0xff,0x33,0x33,0xff,0x33,
 0x33,0xff,0x33,0x33,0xff,0x33,0x33,0xff,
 0x33,0x33,0xff,0x33,0x33,0xff,0x33,0x33,
 0xff,0x33,0x00,0x00,0x00,0x00,0xff,0x33,
 0x00,0xff,0x33,0x00,0xff,0x33,0x00,0xff,
 0x33,0x00,0xff,0x33,0x00,0xff,0x33,0x00,
 0xff,0x33,0x00,0xff,0x33,0x00,0xff,0x33,
 0x00,0x00,0x00,0x00,0x00,0x00,0x00,0x00,
 0x00,0xff,0x00,0xff,0xff,0x00,0xff,0xff,
 0x00,0xff,0xff,0x00,0xff,0xff,0x00,0xff,
 0xff,0x00,0xff,0xff,0x00,0xff,0xff,0x00,
 0xff,0xff,0x00,0xff,0x00,0x00,0x00,0xff,
 0xff,0xff,0xff,0xff,0xff,0xff,0xff,0xff,
 0xff,0xff,0xff,0xff,0xff,0xff,0xff,0xff,
 0xff,0xff,0xff,0xff,0xff,0xff,0xff,0xff,
 0xff,0xff,0x00,0x00,0x00,0xcc,0xff,0xff,
 0xcc,0xff,0xff,0xcc,0xff,0xff,0xcc,0xff,
 0xff,0xcc,0xff,0xff,0xcc,0xff,0xff,0xcc,
 0xff,0xff,0xcc,0xff,0xff,0xcc,0xff,0xff,
 0x00,0x00,0x00,0x99,0xff,0xff,0x99,0xff,
 0xff,0x99,0xff,0xff,0x99,0xff,0xff,0x99,
 0xff,0xff,0x99,0xff,0xff,0x99,0xff,0xff,
 0x99,0xff,0xff,0x99,0xff,0xff,0x00,0x00,
 0x00,0x66,0xff,0xff,0x66,0xff,0xff,0x66,
 0xff,0xff,0x66,0xff,0xff,0x66,0xff,0xff,
 0x66,0xff,0xff,0x66,0xff,0xff,0x66,0xff,
 0xff,0x66,0xff,0xff,0x00,0x00,0x00,0x33,
 0xff,0xff,0x33,0xff,0xff,0x33,0xff,0xff,
 0x33,0xff,0xff,0x33,0xff,0xff,0x33,0xff,
 0xff,0x33,0xff,0xff,0x33,0xff,0xff,0x33,
 0xff,0xff,0x00,0x00,0x00,0x00,0xff,0xff,
 0x00,0xff,0xff,0x00,0xff,0xff,0x00,0xff,
 0xff,0x00,0xff,0xff,0x00,0xff,0xff,0x00,
 0xff,0xff,0x00,0xff,0xff,0x00,0xff,0xff,
 0x00,0x00,0x00,0x00,0xff,0x99,0x00,0xff,
 0x99,0x00,0xff,0x99,0x00,0xff,0x99,0x00,
 0xff,0x99,0x00,0xff,0x99,0x00,0xff,0x99,
 0x00,0xff,0x99,0x00,0xff,0x99,0x00,0x00,
 0x00,0x33,0xff,0x99,0x33,0xff,0x99,0x33,
 0xff,0x99,0x33,0xff,0x99,0x33,0xff,0x99,
 0x33,0xff,0x99,0x33,0xff,0x99,0x33,0xff,
 0x99,0x33,0xff,0x99,0x00,0x00,0x00,0x66,
 0xff,0x99,0x66,0xff,0x99,0x66,0xff,0x99,
 0x66,0xff,0x99,0x66,0xff,0x99,0x66,0xff,
 0x99,0x66,0xff,0x99,0x66,0xff,0x99,0x66,
 0xff,0x99,0x00,0x00,0x00,0x99,0xff,0x99,
 0x99,0xff,0x99,0x99,0xff,0x99,0x99,0xff,
 0x99,0x99,0xff,0x99,0x99,0xff,0x99,0x99,
 0xff,0x99,0x99,0xff,0x99,0x99,0xff,0x99,
 0x00,0x00,0x00,0xcc,0xff,0x99,0xcc,0xff,
 0x99,0xcc,0xff,0x99,0xcc,0xff,0x99,0xcc,
 0xff,0x99,0xcc,0xff,0x99,0xcc,0xff,0x99,
 0xcc,0xff,0x99,0xcc,0xff,0x99,0x00,0x00,
 0x00,0xff,0xff,0x99,0xff,0xff,0x99,0xff,
 0xff,0x99,0xff,0xff,0x99,0xff,0xff,0x99,
 0xff,0xff,0x99,0xff,0xff,0x99,0xff,0xff,
 0x99,0xff,0xff,0x99,0x00,0x00,0x00,0xff,
 0xff,0x33,0xff,0xff,0x33,0xff,0xff,0x33,
 0xff,0xff,0x33,0xff,0xff,0x33,0xff,0xff,
 0x33,0xff,0xff,0x33,0xff,0xff,0x33,0xff,
 0xff,0x33,0x00,0x00,0x00,0xcc,0xff,0x33,
 0xcc,0xff,0x33,0xcc,0xff,0x33,0xcc,0xff,
 0x33,0xcc,0xff,0x33,0xcc,0xff,0x33,0xcc,
 0xff,0x33,0xcc,0xff,0x33,0xcc,0xff,0x33,
 0x00,0x00,0x00,0x99,0xff,0x33,0x99,0xff,
 0x33,0x99,0xff,0x33,0x99,0xff,0x33,0x99,
 0xff,0x33,0x99,0xff,0x33,0x99,0xff,0x33,
 0x99,0xff,0x33,0x99,0xff,0x33,0x00,0x00,
 0x00,0x66,0xff,0x33,0x66,0xff,0x33,0x66,
 0xff,0x33,0x66,0xff,0x33,0x66,0xff,0x33,
 0x66,0xff,0x33,0x66,0xff,0x33,0x66,0xff,
 0x33,0x66,0xff,0x33,0x00,0x00,0x00,0x33,
 0xff,0x33,0x33,0xff,0x33,0x33,0xff,0x33,
 0x33,0xff,0x33,0x33,0xff,0x33,0x33,0xff,
 0x33,0x33,0xff,0x33,0x33,0xff,0x33,0x33,
 0xff,0x33,0x00,0x00,0x00,0x00,0xff,0x33,
 0x00,0xff,0x33,0x00,0xff,0x33,0x00,0xff,
 0x33,0x00,0xff,0x33,0x00,0xff,0x33,0x00,
 0xff,0x33,0x00,0xff,0x33,0x00,0xff,0x33,
 0x00,0x00,0x00,0x00,0x00,0x00,0x00,0x00,
 0x00,0xff,0x00,0xff,0xff,0x00,0xff,0xff,
 0x00,0xff,0xff,0x00,0xff,0xff,0x00,0xff,
 0xff,0x00,0xff,0xff,0x00,0xff,0xff,0x00,
 0xff,0xff,0x00,0xff,0x00,0x00,0x00,0xff,
 0xff,0xff,0xff,0xff,0xff,0xff,0xff,0xff,
 0xff,0xff,0xff,0xff,0xff,0xff,0xff,0xff,
 0xff,0xff,0xff,0xff,0xff,0xff,0xff,0xff,
 0xff,0xff,0x00,0x00,0x00,0xcc,0xff,0xff,
 0xcc,0xff,0xff,0xcc,0xff,0xff,0xcc,0xff,
 0xff,0xcc,0xff,0xff,0xcc,0xff,0xff,0xcc,
 0xff,0xff,0xcc,0xff,0xff,0xcc,0xff,0xff,
 0x00,0x00,0x00,0x99,0xff,0xff,0x99,0xff,
 0xff,0x99,0xff,0xff,0x99,0xff,0xff,0x99,
 0xff,0xff,0x99,0xff,0xff,0x99,0xff,0xff,
 0x99,0xff,0xff,0x99,0xff,0xff,0x00,0x00,
 0x00,0x66,0xff,0xff,0x66,0xff,0xff,0x66,
 0xff,0xff,0x66,0xff,0xff,0x66,0xff,0xff,
 0x66,0xff,0xff,0x66,0xff,0xff,0x66,0xff,
 0xff,0x66,0xff,0xff,0x00,0x00,0x00,0x33,
 0xff,0xff,0x33,0xff,0xff,0x33,0xff,0xff,
 0x33,0xff,0xff,0x33,0xff,0xff,0x33,0xff,
 0xff,0x33,0xff,0xff,0x33,0xff,0xff,0x33,
 0xff,0xff,0x00,0x00,0x00,0x00,0xff,0xff,
 0x00,0xff,0xff,0x00,0xff,0xff,0x00,0xff,
 0xff,0x00,0xff,0xff,0x00,0xff,0xff,0x00,
 0xff,0xff,0x00,0xff,0xff,0x00,0xff,0xff,
 0x00,0x00,0x00,0x00,0xff,0x99,0x00,0xff,
 0x99,0x00,0xff,0x99,0x00,0xff,0x99,0x00,
 0xff,0x99,0x00,0xff,0x99,0x00,0xff,0x99,
 0x00,0xff,0x99,0x00,0xff,0x99,0x00,0x00,
 0x00,0x33,0xff,0x99,0x33,0xff,0x99,0x33,
 0xff,0x99,0x33,0xff,0x99,0x33,0xff,0x99,
 0x33,0xff,0x99,0x33,0xff,0x99,0x33,0xff,
 0x99,0x33,0xff,0x99,0x00,0x00,0x00,0x66,
 0xff,0x99,0x66,0xff,0x99,0x66,0xff,0x99,
 0x66,0xff,0x99,0x66,0xff,0x99,0x66,0xff,
 0x99,0x66,0xff,0x99,0x66,0xff,0x99,0x66,
 0xff,0x99,0x00,0x00,0x00,0x99,0xff,0x99,
 0x99,0xff,0x99,0x99,0xff,0x99,0x99,0xff,
 0x99,0x99,0xff,0x99,0x99,0xff,0x99,0x99,
 0xff,0x99,0x99,0xff,0x99,0x99,0xff,0x99,
 0x00,0x00,0x00,0xcc,0xff,0x99,0xcc,0xff,
 0x99,0xcc,0xff,0x99,0xcc,0xff,0x99,0xcc,
 0xff,0x99,0xcc,0xff,0x99,0xcc,0xff,0x99,
 0xcc,0xff,0x99,0xcc,0xff,0x99,0x00,0x00,
 0x00,0xff,0xff,0x99,0xff,0xff,0x99,0xff,
 0xff,0x99,0xff,0xff,0x99,0xff,0xff,0x99,
 0xff,0xff,0x99,0xff,0xff,0x99,0xff,0xff,
 0x99,0xff,0xff,0x99,0x00,0x00,0x00,0xff,
 0xff,0x33,0xff,0xff,0x33,0xff,0xff,0x33,
 0xff,0xff,0x33,0xff,0xff,0x33,0xff,0xff,
 0x33,0xff,0xff,0x33,0xff,0xff,0x33,0xff,
 0xff,0x33,0x00,0x00,0x00,0xcc,0xff,0x33,
 0xcc,0xff,0x33,0xcc,0xff,0x33,0xcc,0xff,
 0x33,0xcc,0xff,0x33,0xcc,0xff,0x33,0xcc,
 0xff,0x33,0xcc,0xff,0x33,0xcc,0xff,0x33,
 0x00,0x00,0x00,0x99,0xff,0x33,0x99,0xff,
 0x33,0x99,0xff,0x33,0x99,0xff,0x33,0x99,
 0xff,0x33,0x99,0xff,0x33,0x99,0xff,0x33,
 0x99,0xff,0x33,0x99,0xff,0x33,0x00,0x00,
 0x00,0x66,0xff,0x33,0x66,0xff,0x33,0x66,
 0xff,0x33,0x66,0xff,0x33,0x66,0xff,0x33,
 0x66,0xff,0x33,0x66,0xff,0x33,0x66,0xff,
 0x33,0x66,0xff,0x33,0x00,0x00,0x00,0x33,
 0xff,0x33,0x33,0xff,0x33,0x33,0xff,0x33,
 0x33,0xff,0x33,0x33,0xff,0x33,0x33,0xff,
 0x33,0x33,0xff,0x33,0x33,0xff,0x33,0x33,
 0xff,0x33,0x00,0x00,0x00,0x00,0xff,0x33,
 0x00,0xff,0x33,0x00,0xff,0x33,0x00,0xff,
 0x33,0x00,0xff,0x33,0x00,0xff,0x33,0x00,
 0xff,0x33,0x00,0xff,0x33,0x00,0xff,0x33,
 0x00,0x00,0x00,0x00,0x00,0x00,0x00,0x00,
 0x00,0xff,0x00,0xff,0xff,0x00,0xff,0xff,
 0x00,0xff,0xff,0x00,0xff,0xff,0x00,0xff,
 0xff,0x00,0xff,0xff,0x00,0xff,0xff,0x00,
 0xff,0xff,0x00,0xff,0x00,0x00,0x00,0xff,
 0xff,0xff,0xff,0xff,0xff,0xff,0xff,0xff,
 0xff,0xff,0xff,0xff,0xff,0xff,0xff,0xff,
 0xff,0xff,0xff,0xff,0xff,0xff,0xff,0xff,
 0xff,0xff,0x00,0x00,0x00,0xcc,0xff,0xff,
 0xcc,0xff,0xff,0xcc,0xff,0xff,0xcc,0xff,
 0xff,0xcc,0xff,0xff,0xcc,0xff,0xff,0xcc,
 0xff,0xff,0xcc,0xff,0xff,0xcc,0xff,0xff,
 0x00,0x00,0x00,0x99,0xff,0xff,0x99,0xff,
 0xff,0x99,0xff,0xff,0x99,0xff,0xff,0x99,
 0xff,0xff,0x99,0xff,0xff,0x99,0xff,0xff,
 0x99,0xff,0xff,0x99,0xff,0xff,0x00,0x00,
 0x00,0x66,0xff,0xff,0x66,0xff,0xff,0x66,
 0xff,0xff,0x66,0xff,0xff,0x66,0xff,0xff,
 0x66,0xff,0xff,0x66,0xff,0xff,0x66,0xff,
 0xff,0x66,0xff,0xff,0x00,0x00,0x00,0x33,
 0xff,0xff,0x33,0xff,0xff,0x33,0xff,0xff,
 0x33,0xff,0xff,0x33,0xff,0xff,0x33,0xff,
 0xff,0x33,0xff,0xff,0x33,0xff,0xff,0x33,
 0xff,0xff,0x00,0x00,0x00,0x00,0xff,0xff,
 0x00,0xff,0xff,0x00,0xff,0xff,0x00,0xff,
 0xff,0x00,0xff,0xff,0x00,0xff,0xff,0x00,
 0xff,0xff,0x00,0xff,0xff,0x00,0xff,0xff,
 0x00,0x00,0x00,0x00,0xff,0x99,0x00,0xff,
 0x99,0x00,0xff,0x99,0x00,0xff,0x99,0x00,
 0xff,0x99,0x00,0xff,0x99,0x00,0xff,0x99,
 0x00,0xff,0x99,0x00,0xff,0x99,0x00,0x00,
 0x00,0x33,0xff,0x99,0x33,0xff,0x99,0x33,
 0xff,0x99,0x33,0xff,0x99,0x33,0xff,0x99,
 0x33,0xff,0x99,0x33,0xff,0x99,0x33,0xff,
 0x99,0x33,0xff,0x99,0x00,0x00,0x00,0x66,
 0xff,0x99,0x66,0xff,0x99,0x66,0xff,0x99,
 0x66,0xff,0x99,0x66,0xff,0x99,0x66,0xff,
 0x99,0x66,0xff,0x99,0x66,0xff,0x99,0x66,
 0xff,0x99,0x00,0x00,0x00,0x99,0xff,0x99,
 0x99,0xff,0x99,0x99,0xff,0x99,0x99,0xff,
 0x99,0x99,0xff,0x99,0x99,0xff,0x99,0x99,
 0xff,0x99,0x99,0xff,0x99,0x99,0xff,0x99,
 0x00,0x00,0x00,0xcc,0xff,0x99,0xcc,0xff,
 0x99,0xcc,0xff,0x99,0xcc,0xff,0x99,0xcc,
 0xff,0x99,0xcc,0xff,0x99,0xcc,0xff,0x99,
 0xcc,0xff,0x99,0xcc,0xff,0x99,0x00,0x00,
 0x00,0xff,0xff,0x99,0xff,0xff,0x99,0xff,
 0xff,0x99,0xff,0xff,0x99,0xff,0xff,0x99,
 0xff,0xff,0x99,0xff,0xff,0x99,0xff,0xff,
 0x99,0xff,0xff,0x99,0x00,0x00,0x00,0xff,
 0xff,0x33,0xff,0xff,0x33,0xff,0xff,0x33,
 0xff,0xff,0x33,0xff,0xff,0x33,0xff,0xff,
 0x33,0xff,0xff,0x33,0xff,0xff,0x33,0xff,
 0xff,0x33,0x00,0x00,0x00,0xcc,0xff,0x33,
 0xcc,0xff,0x33,0xcc,0xff,0x33,0xcc,0xff,
 0x33,0xcc,0xff,0x33,0xcc,0xff,0x33,0xcc,
 0xff,0x33,0xcc,0xff,0x33,0xcc,0xff,0x33,
 0x00,0x00,0x00,0x99,0xff,0x33,0x99,0xff,
 0x33,0x99,0xff,0x33,0x99,0xff,0x33,0x99,
 0xff,0x33,0x99,0xff,0x33,0x99,0xff,0x33,
 0x99,0xff,0x33,0x99,0xff,0x33,0x00,0x00,
 0x00,0x66,0xff,0x33,0x66,0xff,0x33,0x66,
 0xff,0x33,0x66,0xff,0x33,0x66,0xff,0x33,
 0x66,0xff,0x33,0x66,0xff,0x33,0x66,0xff,
 0x33,0x66,0xff,0x33,0x00,0x00,0x00,0x33,
 0xff,0x33,0x33,0xff,0x33,0x33,0xff,0x33,
 0x33,0xff,0x33,0x33,0xff,0x33,0x33,0xff,
 0x33,0x33,0xff,0x33,0x33,0xff,0x33,0x33,
 0xff,0x33,0x00,0x00,0x00,0x00,0xff,0x33,
 0x00,0xff,0x33,0x00,0xff,0x33,0x00,0xff,
 0x33,0x00,0xff,0x33,0x00,0xff,0x33,0x00,
 0xff,0x33,0x00,0xff,0x33,0x00,0xff,0x33,
 0x00,0x00,0x00,0x00,0x00,0x00,0x00,0x00,
 0x00,0x00,0x00,0x00,0x00,0x00,0x00,0x00,
 0x00,0x00,0x00,0x00,0x00,0x00,0x00,0x00,
 0x00,0x00,0x00,0x00,0x00,0x00,0x00,0x00,
 0x00,0x00,0x00,0x00,0x00,0x00,0x00,0x00,
 0x00,0x00,0x00,0x00,0x00,0x00,0x00,0x00,
 0x00,0x00,0x00,0x00,0x00,0x00,0x00,0x00,
 0x00,0x00,0x00,0x00,0x00,0x00,0x00,0x00,
 0x00,0x00,0x00,0x00,0x00,0x00,0x00,0x00,
 0x00,0x00,0x00,0x00,0x00,0x00,0x00,0x00,
 0x00,0x00,0x00,0x00,0x00,0x00,0x00,0x00,
 0x00,0x00,0x00,0x00,0x00,0x00,0x00,0x00,
 0x00,0x00,0x00,0x00,0x00,0x00,0x00,0x00,
 0x00,0x00,0x00,0x00,0x00,0x00,0x00,0x00,
 0x00,0x00,0x00,0x00,0x00,0x00,0x00,0x00,
 0x00,0x00,0x00,0x00,0x00,0x00,0x00,0x00,
 0x00,0x00,0x00,0x00,0x00,0x00,0x00,0x00,
 0x00,0x00,0x00,0x00,0x00,0x00,0x00,0x00,
 0x00,0x00,0x00,0x00,0x00,0x00,0x00,0x00,
 0x00,0x00,0x00,0x00,0x00,0x00,0x00,0x00,
 0x00,0x00,0x00,0x00,0x00,0x00,0x00,0x00,
 0x00,0x00,0x00,0x00,0x00,0x00,0x00,0x00,
 0x00,0x00,0x00,0x00,0x00,0x00,0x00,0x00,
 0x00,0x00,0x00,0x00,0x00,0x00,0x00,0x00,
 0x00,0x00,0x00,0x00,0x00,0x00,0x00,0x00,
 0x00,0x00,0x00,0x00,0x00,0x00,0x00,0x00,
 0x00,0x00,0x00,0x00,0x00,0x00,0x00,0x00,
 0x00,0x00,0x00,0x00,0x00,0x00,0x00,0x00,
 0x00,0x00,0x00,0x00,0x00,0x00,0x00,0x00,
 0x00,0x00,0x00,0x00,0x00,0x00,0x00,0x00,
 0x00,0x00,0x00,0x00,0x00,0x00,0x00,0x00,
 0x00,0x00,0x00,0x00,0x00,0x00,0x00,0x00,
 0x00,0x00,0x00,0x00,0x00,0x00,0x00,0x00,
 0x00,0x00,0x00,0x00,0x00,0x00,0x00,0x00,
 0x00,0x00,0x00,0x00,0x00,0x00,0x00,0x00,
 0x00,0x00,0x00,0x00,0x00,0x00,0x00,0x00,
 0x00,0x00,0x00,0x00,0x00,0x00,0x00,0x00,
 0x00,0x00,0x00,0x00,0x00,0x00,0x00,0x00,
 0x00,0x00,0x00,0x00,0x00,0x00,0x00,0x00,
 0x00,0x00,0x00,0x00,0x00,0x00,0x00,0x00,
 0x00,0x00,0x00,0x00,0x00,0x00,0x00,0x00,
 0x00,0x00,0x00,0x00,0x00,0x00,0x00,0x00,
 0x00,0x00,0x00,0x00,0x00,0x00,0x00,0x00,
 0x00,0x00,0x00,0x00,0x00,0x00,0x00,0x00,
 0x00,0x00,0x00,0x00,0x00,0x00,0x00,0x00,
 0x00,0x00,0x00,0x00,0x00,0x00,0x00,0x00,
 0x00,0x00,0x00,0x00,0x00,0x00,0x00,0x00,
 0x00,0x00,0x00,0x00,0x00,0x00,0x00,0x00,
 0x00,0x00,0x00,0x00,0x00,0x00,0x00,0x00,
 0x00,0x00,0x00,0x00,0x00,0x00,0x00,0x00,
 0x00,0x00,0x00,0x00,0x00,0x00,0x00,0x00,
 0x00,0x00,0x00,0x00,0x00,0x00,0x00,0x00,
 0x00,0x00,0x00,0x00,0x00,0x00,0x00,0x00,
 0x00,0x00,0x00,0x00,0x00,0x00,0x00,0x00,
 0x00,0x00,0x00,0x00,0x00,0x00,0x00,0x00,
 0x00,0x00,0x00,0x00,0x00,0x00,0x00,0x00,
 0x00,0x00,0x00,0x00,0x00,0x00,0x00,0x00,
 0x00,0x00,0x00,0x00,0x00,0x00,0x00,0x00,
 0x00,0x00,0x00,0x00,0x00,0x00,0x00,0x00,
 0x00,0x00,0x00,0x00,0x00,0x00,0x00,0x00,
 0x00,0x00,0x00,0x00,0x00,0x00,0x00,0x00,
 0x00,0x00,0x00,0x00,0x00,0x00,0x00,0x00,
 0x00,0x00,0x00,0x00,0x00,0x00,0x00,0x00,
 0x00,0x00,0x00,0x00,0x00,0x00,0x00,0x00,
 0x00,0x00,0x00,0x00,0x00,0x00,0x00,0x00,
 0x00,0x00,0x00,0x00,0x00,0x00,0x00,0x00,
 0x00,0x00,0x00,0x00,0x00,0x00,0x00,0x00,
 0x00,0x00,0x00,0x00,0x00,0x00,0x00,0x00,
 0x00,0x00,0x00,0x00,0x00,0x00,0x00,0x00,
 0x00,0x00,0x00,0x00,0x00,0x00,0x00,0x00,
 0x00,0x00,0x00,0x00,0x00,0x00,0x00,0x00,
 0x00,0x00,0x00,0x00,0x00,0x00,0x00,0x00,
 0x00,0x00,0x00,0x00,0x00,0x00,0x00,0x00,
 0x00,0xff,0xff,0x00,0xff,0xff,0x00,0xff,
 0xff,0x00,0xff,0xff,0x00,0xff,0xff,0x00,
 0xff,0xff,0x00,0xff,0xff,0x00,0xff,0xff,
 0x00,0xff,0xff,0x00,0x00,0x00,0x00,0xff,
 0xcc,0xff,0xff,0xcc,0xff,0xff,0xcc,0xff,
 0xff,0xcc,0xff,0xff,0xcc,0xff,0xff,0xcc,
 0xff,0xff,0xcc,0xff,0xff,0xcc,0xff,0xff,
 0xcc,0xff,0x00,0x00,0x00,0xcc,0xcc,0xff,
 0xcc,0xcc,0xff,0xcc,0xcc,0xff,0xcc,0xcc,
 0xff,0xcc,0xcc,0xff,0xcc,0xcc,0xff,0xcc,
 0xcc,0xff,0xcc,0xcc,0xff,0xcc,0xcc,0xff,
 0x00,0x00,0x00,0x99,0xcc,0xff,0x99,0xcc,
 0xff,0x99,0xcc,0xff,0x99,0xcc,0xff,0x99,
 0xcc,0xff,0x99,0xcc,0xff,0x99,0xcc,0xff,
 0x99,0xcc,0xff,0x99,0xcc,0xff,0x00,0x00,
 0x00,0x66,0xcc,0xff,0x66,0xcc,0xff,0x66,
 0xcc,0xff,0x66,0xcc,0xff,0x66,0xcc,0xff,
 0x66,0xcc,0xff,0x66,0xcc,0xff,0x66,0xcc,
 0xff,0x66,0xcc,0xff,0x00,0x00,0x00,0x33,
 0xcc,0xff,0x33,0xcc,0xff,0x33,0xcc,0xff,
 0x33,0xcc,0xff,0x33,0xcc,0xff,0x33,0xcc,
 0xff,0x33,0xcc,0xff,0x33,0xcc,0xff,0x33,
 0xcc,0xff,0x00,0x00,0x00,0x00,0xcc,0xff,
 0x00,0xcc,0xff,0x00,0xcc,0xff,0x00,0xcc,
 0xff,0x00,0xcc,0xff,0x00,0xcc,0xff,0x00,
 0xcc,0xff,0x00,0xcc,0xff,0x00,0xcc,0xff,
 0x00,0x00,0x00,0x00,0xcc,0x99,0x00,0xcc,
 0x99,0x00,0xcc,0x99,0x00,0xcc,0x99,0x00,
 0xcc,0x99,0x00,0xcc,0x99,0x00,0xcc,0x99,
 0x00,0xcc,0x99,0x00,0xcc,0x99,0x00,0x00,
 0x00,0x33,0xcc,0x99,0x33,0xcc,0x99,0x33,
 0xcc,0x99,0x33,0xcc,0x99,0x33,0xcc,0x99,
 0x33,0xcc,0x99,0x33,0xcc,0x99,0x33,0xcc,
 0x99,0x33,0xcc,0x99,0x00,0x00,0x00,0x66,
 0xcc,0x99,0x66,0xcc,0x99,0x66,0xcc,0x99,
 0x66,0xcc,0x99,0x66,0xcc,0x99,0x66,0xcc,
 0x99,0x66,0xcc,0x99,0x66,0xcc,0x99,0x66,
 0xcc,0x99,0x00,0x00,0x00,0x99,0xcc,0x99,
 0x99,0xcc,0x99,0x99,0xcc,0x99,0x99,0xcc,
 0x99,0x99,0xcc,0x99,0x99,0xcc,0x99,0x99,
 0xcc,0x99,0x99,0xcc,0x99,0x99,0xcc,0x99,
 0x00,0x00,0x00,0xcc,0xcc,0x99,0xcc,0xcc,
 0x99,0xcc,0xcc,0x99,0xcc,0xcc,0x99,0xcc,
 0xcc,0x99,0xcc,0xcc,0x99,0xcc,0xcc,0x99,
 0xcc,0xcc,0x99,0xcc,0xcc,0x99,0x00,0x00,
 0x00,0xff,0xcc,0x99,0xff,0xcc,0x99,0xff,
 0xcc,0x99,0xff,0xcc,0x99,0xff,0xcc,0x99,
 0xff,0xcc,0x99,0xff,0xcc,0x99,0xff,0xcc,
 0x99,0xff,0xcc,0x99,0x00,0x00,0x00,0xff,
 0xcc,0x33,0xff,0xcc,0x33,0xff,0xcc,0x33,
 0xff,0xcc,0x33,0xff,0xcc,0x33,0xff,0xcc,
 0x33,0xff,0xcc,0x33,0xff,0xcc,0x33,0xff,
 0xcc,0x33,0x00,0x00,0x00,0xcc,0xcc,0x33,
 0xcc,0xcc,0x33,0xcc,0xcc,0x33,0xcc,0xcc,
 0x33,0xcc,0xcc,0x33,0xcc,0xcc,0x33,0xcc,
 0xcc,0x33,0xcc,0xcc,0x33,0xcc,0xcc,0x33,
 0x00,0x00,0x00,0x99,0xcc,0x33,0x99,0xcc,
 0x33,0x99,0xcc,0x33,0x99,0xcc,0x33,0x99,
 0xcc,0x33,0x99,0xcc,0x33,0x99,0xcc,0x33,
 0x99,0xcc,0x33,0x99,0xcc,0x33,0x00,0x00,
 0x00,0x66,0xcc,0x33,0x66,0xcc,0x33,0x66,
 0xcc,0x33,0x66,0xcc,0x33,0x66,0xcc,0x33,
 0x66,0xcc,0x33,0x66,0xcc,0x33,0x66,0xcc,
 0x33,0x66,0xcc,0x33,0x00,0x00,0x00,0x33,
 0xcc,0x33,0x33,0xcc,0x33,0x33,0xcc,0x33,
 0x33,0xcc,0x33,0x33,0xcc,0x33,0x33,0xcc,
 0x33,0x33,0xcc,0x33,0x33,0xcc,0x33,0x33,
 0xcc,0x33,0x00,0x00,0x00,0x00,0xcc,0x33,
 0x00,0xcc,0x33,0x00,0xcc,0x33,0x00,0xcc,
 0x33,0x00,0xcc,0x33,0x00,0xcc,0x33,0x00,
 0xcc,0x33,0x00,0xcc,0x33,0x00,0xcc,0x33,
 0x00,0x00,0x00,0x00,0x00,0x00,0x00,0x00,
 0x00,0xff,0xff,0x00,0xff,0xff,0x00,0xff,
 0xff,0x00,0xff,0xff,0x00,0xff,0xff,0x00,
 0xff,0xff,0x00,0xff,0xff,0x00,0xff,0xff,
 0x00,0xff,0xff,0x00,0x00,0x00,0x00,0xff,
 0xcc,0xff,0xff,0xcc,0xff,0xff,0xcc,0xff,
 0xff,0xcc,0xff,0xff,0xcc,0xff,0xff,0xcc,
 0xff,0xff,0xcc,0xff,0xff,0xcc,0xff,0xff,
 0xcc,0xff,0x00,0x00,0x00,0xcc,0xcc,0xff,
 0xcc,0xcc,0xff,0xcc,0xcc,0xff,0xcc,0xcc,
 0xff,0xcc,0xcc,0xff,0xcc,0xcc,0xff,0xcc,
 0xcc,0xff,0xcc,0xcc,0xff,0xcc,0xcc,0xff,
 0x00,0x00,0x00,0x99,0xcc,0xff,0x99,0xcc,
 0xff,0x99,0xcc,0xff,0x99,0xcc,0xff,0x99,
 0xcc,0xff,0x99,0xcc,0xff,0x99,0xcc,0xff,
 0x99,0xcc,0xff,0x99,0xcc,0xff,0x00,0x00,
 0x00,0x66,0xcc,0xff,0x66,0xcc,0xff,0x66,
 0xcc,0xff,0x66,0xcc,0xff,0x66,0xcc,0xff,
 0x66,0xcc,0xff,0x66,0xcc,0xff,0x66,0xcc,
 0xff,0x66,0xcc,0xff,0x00,0x00,0x00,0x33,
 0xcc,0xff,0x33,0xcc,0xff,0x33,0xcc,0xff,
 0x33,0xcc,0xff,0x33,0xcc,0xff,0x33,0xcc,
 0xff,0x33,0xcc,0xff,0x33,0xcc,0xff,0x33,
 0xcc,0xff,0x00,0x00,0x00,0x00,0xcc,0xff,
 0x00,0xcc,0xff,0x00,0xcc,0xff,0x00,0xcc,
 0xff,0x00,0xcc,0xff,0x00,0xcc,0xff,0x00,
 0xcc,0xff,0x00,0xcc,0xff,0x00,0xcc,0xff,
 0x00,0x00,0x00,0x00,0xcc,0x99,0x00,0xcc,
 0x99,0x00,0xcc,0x99,0x00,0xcc,0x99,0x00,
 0xcc,0x99,0x00,0xcc,0x99,0x00,0xcc,0x99,
 0x00,0xcc,0x99,0x00,0xcc,0x99,0x00,0x00,
 0x00,0x33,0xcc,0x99,0x33,0xcc,0x99,0x33,
 0xcc,0x99,0x33,0xcc,0x99,0x33,0xcc,0x99,
 0x33,0xcc,0x99,0x33,0xcc,0x99,0x33,0xcc,
 0x99,0x33,0xcc,0x99,0x00,0x00,0x00,0x66,
 0xcc,0x99,0x66,0xcc,0x99,0x66,0xcc,0x99,
 0x66,0xcc,0x99,0x66,0xcc,0x99,0x66,0xcc,
 0x99,0x66,0xcc,0x99,0x66,0xcc,0x99,0x66,
 0xcc,0x99,0x00,0x00,0x00,0x99,0xcc,0x99,
 0x99,0xcc,0x99,0x99,0xcc,0x99,0x99,0xcc,
 0x99,0x99,0xcc,0x99,0x99,0xcc,0x99,0x99,
 0xcc,0x99,0x99,0xcc,0x99,0x99,0xcc,0x99,
 0x00,0x00,0x00,0xcc,0xcc,0x99,0xcc,0xcc,
 0x99,0xcc,0xcc,0x99,0xcc,0xcc,0x99,0xcc,
 0xcc,0x99,0xcc,0xcc,0x99,0xcc,0xcc,0x99,
 0xcc,0xcc,0x99,0xcc,0xcc,0x99,0x00,0x00,
 0x00,0xff,0xcc,0x99,0xff,0xcc,0x99,0xff,
 0xcc,0x99,0xff,0xcc,0x99,0xff,0xcc,0x99,
 0xff,0xcc,0x99,0xff,0xcc,0x99,0xff,0xcc,
 0x99,0xff,0xcc,0x99,0x00,0x00,0x00,0xff,
 0xcc,0x33,0xff,0xcc,0x33,0xff,0xcc,0x33,
 0xff,0xcc,0x33,0xff,0xcc,0x33,0xff,0xcc,
 0x33,0xff,0xcc,0x33,0xff,0xcc,0x33,0xff,
 0xcc,0x33,0x00,0x00,0x00,0xcc,0xcc,0x33,
 0xcc,0xcc,0x33,0xcc,0xcc,0x33,0xcc,0xcc,
 0x33,0xcc,0xcc,0x33,0xcc,0xcc,0x33,0xcc,
 0xcc,0x33,0xcc,0xcc,0x33,0xcc,0xcc,0x33,
 0x00,0x00,0x00,0x99,0xcc,0x33,0x99,0xcc,
 0x33,0x99,0xcc,0x33,0x99,0xcc,0x33,0x99,
 0xcc,0x33,0x99,0xcc,0x33,0x99,0xcc,0x33,
 0x99,0xcc,0x33,0x99,0xcc,0x33,0x00,0x00,
 0x00,0x66,0xcc,0x33,0x66,0xcc,0x33,0x66,
 0xcc,0x33,0x66,0xcc,0x33,0x66,0xcc,0x33,
 0x66,0xcc,0x33,0x66,0xcc,0x33,0x66,0xcc,
 0x33,0x66,0xcc,0x33,0x00,0x00,0x00,0x33,
 0xcc,0x33,0x33,0xcc,0x33,0x33,0xcc,0x33,
 0x33,0xcc,0x33,0x33,0xcc,0x33,0x33,0xcc,
 0x33,0x33,0xcc,0x33,0x33,0xcc,0x33,0x33,
 0xcc,0x33,0x00,0x00,0x00,0x00,0xcc,0x33,
 0x00,0xcc,0x33,0x00,0xcc,0x33,0x00,0xcc,
 0x33,0x00,0xcc,0x33,0x00,0xcc,0x33,0x00,
 0xcc,0x33,0x00,0xcc,0x33,0x00,0xcc,0x33,
 0x00,0x00,0x00,0x00,0x00,0x00,0x00,0x00,
 0x00,0xff,0xff,0x00,0xff,0xff,0x00,0xff,
 0xff,0x00,0xff,0xff,0x00,0xff,0xff,0x00,
 0xff,0xff,0x00,0xff,0xff,0x00,0xff,0xff,
 0x00,0xff,0xff,0x00,0x00,0x00,0x00,0xff,
 0xcc,0xff,0xff,0xcc,0xff,0xff,0xcc,0xff,
 0xff,0xcc,0xff,0xff,0xcc,0xff,0xff,0xcc,
 0xff,0xff,0xcc,0xff,0xff,0xcc,0xff,0xff,
 0xcc,0xff,0x00,0x00,0x00,0xcc,0xcc,0xff,
 0xcc,0xcc,0xff,0xcc,0xcc,0xff,0xcc,0xcc,
 0xff,0xcc,0xcc,0xff,0xcc,0xcc,0xff,0xcc,
 0xcc,0xff,0xcc,0xcc,0xff,0xcc,0xcc,0xff,
 0x00,0x00,0x00,0x99,0xcc,0xff,0x99,0xcc,
 0xff,0x99,0xcc,0xff,0x99,0xcc,0xff,0x99,
 0xcc,0xff,0x99,0xcc,0xff,0x99,0xcc,0xff,
 0x99,0xcc,0xff,0x99,0xcc,0xff,0x00,0x00,
 0x00,0x66,0xcc,0xff,0x66,0xcc,0xff,0x66,
 0xcc,0xff,0x66,0xcc,0xff,0x66,0xcc,0xff,
 0x66,0xcc,0xff,0x66,0xcc,0xff,0x66,0xcc,
 0xff,0x66,0xcc,0xff,0x00,0x00,0x00,0x33,
 0xcc,0xff,0x33,0xcc,0xff,0x33,0xcc,0xff,
 0x33,0xcc,0xff,0x33,0xcc,0xff,0x33,0xcc,
 0xff,0x33,0xcc,0xff,0x33,0xcc,0xff,0x33,
 0xcc,0xff,0x00,0x00,0x00,0x00,0xcc,0xff,
 0x00,0xcc,0xff,0x00,0xcc,0xff,0x00,0xcc,
 0xff,0x00,0xcc,0xff,0x00,0xcc,0xff,0x00,
 0xcc,0xff,0x00,0xcc,0xff,0x00,0xcc,0xff,
 0x00,0x00,0x00,0x00,0xcc,0x99,0x00,0xcc,
 0x99,0x00,0xcc,0x99,0x00,0xcc,0x99,0x00,
 0xcc,0x99,0x00,0xcc,0x99,0x00,0xcc,0x99,
 0x00,0xcc,0x99,0x00,0xcc,0x99,0x00,0x00,
 0x00,0x33,0xcc,0x99,0x33,0xcc,0x99,0x33,
 0xcc,0x99,0x33,0xcc,0x99,0x33,0xcc,0x99,
 0x33,0xcc,0x99,0x33,0xcc,0x99,0x33,0xcc,
 0x99,0x33,0xcc,0x99,0x00,0x00,0x00,0x66,
 0xcc,0x99,0x66,0xcc,0x99,0x66,0xcc,0x99,
 0x66,0xcc,0x99,0x66,0xcc,0x99,0x66,0xcc,
 0x99,0x66,0xcc,0x99,0x66,0xcc,0x99,0x66,
 0xcc,0x99,0x00,0x00,0x00,0x99,0xcc,0x99,
 0x99,0xcc,0x99,0x99,0xcc,0x99,0x99,0xcc,
 0x99,0x99,0xcc,0x99,0x99,0xcc,0x99,0x99,
 0xcc,0x99,0x99,0xcc,0x99,0x99,0xcc,0x99,
 0x00,0x00,0x00,0xcc,0xcc,0x99,0xcc,0xcc,
 0x99,0xcc,0xcc,0x99,0xcc,0xcc,0x99,0xcc,
 0xcc,0x99,0xcc,0xcc,0x99,0xcc,0xcc,0x99,
 0xcc,0xcc,0x99,0xcc,0xcc,0x99,0x00,0x00,
 0x00,0xff,0xcc,0x99,0xff,0xcc,0x99,0xff,
 0xcc,0x99,0xff,0xcc,0x99,0xff,0xcc,0x99,
 0xff,0xcc,0x99,0xff,0xcc,0x99,0xff,0xcc,
 0x99,0xff,0xcc,0x99,0x00,0x00,0x00,0xff,
 0xcc,0x33,0xff,0xcc,0x33,0xff,0xcc,0x33,
 0xff,0xcc,0x33,0xff,0xcc,0x33,0xff,0xcc,
 0x33,0xff,0xcc,0x33,0xff,0xcc,0x33,0xff,
 0xcc,0x33,0x00,0x00,0x00,0xcc,0xcc,0x33,
 0xcc,0xcc,0x33,0xcc,0xcc,0x33,0xcc,0xcc,
 0x33,0xcc,0xcc,0x33,0xcc,0xcc,0x33,0xcc,
 0xcc,0x33,0xcc,0xcc,0x33,0xcc,0xcc,0x33,
 0x00,0x00,0x00,0x99,0xcc,0x33,0x99,0xcc,
 0x33,0x99,0xcc,0x33,0x99,0xcc,0x33,0x99,
 0xcc,0x33,0x99,0xcc,0x33,0x99,0xcc,0x33,
 0x99,0xcc,0x33,0x99,0xcc,0x33,0x00,0x00,
 0x00,0x66,0xcc,0x33,0x66,0xcc,0x33,0x66,
 0xcc,0x33,0x66,0xcc,0x33,0x66,0xcc,0x33,
 0x66,0xcc,0x33,0x66,0xcc,0x33,0x66,0xcc,
 0x33,0x66,0xcc,0x33,0x00,0x00,0x00,0x33,
 0xcc,0x33,0x33,0xcc,0x33,0x33,0xcc,0x33,
 0x33,0xcc,0x33,0x33,0xcc,0x33,0x33,0xcc,
 0x33,0x33,0xcc,0x33,0x33,0xcc,0x33,0x33,
 0xcc,0x33,0x00,0x00,0x00,0x00,0xcc,0x33,
 0x00,0xcc,0x33,0x00,0xcc,0x33,0x00,0xcc,
 0x33,0x00,0xcc,0x33,0x00,0xcc,0x33,0x00,
 0xcc,0x33,0x00,0xcc,0x33,0x00,0xcc,0x33,
 0x00,0x00,0x00,0x00,0x00,0x00,0x00,0x00,
 0x00,0xff,0xff,0x00,0xff,0xff,0x00,0xff,
 0xff,0x00,0xff,0xff,0x00,0xff,0xff,0x00,
 0xff,0xff,0x00,0xff,0xff,0x00,0xff,0xff,
 0x00,0xff,0xff,0x00,0x00,0x00,0x00,0xff,
 0xcc,0xff,0xff,0xcc,0xff,0xff,0xcc,0xff,
 0xff,0xcc,0xff,0xff,0xcc,0xff,0xff,0xcc,
 0xff,0xff,0xcc,0xff,0xff,0xcc,0xff,0xff,
 0xcc,0xff,0x00,0x00,0x00,0xcc,0xcc,0xff,
 0xcc,0xcc,0xff,0xcc,0xcc,0xff,0xcc,0xcc,
 0xff,0xcc,0xcc,0xff,0xcc,0xcc,0xff,0xcc,
 0xcc,0xff,0xcc,0xcc,0xff,0xcc,0xcc,0xff,
 0x00,0x00,0x00,0x99,0xcc,0xff,0x99,0xcc,
 0xff,0x99,0xcc,0xff,0x99,0xcc,0xff,0x99,
 0xcc,0xff,0x99,0xcc,0xff,0x99,0xcc,0xff,
 0x99,0xcc,0xff,0x99,0xcc,0xff,0x00,0x00,
 0x00,0x66,0xcc,0xff,0x66,0xcc,0xff,0x66,
 0xcc,0xff,0x66,0xcc,0xff,0x66,0xcc,0xff,
 0x66,0xcc,0xff,0x66,0xcc,0xff,0x66,0xcc,
 0xff,0x66,0xcc,0xff,0x00,0x00,0x00,0x33,
 0xcc,0xff,0x33,0xcc,0xff,0x33,0xcc,0xff,
 0x33,0xcc,0xff,0x33,0xcc,0xff,0x33,0xcc,
 0xff,0x33,0xcc,0xff,0x33,0xcc,0xff,0x33,
 0xcc,0xff,0x00,0x00,0x00,0x00,0xcc,0xff,
 0x00,0xcc,0xff,0x00,0xcc,0xff,0x00,0xcc,
 0xff,0x00,0xcc,0xff,0x00,0xcc,0xff,0x00,
 0xcc,0xff,0x00,0xcc,0xff,0x00,0xcc,0xff,
 0x00,0x00,0x00,0x00,0xcc,0x99,0x00,0xcc,
 0x99,0x00,0xcc,0x99,0x00,0xcc,0x99,0x00,
 0xcc,0x99,0x00,0xcc,0x99,0x00,0xcc,0x99,
 0x00,0xcc,0x99,0x00,0xcc,0x99,0x00,0x00,
 0x00,0x33,0xcc,0x99,0x33,0xcc,0x99,0x33,
 0xcc,0x99,0x33,0xcc,0x99,0x33,0xcc,0x99,
 0x33,0xcc,0x99,0x33,0xcc,0x99,0x33,0xcc,
 0x99,0x33,0xcc,0x99,0x00,0x00,0x00,0x66,
 0xcc,0x99,0x66,0xcc,0x99,0x66,0xcc,0x99,
 0x66,0xcc,0x99,0x66,0xcc,0x99,0x66,0xcc,
 0x99,0x66,0xcc,0x99,0x66,0xcc,0x99,0x66,
 0xcc,0x99,0x00,0x00,0x00,0x99,0xcc,0x99,
 0x99,0xcc,0x99,0x99,0xcc,0x99,0x99,0xcc,
 0x99,0x99,0xcc,0x99,0x99,0xcc,0x99,0x99,
 0xcc,0x99,0x99,0xcc,0x99,0x99,0xcc,0x99,
 0x00,0x00,0x00,0xcc,0xcc,0x99,0xcc,0xcc,
 0x99,0xcc,0xcc,0x99,0xcc,0xcc,0x99,0xcc,
 0xcc,0x99,0xcc,0xcc,0x99,0xcc,0xcc,0x99,
 0xcc,0xcc,0x99,0xcc,0xcc,0x99,0x00,0x00,
 0x00,0xff,0xcc,0x99,0xff,0xcc,0x99,0xff,
 0xcc,0x99,0xff,0xcc,0x99,0xff,0xcc,0x99,
 0xff,0xcc,0x99,0xff,0xcc,0x99,0xff,0xcc,
 0x99,0xff,0xcc,0x99,0x00,0x00,0x00,0xff,
 0xcc,0x33,0xff,0xcc,0x33,0xff,0xcc,0x33,
 0xff,0xcc,0x33,0xff,0xcc,0x33,0xff,0xcc,
 0x33,0xff,0xcc,0x33,0xff,0xcc,0x33,0xff,
 0xcc,0x33,0x00,0x00,0x00,0xcc,0xcc,0x33,
 0xcc,0xcc,0x33,0xcc,0xcc,0x33,0xcc,0xcc,
 0x33,0xcc,0xcc,0x33,0xcc,0xcc,0x33,0xcc,
 0xcc,0x33,0xcc,0xcc,0x33,0xcc,0xcc,0x33,
 0x00,0x00,0x00,0x99,0xcc,0x33,0x99,0xcc,
 0x33,0x99,0xcc,0x33,0x99,0xcc,0x33,0x99,
 0xcc,0x33,0x99,0xcc,0x33,0x99,0xcc,0x33,
 0x99,0xcc,0x33,0x99,0xcc,0x33,0x00,0x00,
 0x00,0x66,0xcc,0x33,0x66,0xcc,0x33,0x66,
 0xcc,0x33,0x66,0xcc,0x33,0x66,0xcc,0x33,
 0x66,0xcc,0x33,0x66,0xcc,0x33,0x66,0xcc,
 0x33,0x66,0xcc,0x33,0x00,0x00,0x00,0x33,
 0xcc,0x33,0x33,0xcc,0x33,0x33,0xcc,0x33,
 0x33,0xcc,0x33,0x33,0xcc,0x33,0x33,0xcc,
 0x33,0x33,0xcc,0x33,0x33,0xcc,0x33,0x33,
 0xcc,0x33,0x00,0x00,0x00,0x00,0xcc,0x33,
 0x00,0xcc,0x33,0x00,0xcc,0x33,0x00,0xcc,
 0x33,0x00,0xcc,0x33,0x00,0xcc,0x33,0x00,
 0xcc,0x33,0x00,0xcc,0x33,0x00,0xcc,0x33,
 0x00,0x00,0x00,0x00,0x00,0x00,0x00,0x00,
 0x00,0xff,0xff,0x00,0xff,0xff,0x00,0xff,
 0xff,0x00,0xff,0xff,0x00,0xff,0xff,0x00,
 0xff,0xff,0x00,0xff,0xff,0x00,0xff,0xff,
 0x00,0xff,0xff,0x00,0x00,0x00,0x00,0xff,
 0xcc,0xff,0xff,0xcc,0xff,0xff,0xcc,0xff,
 0xff,0xcc,0xff,0xff,0xcc,0xff,0xff,0xcc,
 0xff,0xff,0xcc,0xff,0xff,0xcc,0xff,0xff,
 0xcc,0xff,0x00,0x00,0x00,0xcc,0xcc,0xff,
 0xcc,0xcc,0xff,0xcc,0xcc,0xff,0xcc,0xcc,
 0xff,0xcc,0xcc,0xff,0xcc,0xcc,0xff,0xcc,
 0xcc,0xff,0xcc,0xcc,0xff,0xcc,0xcc,0xff,
 0x00,0x00,0x00,0x99,0xcc,0xff,0x99,0xcc,
 0xff,0x99,0xcc,0xff,0x99,0xcc,0xff,0x99,
 0xcc,0xff,0x99,0xcc,0xff,0x99,0xcc,0xff,
 0x99,0xcc,0xff,0x99,0xcc,0xff,0x00,0x00,
 0x00,0x66,0xcc,0xff,0x66,0xcc,0xff,0x66,
 0xcc,0xff,0x66,0xcc,0xff,0x66,0xcc,0xff,
 0x66,0xcc,0xff,0x66,0xcc,0xff,0x66,0xcc,
 0xff,0x66,0xcc,0xff,0x00,0x00,0x00,0x33,
 0xcc,0xff,0x33,0xcc,0xff,0x33,0xcc,0xff,
 0x33,0xcc,0xff,0x33,0xcc,0xff,0x33,0xcc,
 0xff,0x33,0xcc,0xff,0x33,0xcc,0xff,0x33,
 0xcc,0xff,0x00,0x00,0x00,0x00,0xcc,0xff,
 0x00,0xcc,0xff,0x00,0xcc,0xff,0x00,0xcc,
 0xff,0x00,0xcc,0xff,0x00,0xcc,0xff,0x00,
 0xcc,0xff,0x00,0xcc,0xff,0x00,0xcc,0xff,
 0x00,0x00,0x00,0x00,0xcc,0x99,0x00,0xcc,
 0x99,0x00,0xcc,0x99,0x00,0xcc,0x99,0x00,
 0xcc,0x99,0x00,0xcc,0x99,0x00,0xcc,0x99,
 0x00,0xcc,0x99,0x00,0xcc,0x99,0x00,0x00,
 0x00,0x33,0xcc,0x99,0x33,0xcc,0x99,0x33,
 0xcc,0x99,0x33,0xcc,0x99,0x33,0xcc,0x99,
 0x33,0xcc,0x99,0x33,0xcc,0x99,0x33,0xcc,
 0x99,0x33,0xcc,0x99,0x00,0x00,0x00,0x66,
 0xcc,0x99,0x66,0xcc,0x99,0x66,0xcc,0x99,
 0x66,0xcc,0x99,0x66,0xcc,0x99,0x66,0xcc,
 0x99,0x66,0xcc,0x99,0x66,0xcc,0x99,0x66,
 0xcc,0x99,0x00,0x00,0x00,0x99,0xcc,0x99,
 0x99,0xcc,0x99,0x99,0xcc,0x99,0x99,0xcc,
 0x99,0x99,0xcc,0x99,0x99,0xcc,0x99,0x99,
 0xcc,0x99,0x99,0xcc,0x99,0x99,0xcc,0x99,
 0x00,0x00,0x00,0xcc,0xcc,0x99,0xcc,0xcc,
 0x99,0xcc,0xcc,0x99,0xcc,0xcc,0x99,0xcc,
 0xcc,0x99,0xcc,0xcc,0x99,0xcc,0xcc,0x99,
 0xcc,0xcc,0x99,0xcc,0xcc,0x99,0x00,0x00,
 0x00,0xff,0xcc,0x99,0xff,0xcc,0x99,0xff,
 0xcc,0x99,0xff,0xcc,0x99,0xff,0xcc,0x99,
 0xff,0xcc,0x99,0xff,0xcc,0x99,0xff,0xcc,
 0x99,0xff,0xcc,0x99,0x00,0x00,0x00,0xff,
 0xcc,0x33,0xff,0xcc,0x33,0xff,0xcc,0x33,
 0xff,0xcc,0x33,0xff,0xcc,0x33,0xff,0xcc,
 0x33,0xff,0xcc,0x33,0xff,0xcc,0x33,0xff,
 0xcc,0x33,0x00,0x00,0x00,0xcc,0xcc,0x33,
 0xcc,0xcc,0x33,0xcc,0xcc,0x33,0xcc,0xcc,
 0x33,0xcc,0xcc,0x33,0xcc,0xcc,0x33,0xcc,
 0xcc,0x33,0xcc,0xcc,0x33,0xcc,0xcc,0x33,
 0x00,0x00,0x00,0x99,0xcc,0x33,0x99,0xcc,
 0x33,0x99,0xcc,0x33,0x99,0xcc,0x33,0x99,
 0xcc,0x33,0x99,0xcc,0x33,0x99,0xcc,0x33,
 0x99,0xcc,0x33,0x99,0xcc,0x33,0x00,0x00,
 0x00,0x66,0xcc,0x33,0x66,0xcc,0x33,0x66,
 0xcc,0x33,0x66,0xcc,0x33,0x66,0xcc,0x33,
 0x66,0xcc,0x33,0x66,0xcc,0x33,0x66,0xcc,
 0x33,0x66,0xcc,0x33,0x00,0x00,0x00,0x33,
 0xcc,0x33,0x33,0xcc,0x33,0x33,0xcc,0x33,
 0x33,0xcc,0x33,0x33,0xcc,0x33,0x33,0xcc,
 0x33,0x33,0xcc,0x33,0x33,0xcc,0x33,0x33,
 0xcc,0x33,0x00,0x00,0x00,0x00,0xcc,0x33,
 0x00,0xcc,0x33,0x00,0xcc,0x33,0x00,0xcc,
 0x33,0x00,0xcc,0x33,0x00,0xcc,0x33,0x00,
 0xcc,0x33,0x00,0xcc,0x33,0x00,0xcc,0x33,
 0x00,0x00,0x00,0x00,0x00,0x00,0x00,0x00,
 0x00,0xff,0xff,0x00,0xff,0xff,0x00,0xff,
 0xff,0x00,0xff,0xff,0x00,0xff,0xff,0x00,
 0xff,0xff,0x00,0xff,0xff,0x00,0xff,0xff,
 0x00,0xff,0xff,0x00,0x00,0x00,0x00,0xff,
 0xcc,0xff,0xff,0xcc,0xff,0xff,0xcc,0xff,
 0xff,0xcc,0xff,0xff,0xcc,0xff,0xff,0xcc,
 0xff,0xff,0xcc,0xff,0xff,0xcc,0xff,0xff,
 0xcc,0xff,0x00,0x00,0x00,0xcc,0xcc,0xff,
 0xcc,0xcc,0xff,0xcc,0xcc,0xff,0xcc,0xcc,
 0xff,0xcc,0xcc,0xff,0xcc,0xcc,0xff,0xcc,
 0xcc,0xff,0xcc,0xcc,0xff,0xcc,0xcc,0xff,
 0x00,0x00,0x00,0x99,0xcc,0xff,0x99,0xcc,
 0xff,0x99,0xcc,0xff,0x99,0xcc,0xff,0x99,
 0xcc,0xff,0x99,0xcc,0xff,0x99,0xcc,0xff,
 0x99,0xcc,0xff,0x99,0xcc,0xff,0x00,0x00,
 0x00,0x66,0xcc,0xff,0x66,0xcc,0xff,0x66,
 0xcc,0xff,0x66,0xcc,0xff,0x66,0xcc,0xff,
 0x66,0xcc,0xff,0x66,0xcc,0xff,0x66,0xcc,
 0xff,0x66,0xcc,0xff,0x00,0x00,0x00,0x33,
 0xcc,0xff,0x33,0xcc,0xff,0x33,0xcc,0xff,
 0x33,0xcc,0xff,0x33,0xcc,0xff,0x33,0xcc,
 0xff,0x33,0xcc,0xff,0x33,0xcc,0xff,0x33,
 0xcc,0xff,0x00,0x00,0x00,0x00,0xcc,0xff,
 0x00,0xcc,0xff,0x00,0xcc,0xff,0x00,0xcc,
 0xff,0x00,0xcc,0xff,0x00,0xcc,0xff,0x00,
 0xcc,0xff,0x00,0xcc,0xff,0x00,0xcc,0xff,
 0x00,0x00,0x00,0x00,0xcc,0x99,0x00,0xcc,
 0x99,0x00,0xcc,0x99,0x00,0xcc,0x99,0x00,
 0xcc,0x99,0x00,0xcc,0x99,0x00,0xcc,0x99,
 0x00,0xcc,0x99,0x00,0xcc,0x99,0x00,0x00,
 0x00,0x33,0xcc,0x99,0x33,0xcc,0x99,0x33,
 0xcc,0x99,0x33,0xcc,0x99,0x33,0xcc,0x99,
 0x33,0xcc,0x99,0x33,0xcc,0x99,0x33,0xcc,
 0x99,0x33,0xcc,0x99,0x00,0x00,0x00,0x66,
 0xcc,0x99,0x66,0xcc,0x99,0x66,0xcc,0x99,
 0x66,0xcc,0x99,0x66,0xcc,0x99,0x66,0xcc,
 0x99,0x66,0xcc,0x99,0x66,0xcc,0x99,0x66,
 0xcc,0x99,0x00,0x00,0x00,0x99,0xcc,0x99,
 0x99,0xcc,0x99,0x99,0xcc,0x99,0x99,0xcc,
 0x99,0x99,0xcc,0x99,0x99,0xcc,0x99,0x99,
 0xcc,0x99,0x99,0xcc,0x99,0x99,0xcc,0x99,
 0x00,0x00,0x00,0xcc,0xcc,0x99,0xcc,0xcc,
 0x99,0xcc,0xcc,0x99,0xcc,0xcc,0x99,0xcc,
 0xcc,0x99,0xcc,0xcc,0x99,0xcc,0xcc,0x99,
 0xcc,0xcc,0x99,0xcc,0xcc,0x99,0x00,0x00,
 0x00,0xff,0xcc,0x99,0xff,0xcc,0x99,0xff,
 0xcc,0x99,0xff,0xcc,0x99,0xff,0xcc,0x99,
 0xff,0xcc,0x99,0xff,0xcc,0x99,0xff,0xcc,
 0x99,0xff,0xcc,0x99,0x00,0x00,0x00,0xff,
 0xcc,0x33,0xff,0xcc,0x33,0xff,0xcc,0x33,
 0xff,0xcc,0x33,0xff,0xcc,0x33,0xff,0xcc,
 0x33,0xff,0xcc,0x33,0xff,0xcc,0x33,0xff,
 0xcc,0x33,0x00,0x00,0x00,0xcc,0xcc,0x33,
 0xcc,0xcc,0x33,0xcc,0xcc,0x33,0xcc,0xcc,
 0x33,0xcc,0xcc,0x33,0xcc,0xcc,0x33,0xcc,
 0xcc,0x33,0xcc,0xcc,0x33,0xcc,0xcc,0x33,
 0x00,0x00,0x00,0x99,0xcc,0x33,0x99,0xcc,
 0x33,0x99,0xcc,0x33,0x99,0xcc,0x33,0x99,
 0xcc,0x33,0x99,0xcc,0x33,0x99,0xcc,0x33,
 0x99,0xcc,0x33,0x99,0xcc,0x33,0x00,0x00,
 0x00,0x66,0xcc,0x33,0x66,0xcc,0x33,0x66,
 0xcc,0x33,0x66,0xcc,0x33,0x66,0xcc,0x33,
 0x66,0xcc,0x33,0x66,0xcc,0x33,0x66,0xcc,
 0x33,0x66,0xcc,0x33,0x00,0x00,0x00,0x33,
 0xcc,0x33,0x33,0xcc,0x33,0x33,0xcc,0x33,
 0x33,0xcc,0x33,0x33,0xcc,0x33,0x33,0xcc,
 0x33,0x33,0xcc,0x33,0x33,0xcc,0x33,0x33,
 0xcc,0x33,0x00,0x00,0x00,0x00,0xcc,0x33,
 0x00,0xcc,0x33,0x00,0xcc,0x33,0x00,0xcc,
 0x33,0x00,0xcc,0x33,0x00,0xcc,0x33,0x00,
 0xcc,0x33,0x00,0xcc,0x33,0x00,0xcc,0x33,
 0x00,0x00,0x00,0x00,0x00,0x00,0x00,0x00,
 0x00,0xff,0xff,0x00,0xff,0xff,0x00,0xff,
 0xff,0x00,0xff,0xff,0x00,0xff,0xff,0x00,
 0xff,0xff,0x00,0xff,0xff,0x00,0xff,0xff,
 0x00,0xff,0xff,0x00,0x00,0x00,0x00,0xff,
 0xcc,0xff,0xff,0xcc,0xff,0xff,0xcc,0xff,
 0xff,0xcc,0xff,0xff,0xcc,0xff,0xff,0xcc,
 0xff,0xff,0xcc,0xff,0xff,0xcc,0xff,0xff,
 0xcc,0xff,0x00,0x00,0x00,0xcc,0xcc,0xff,
 0xcc,0xcc,0xff,0xcc,0xcc,0xff,0xcc,0xcc,
 0xff,0xcc,0xcc,0xff,0xcc,0xcc,0xff,0xcc,
 0xcc,0xff,0xcc,0xcc,0xff,0xcc,0xcc,0xff,
 0x00,0x00,0x00,0x99,0xcc,0xff,0x99,0xcc,
 0xff,0x99,0xcc,0xff,0x99,0xcc,0xff,0x99,
 0xcc,0xff,0x99,0xcc,0xff,0x99,0xcc,0xff,
 0x99,0xcc,0xff,0x99,0xcc,0xff,0x00,0x00,
 0x00,0x66,0xcc,0xff,0x66,0xcc,0xff,0x66,
 0xcc,0xff,0x66,0xcc,0xff,0x66,0xcc,0xff,
 0x66,0xcc,0xff,0x66,0xcc,0xff,0x66,0xcc,
 0xff,0x66,0xcc,0xff,0x00,0x00,0x00,0x33,
 0xcc,0xff,0x33,0xcc,0xff,0x33,0xcc,0xff,
 0x33,0xcc,0xff,0x33,0xcc,0xff,0x33,0xcc,
 0xff,0x33,0xcc,0xff,0x33,0xcc,0xff,0x33,
 0xcc,0xff,0x00,0x00,0x00,0x00,0xcc,0xff,
 0x00,0xcc,0xff,0x00,0xcc,0xff,0x00,0xcc,
 0xff,0x00,0xcc,0xff,0x00,0xcc,0xff,0x00,
 0xcc,0xff,0x00,0xcc,0xff,0x00,0xcc,0xff,
 0x00,0x00,0x00,0x00,0xcc,0x99,0x00,0xcc,
 0x99,0x00,0xcc,0x99,0x00,0xcc,0x99,0x00,
 0xcc,0x99,0x00,0xcc,0x99,0x00,0xcc,0x99,
 0x00,0xcc,0x99,0x00,0xcc,0x99,0x00,0x00,
 0x00,0x33,0xcc,0x99,0x33,0xcc,0x99,0x33,
 0xcc,0x99,0x33,0xcc,0x99,0x33,0xcc,0x99,
 0x33,0xcc,0x99,0x33,0xcc,0x99,0x33,0xcc,
 0x99,0x33,0xcc,0x99,0x00,0x00,0x00,0x66,
 0xcc,0x99,0x66,0xcc,0x99,0x66,0xcc,0x99,
 0x66,0xcc,0x99,0x66,0xcc,0x99,0x66,0xcc,
 0x99,0x66,0xcc,0x99,0x66,0xcc,0x99,0x66,
 0xcc,0x99,0x00,0x00,0x00,0x99,0xcc,0x99,
 0x99,0xcc,0x99,0x99,0xcc,0x99,0x99,0xcc,
 0x99,0x99,0xcc,0x99,0x99,0xcc,0x99,0x99,
 0xcc,0x99,0x99,0xcc,0x99,0x99,0xcc,0x99,
 0x00,0x00,0x00,0xcc,0xcc,0x99,0xcc,0xcc,
 0x99,0xcc,0xcc,0x99,0xcc,0xcc,0x99,0xcc,
 0xcc,0x99,0xcc,0xcc,0x99,0xcc,0xcc,0x99,
 0xcc,0xcc,0x99,0xcc,0xcc,0x99,0x00,0x00,
 0x00,0xff,0xcc,0x99,0xff,0xcc,0x99,0xff,
 0xcc,0x99,0xff,0xcc,0x99,0xff,0xcc,0x99,
 0xff,0xcc,0x99,0xff,0xcc,0x99,0xff,0xcc,
 0x99,0xff,0xcc,0x99,0x00,0x00,0x00,0xff,
 0xcc,0x33,0xff,0xcc,0x33,0xff,0xcc,0x33,
 0xff,0xcc,0x33,0xff,0xcc,0x33,0xff,0xcc,
 0x33,0xff,0xcc,0x33,0xff,0xcc,0x33,0xff,
 0xcc,0x33,0x00,0x00,0x00,0xcc,0xcc,0x33,
 0xcc,0xcc,0x33,0xcc,0xcc,0x33,0xcc,0xcc,
 0x33,0xcc,0xcc,0x33,0xcc,0xcc,0x33,0xcc,
 0xcc,0x33,0xcc,0xcc,0x33,0xcc,0xcc,0x33,
 0x00,0x00,0x00,0x99,0xcc,0x33,0x99,0xcc,
 0x33,0x99,0xcc,0x33,0x99,0xcc,0x33,0x99,
 0xcc,0x33,0x99,0xcc,0x33,0x99,0xcc,0x33,
 0x99,0xcc,0x33,0x99,0xcc,0x33,0x00,0x00,
 0x00,0x66,0xcc,0x33,0x66,0xcc,0x33,0x66,
 0xcc,0x33,0x66,0xcc,0x33,0x66,0xcc,0x33,
 0x66,0xcc,0x33,0x66,0xcc,0x33,0x66,0xcc,
 0x33,0x66,0xcc,0x33,0x00,0x00,0x00,0x33,
 0xcc,0x33,0x33,0xcc,0x33,0x33,0xcc,0x33,
 0x33,0xcc,0x33,0x33,0xcc,0x33,0x33,0xcc,
 0x33,0x33,0xcc,0x33,0x33,0xcc,0x33,0x33,
 0xcc,0x33,0x00,0x00,0x00,0x00,0xcc,0x33,
 0x00,0xcc,0x33,0x00,0xcc,0x33,0x00,0xcc,
 0x33,0x00,0xcc,0x33,0x00,0xcc,0x33,0x00,
 0xcc,0x33,0x00,0xcc,0x33,0x00,0xcc,0x33,
 0x00,0x00,0x00,0x00,0x00,0x00,0x00,0x00,
 0x00,0xff,0xff,0x00,0xff,0xff,0x00,0xff,
 0xff,0x00,0xff,0xff,0x00,0xff,0xff,0x00,
 0xff,0xff,0x00,0xff,0xff,0x00,0xff,0xff,
 0x00,0xff,0xff,0x00,0x00,0x00,0x00,0xff,
 0xcc,0xff,0xff,0xcc,0xff,0xff,0xcc,0xff,
 0xff,0xcc,0xff,0xff,0xcc,0xff,0xff,0xcc,
 0xff,0xff,0xcc,0xff,0xff,0xcc,0xff,0xff,
 0xcc,0xff,0x00,0x00,0x00,0xcc,0xcc,0xff,
 0xcc,0xcc,0xff,0xcc,0xcc,0xff,0xcc,0xcc,
 0xff,0xcc,0xcc,0xff,0xcc,0xcc,0xff,0xcc,
 0xcc,0xff,0xcc,0xcc,0xff,0xcc,0xcc,0xff,
 0x00,0x00,0x00,0x99,0xcc,0xff,0x99,0xcc,
 0xff,0x99,0xcc,0xff,0x99,0xcc,0xff,0x99,
 0xcc,0xff,0x99,0xcc,0xff,0x99,0xcc,0xff,
 0x99,0xcc,0xff,0x99,0xcc,0xff,0x00,0x00,
 0x00,0x66,0xcc,0xff,0x66,0xcc,0xff,0x66,
 0xcc,0xff,0x66,0xcc,0xff,0x66,0xcc,0xff,
 0x66,0xcc,0xff,0x66,0xcc,0xff,0x66,0xcc,
 0xff,0x66,0xcc,0xff,0x00,0x00,0x00,0x33,
 0xcc,0xff,0x33,0xcc,0xff,0x33,0xcc,0xff,
 0x33,0xcc,0xff,0x33,0xcc,0xff,0x33,0xcc,
 0xff,0x33,0xcc,0xff,0x33,0xcc,0xff,0x33,
 0xcc,0xff,0x00,0x00,0x00,0x00,0xcc,0xff,
 0x00,0xcc,0xff,0x00,0xcc,0xff,0x00,0xcc,
 0xff,0x00,0xcc,0xff,0x00,0xcc,0xff,0x00,
 0xcc,0xff,0x00,0xcc,0xff,0x00,0xcc,0xff,
 0x00,0x00,0x00,0x00,0xcc,0x99,0x00,0xcc,
 0x99,0x00,0xcc,0x99,0x00,0xcc,0x99,0x00,
 0xcc,0x99,0x00,0xcc,0x99,0x00,0xcc,0x99,
 0x00,0xcc,0x99,0x00,0xcc,0x99,0x00,0x00,
 0x00,0x33,0xcc,0x99,0x33,0xcc,0x99,0x33,
 0xcc,0x99,0x33,0xcc,0x99,0x33,0xcc,0x99,
 0x33,0xcc,0x99,0x33,0xcc,0x99,0x33,0xcc,
 0x99,0x33,0xcc,0x99,0x00,0x00,0x00,0x66,
 0xcc,0x99,0x66,0xcc,0x99,0x66,0xcc,0x99,
 0x66,0xcc,0x99,0x66,0xcc,0x99,0x66,0xcc,
 0x99,0x66,0xcc,0x99,0x66,0xcc,0x99,0x66,
 0xcc,0x99,0x00,0x00,0x00,0x99,0xcc,0x99,
 0x99,0xcc,0x99,0x99,0xcc,0x99,0x99,0xcc,
 0x99,0x99,0xcc,0x99,0x99,0xcc,0x99,0x99,
 0xcc,0x99,0x99,0xcc,0x99,0x99,0xcc,0x99,
 0x00,0x00,0x00,0xcc,0xcc,0x99,0xcc,0xcc,
 0x99,0xcc,0xcc,0x99,0xcc,0xcc,0x99,0xcc,
 0xcc,0x99,0xcc,0xcc,0x99,0xcc,0xcc,0x99,
 0xcc,0xcc,0x99,0xcc,0xcc,0x99,0x00,0x00,
 0x00,0xff,0xcc,0x99,0xff,0xcc,0x99,0xff,
 0xcc,0x99,0xff,0xcc,0x99,0xff,0xcc,0x99,
 0xff,0xcc,0x99,0xff,0xcc,0x99,0xff,0xcc,
 0x99,0xff,0xcc,0x99,0x00,0x00,0x00,0xff,
 0xcc,0x33,0xff,0xcc,0x33,0xff,0xcc,0x33,
 0xff,0xcc,0x33,0xff,0xcc,0x33,0xff,0xcc,
 0x33,0xff,0xcc,0x33,0xff,0xcc,0x33,0xff,
 0xcc,0x33,0x00,0x00,0x00,0xcc,0xcc,0x33,
 0xcc,0xcc,0x33,0xcc,0xcc,0x33,0xcc,0xcc,
 0x33,0xcc,0xcc,0x33,0xcc,0xcc,0x33,0xcc,
 0xcc,0x33,0xcc,0xcc,0x33,0xcc,0xcc,0x33,
 0x00,0x00,0x00,0x99,0xcc,0x33,0x99,0xcc,
 0x33,0x99,0xcc,0x33,0x99,0xcc,0x33,0x99,
 0xcc,0x33,0x99,0xcc,0x33,0x99,0xcc,0x33,
 0x99,0xcc,0x33,0x99,0xcc,0x33,0x00,0x00,
 0x00,0x66,0xcc,0x33,0x66,0xcc,0x33,0x66,
 0xcc,0x33,0x66,0xcc,0x33,0x66,0xcc,0x33,
 0x66,0xcc,0x33,0x66,0xcc,0x33,0x66,0xcc,
 0x33,0x66,0xcc,0x33,0x00,0x00,0x00,0x33,
 0xcc,0x33,0x33,0xcc,0x33,0x33,0xcc,0x33,
 0x33,0xcc,0x33,0x33,0xcc,0x33,0x33,0xcc,
 0x33,0x33,0xcc,0x33,0x33,0xcc,0x33,0x33,
 0xcc,0x33,0x00,0x00,0x00,0x00,0xcc,0x33,
 0x00,0xcc,0x33,0x00,0xcc,0x33,0x00,0xcc,
 0x33,0x00,0xcc,0x33,0x00,0xcc,0x33,0x00,
 0xcc,0x33,0x00,0xcc,0x33,0x00,0xcc,0x33,
 0x00,0x00,0x00,0x00,0x00,0x00,0x00,0x00,
 0x00,0xff,0xff,0x00,0xff,0xff,0x00,0xff,
 0xff,0x00,0xff,0xff,0x00,0xff,0xff,0x00,
 0xff,0xff,0x00,0xff,0xff,0x00,0xff,0xff,
 0x00,0xff,0xff,0x00,0x00,0x00,0x00,0xff,
 0xcc,0xff,0xff,0xcc,0xff,0xff,0xcc,0xff,
 0xff,0xcc,0xff,0xff,0xcc,0xff,0xff,0xcc,
 0xff,0xff,0xcc,0xff,0xff,0xcc,0xff,0xff,
 0xcc,0xff,0x00,0x00,0x00,0xcc,0xcc,0xff,
 0xcc,0xcc,0xff,0xcc,0xcc,0xff,0xcc,0xcc,
 0xff,0xcc,0xcc,0xff,0xcc,0xcc,0xff,0xcc,
 0xcc,0xff,0xcc,0xcc,0xff,0xcc,0xcc,0xff,
 0x00,0x00,0x00,0x99,0xcc,0xff,0x99,0xcc,
 0xff,0x99,0xcc,0xff,0x99,0xcc,0xff,0x99,
 0xcc,0xff,0x99,0xcc,0xff,0x99,0xcc,0xff,
 0x99,0xcc,0xff,0x99,0xcc,0xff,0x00,0x00,
 0x00,0x66,0xcc,0xff,0x66,0xcc,0xff,0x66,
 0xcc,0xff,0x66,0xcc,0xff,0x66,0xcc,0xff,
 0x66,0xcc,0xff,0x66,0xcc,0xff,0x66,0xcc,
 0xff,0x66,0xcc,0xff,0x00,0x00,0x00,0x33,
 0xcc,0xff,0x33,0xcc,0xff,0x33,0xcc,0xff,
 0x33,0xcc,0xff,0x33,0xcc,0xff,0x33,0xcc,
 0xff,0x33,0xcc,0xff,0x33,0xcc,0xff,0x33,
 0xcc,0xff,0x00,0x00,0x00,0x00,0xcc,0xff,
 0x00,0xcc,0xff,0x00,0xcc,0xff,0x00,0xcc,
 0xff,0x00,0xcc,0xff,0x00,0xcc,0xff,0x00,
 0xcc,0xff,0x00,0xcc,0xff,0x00,0xcc,0xff,
 0x00,0x00,0x00,0x00,0xcc,0x99,0x00,0xcc,
 0x99,0x00,0xcc,0x99,0x00,0xcc,0x99,0x00,
 0xcc,0x99,0x00,0xcc,0x99,0x00,0xcc,0x99,
 0x00,0xcc,0x99,0x00,0xcc,0x99,0x00,0x00,
 0x00,0x33,0xcc,0x99,0x33,0xcc,0x99,0x33,
 0xcc,0x99,0x33,0xcc,0x99,0x33,0xcc,0x99,
 0x33,0xcc,0x99,0x33,0xcc,0x99,0x33,0xcc,
 0x99,0x33,0xcc,0x99,0x00,0x00,0x00,0x66,
 0xcc,0x99,0x66,0xcc,0x99,0x66,0xcc,0x99,
 0x66,0xcc,0x99,0x66,0xcc,0x99,0x66,0xcc,
 0x99,0x66,0xcc,0x99,0x66,0xcc,0x99,0x66,
 0xcc,0x99,0x00,0x00,0x00,0x99,0xcc,0x99,
 0x99,0xcc,0x99,0x99,0xcc,0x99,0x99,0xcc,
 0x99,0x99,0xcc,0x99,0x99,0xcc,0x99,0x99,
 0xcc,0x99,0x99,0xcc,0x99,0x99,0xcc,0x99,
 0x00,0x00,0x00,0xcc,0xcc,0x99,0xcc,0xcc,
 0x99,0xcc,0xcc,0x99,0xcc,0xcc,0x99,0xcc,
 0xcc,0x99,0xcc,0xcc,0x99,0xcc,0xcc,0x99,
 0xcc,0xcc,0x99,0xcc,0xcc,0x99,0x00,0x00,
 0x00,0xff,0xcc,0x99,0xff,0xcc,0x99,0xff,
 0xcc,0x99,0xff,0xcc,0x99,0xff,0xcc,0x99,
 0xff,0xcc,0x99,0xff,0xcc,0x99,0xff,0xcc,
 0x99,0xff,0xcc,0x99,0x00,0x00,0x00,0xff,
 0xcc,0x33,0xff,0xcc,0x33,0xff,0xcc,0x33,
 0xff,0xcc,0x33,0xff,0xcc,0x33,0xff,0xcc,
 0x33,0xff,0xcc,0x33,0xff,0xcc,0x33,0xff,
 0xcc,0x33,0x00,0x00,0x00,0xcc,0xcc,0x33,
 0xcc,0xcc,0x33,0xcc,0xcc,0x33,0xcc,0xcc,
 0x33,0xcc,0xcc,0x33,0xcc,0xcc,0x33,0xcc,
 0xcc,0x33,0xcc,0xcc,0x33,0xcc,0xcc,0x33,
 0x00,0x00,0x00,0x99,0xcc,0x33,0x99,0xcc,
 0x33,0x99,0xcc,0x33,0x99,0xcc,0x33,0x99,
 0xcc,0x33,0x99,0xcc,0x33,0x99,0xcc,0x33,
 0x99,0xcc,0x33,0x99,0xcc,0x33,0x00,0x00,
 0x00,0x66,0xcc,0x33,0x66,0xcc,0x33,0x66,
 0xcc,0x33,0x66,0xcc,0x33,0x66,0xcc,0x33,
 0x66,0xcc,0x33,0x66,0xcc,0x33,0x66,0xcc,
 0x33,0x66,0xcc,0x33,0x00,0x00,0x00,0x33,
 0xcc,0x33,0x33,0xcc,0x33,0x33,0xcc,0x33,
 0x33,0xcc,0x33,0x33,0xcc,0x33,0x33,0xcc,
 0x33,0x33,0xcc,0x33,0x33,0xcc,0x33,0x33,
 0xcc,0x33,0x00,0x00,0x00,0x00,0xcc,0x33,
 0x00,0xcc,0x33,0x00,0xcc,0x33,0x00,0xcc,
 0x33,0x00,0xcc,0x33,0x00,0xcc,0x33,0x00,
 0xcc,0x33,0x00,0xcc,0x33,0x00,0xcc,0x33,
 0x00,0x00,0x00,0x00,0x00,0x00,0x00,0x00,
 0x00,0x00,0x00,0x00,0x00,0x00,0x00,0x00,
 0x00,0x00,0x00,0x00,0x00,0x00,0x00,0x00,
 0x00,0x00,0x00,0x00,0x00,0x00,0x00,0x00,
 0x00,0x00,0x00,0x00,0x00,0x00,0x00,0x00,
 0x00,0x00,0x00,0x00,0x00,0x00,0x00,0x00,
 0x00,0x00,0x00,0x00,0x00,0x00,0x00,0x00,
 0x00,0x00,0x00,0x00,0x00,0x00,0x00,0x00,
 0x00,0x00,0x00,0x00,0x00,0x00,0x00,0x00,
 0x00,0x00,0x00,0x00,0x00,0x00,0x00,0x00,
 0x00,0x00,0x00,0x00,0x00,0x00,0x00,0x00,
 0x00,0x00,0x00,0x00,0x00,0x00,0x00,0x00,
 0x00,0x00,0x00,0x00,0x00,0x00,0x00,0x00,
 0x00,0x00,0x00,0x00,0x00,0x00,0x00,0x00,
 0x00,0x00,0x00,0x00,0x00,0x00,0x00,0x00,
 0x00,0x00,0x00,0x00,0x00,0x00,0x00,0x00,
 0x00,0x00,0x00,0x00,0x00,0x00,0x00,0x00,
 0x00,0x00,0x00,0x00,0x00,0x00,0x00,0x00,
 0x00,0x00,0x00,0x00,0x00,0x00,0x00,0x00,
 0x00,0x00,0x00,0x00,0x00,0x00,0x00,0x00,
 0x00,0x00,0x00,0x00,0x00,0x00,0x00,0x00,
 0x00,0x00,0x00,0x00,0x00,0x00,0x00,0x00,
 0x00,0x00,0x00,0x00,0x00,0x00,0x00,0x00,
 0x00,0x00,0x00,0x00,0x00,0x00,0x00,0x00,
 0x00,0x00,0x00,0x00,0x00,0x00,0x00,0x00,
 0x00,0x00,0x00,0x00,0x00,0x00,0x00,0x00,
 0x00,0x00,0x00,0x00,0x00,0x00,0x00,0x00,
 0x00,0x00,0x00,0x00,0x00,0x00,0x00,0x00,
 0x00,0x00,0x00,0x00,0x00,0x00,0x00,0x00,
 0x00,0x00,0x00,0x00,0x00,0x00,0x00,0x00,
 0x00,0x00,0x00,0x00,0x00,0x00,0x00,0x00,
 0x00,0x00,0x00,0x00,0x00,0x00,0x00,0x00,
 0x00,0x00,0x00,0x00,0x00,0x00,0x00,0x00,
 0x00,0x00,0x00,0x00,0x00,0x00,0x00,0x00,
 0x00,0x00,0x00,0x00,0x00,0x00,0x00,0x00,
 0x00,0x00,0x00,0x00,0x00,0x00,0x00,0x00,
 0x00,0x00,0x00,0x00,0x00,0x00,0x00,0x00,
 0x00,0x00,0x00,0x00,0x00,0x00,0x00,0x00,
 0x00,0x00,0x00,0x00,0x00,0x00,0x00,0x00,
 0x00,0x00,0x00,0x00,0x00,0x00,0x00,0x00,
 0x00,0x00,0x00,0x00,0x00,0x00,0x00,0x00,
 0x00,0x00,0x00,0x00,0x00,0x00,0x00,0x00,
 0x00,0x00,0x00,0x00,0x00,0x00,0x00,0x00,
 0x00,0x00,0x00,0x00,0x00,0x00,0x00,0x00,
 0x00,0x00,0x00,0x00,0x00,0x00,0x00,0x00,
 0x00,0x00,0x00,0x00,0x00,0x00,0x00,0x00,
 0x00,0x00,0x00,0x00,0x00,0x00,0x00,0x00,
 0x00,0x00,0x00,0x00,0x00,0x00,0x00,0x00,
 0x00,0x00,0x00,0x00,0x00,0x00,0x00,0x00,
 0x00,0x00,0x00,0x00,0x00,0x00,0x00,0x00,
 0x00,0x00,0x00,0x00,0x00,0x00,0x00,0x00,
 0x00,0x00,0x00,0x00,0x00,0x00,0x00,0x00,
 0x00,0x00,0x00,0x00,0x00,0x00,0x00,0x00,
 0x00,0x00,0x00,0x00,0x00,0x00,0x00,0x00,
 0x00,0x00,0x00,0x00,0x00,0x00,0x00,0x00,
 0x00,0x00,0x00,0x00,0x00,0x00,0x00,0x00,
 0x00,0x00,0x00,0x00,0x00,0x00,0x00,0x00,
 0x00,0x00,0x00,0x00,0x00,0x00,0x00,0x00,
 0x00,0x00,0x00,0x00,0x00,0x00,0x00,0x00,
 0x00,0x00,0x00,0x00,0x00,0x00,0x00,0x00,
 0x00,0x00,0x00,0x00,0x00,0x00,0x00,0x00,
 0x00,0x00,0x00,0x00,0x00,0x00,0x00,0x00,
 0x00,0x00,0x00,0x00,0x00,0x00,0x00,0x00,
 0x00,0x00,0x00,0x00,0x00,0x00,0x00,0x00,
 0x00,0x00,0x00,0x00,0x00,0x00,0x00,0x00,
 0x00,0x00,0x00,0x00,0x00,0x00,0x00,0x00,
 0x00,0x00,0x00,0x00,0x00,0x00,0x00,0x00,
 0x00,0x00,0x00,0x00,0x00,0x00,0x00,0x00,
 0x00,0x00,0x00,0x00,0x00,0x00,0x00,0x00,
 0x00,0x00,0x00,0x00,0x00,0x00,0x00,0x00,
 0x00,0x00,0x00,0x00,0x00,0x00,0x00,0x00,
 0x00,0x00,0x00,0x00,0x00,0x00,0x00,0x00,
 0x00,0x00,0x00,0x00,0x00,0x00,0x00,0x00,
 0x00,0x00,0xff,0xff,0x00,0xff,0xff,0x00,
 0xff,0xff,0x00,0xff,0xff,0x00,0xff,0xff,
 0x00,0xff,0xff,0x00,0xff,0xff,0x00,0xff,
 0xff,0x00,0xff,0xff,0x00,0x00,0x00,0xff,
 0x99,0xff,0xff,0x99,0xff,0xff,0x99,0xff,
 0xff,0x99,0xff,0xff,0x99,0xff,0xff,0x99,
 0xff,0xff,0x99,0xff,0xff,0x99,0xff,0xff,
 0x99,0xff,0x00,0x00,0x00,0xcc,0x99,0xff,
 0xcc,0x99,0xff,0xcc,0x99,0xff,0xcc,0x99,
 0xff,0xcc,0x99,0xff,0xcc,0x99,0xff,0xcc,
 0x99,0xff,0xcc,0x99,0xff,0xcc,0x99,0xff,
 0x00,0x00,0x00,0x99,0x99,0xff,0x99,0x99,
 0xff,0x99,0x99,0xff,0x99,0x99,0xff,0x99,
 0x99,0xff,0x99,0x99,0xff,0x99,0x99,0xff,
 0x99,0x99,0xff,0x99,0x99,0xff,0x00,0x00,
 0x00,0x66,0x99,0xff,0x66,0x99,0xff,0x66,
 0x99,0xff,0x66,0x99,0xff,0x66,0x99,0xff,
 0x66,0x99,0xff,0x66,0x99,0xff,0x66,0x99,
 0xff,0x66,0x99,0xff,0x00,0x00,0x00,0x33,
 0x99,0xff,0x33,0x99,0xff,0x33,0x99,0xff,
 0x33,0x99,0xff,0x33,0x99,0xff,0x33,0x99,
 0xff,0x33,0x99,0xff,0x33,0x99,0xff,0x33,
 0x99,0xff,0x00,0x00,0x00,0x00,0x99,0xff,
 0x00,0x99,0xff,0x00,0x99,0xff,0x00,0x99,
 0xff,0x00,0x99,0xff,0x00,0x99,0xff,0x00,
 0x99,0xff,0x00,0x99,0xff,0x00,0x99,0xff,
 0x00,0x00,0x00,0x00,0x99,0x99,0x00,0x99,
 0x99,0x00,0x99,0x99,0x00,0x99,0x99,0x00,
 0x99,0x99,0x00,0x99,0x99,0x00,0x99,0x99,
 0x00,0x99,0x99,0x00,0x99,0x99,0x00,0x00,
 0x00,0x33,0x99,0x99,0x33,0x99,0x99,0x33,
 0x99,0x99,0x33,0x99,0x99,0x33,0x99,0x99,
 0x33,0x99,0x99,0x33,0x99,0x99,0x33,0x99,
 0x99,0x33,0x99,0x99,0x00,0x00,0x00,0x66,
 0x99,0x99,0x66,0x99,0x99,0x66,0x99,0x99,
 0x66,0x99,0x99,0x66,0x99,0x99,0x66,0x99,
 0x99,0x66,0x99,0x99,0x66,0x99,0x99,0x66,
 0x99,0x99,0x00,0x00,0x00,0x99,0x99,0x99,
 0x99,0x99,0x99,0x99,0x99,0x99,0x99,0x99,
 0x99,0x99,0x99,0x99,0x99,0x99,0x99,0x99,
 0x99,0x99,0x99,0x99,0x99,0x99,0x99,0x99,
 0x00,0x00,0x00,0xcc,0x99,0x99,0xcc,0x99,
 0x99,0xcc,0x99,0x99,0xcc,0x99,0x99,0xcc,
 0x99,0x99,0xcc,0x99,0x99,0xcc,0x99,0x99,
 0xcc,0x99,0x99,0xcc,0x99,0x99,0x00,0x00,
 0x00,0xff,0x99,0x99,0xff,0x99,0x99,0xff,
 0x99,0x99,0xff,0x99,0x99,0xff,0x99,0x99,
 0xff,0x99,0x99,0xff,0x99,0x99,0xff,0x99,
 0x99,0xff,0x99,0x99,0x00,0x00,0x00,0xff,
 0x99,0x33,0xff,0x99,0x33,0xff,0x99,0x33,
 0xff,0x99,0x33,0xff,0x99,0x33,0xff,0x99,
 0x33,0xff,0x99,0x33,0xff,0x99,0x33,0xff,
 0x99,0x33,0x00,0x00,0x00,0xcc,0x99,0x33,
 0xcc,0x99,0x33,0xcc,0x99,0x33,0xcc,0x99,
 0x33,0xcc,0x99,0x33,0xcc,0x99,0x33,0xcc,
 0x99,0x33,0xcc,0x99,0x33,0xcc,0x99,0x33,
 0x00,0x00,0x00,0x99,0x99,0x33,0x99,0x99,
 0x33,0x99,0x99,0x33,0x99,0x99,0x33,0x99,
 0x99,0x33,0x99,0x99,0x33,0x99,0x99,0x33,
 0x99,0x99,0x33,0x99,0x99,0x33,0x00,0x00,
 0x00,0x66,0x99,0x33,0x66,0x99,0x33,0x66,
 0x99,0x33,0x66,0x99,0x33,0x66,0x99,0x33,
 0x66,0x99,0x33,0x66,0x99,0x33,0x66,0x99,
 0x33,0x66,0x99,0x33,0x00,0x00,0x00,0x33,
 0x99,0x33,0x33,0x99,0x33,0x33,0x99,0x33,
 0x33,0x99,0x33,0x33,0x99,0x33,0x33,0x99,
 0x33,0x33,0x99,0x33,0x33,0x99,0x33,0x33,
 0x99,0x33,0x00,0x00,0x00,0x00,0x99,0x33,
 0x00,0x99,0x33,0x00,0x99,0x33,0x00,0x99,
 0x33,0x00,0x99,0x33,0x00,0x99,0x33,0x00,
 0x99,0x33,0x00,0x99,0x33,0x00,0x99,0x33,
 0x00,0x00,0x00,0x00,0x00,0x00,0x00,0x00,
 0x00,0x00,0xff,0xff,0x00,0xff,0xff,0x00,
 0xff,0xff,0x00,0xff,0xff,0x00,0xff,0xff,
 0x00,0xff,0xff,0x00,0xff,0xff,0x00,0xff,
 0xff,0x00,0xff,0xff,0x00,0x00,0x00,0xff,
 0x99,0xff,0xff,0x99,0xff,0xff,0x99,0xff,
 0xff,0x99,0xff,0xff,0x99,0xff,0xff,0x99,
 0xff,0xff,0x99,0xff,0xff,0x99,0xff,0xff,
 0x99,0xff,0x00,0x00,0x00,0xcc,0x99,0xff,
 0xcc,0x99,0xff,0xcc,0x99,0xff,0xcc,0x99,
 0xff,0xcc,0x99,0xff,0xcc,0x99,0xff,0xcc,
 0x99,0xff,0xcc,0x99,0xff,0xcc,0x99,0xff,
 0x00,0x00,0x00,0x99,0x99,0xff,0x99,0x99,
 0xff,0x99,0x99,0xff,0x99,0x99,0xff,0x99,
 0x99,0xff,0x99,0x99,0xff,0x99,0x99,0xff,
 0x99,0x99,0xff,0x99,0x99,0xff,0x00,0x00,
 0x00,0x66,0x99,0xff,0x66,0x99,0xff,0x66,
 0x99,0xff,0x66,0x99,0xff,0x66,0x99,0xff,
 0x66,0x99,0xff,0x66,0x99,0xff,0x66,0x99,
 0xff,0x66,0x99,0xff,0x00,0x00,0x00,0x33,
 0x99,0xff,0x33,0x99,0xff,0x33,0x99,0xff,
 0x33,0x99,0xff,0x33,0x99,0xff,0x33,0x99,
 0xff,0x33,0x99,0xff,0x33,0x99,0xff,0x33,
 0x99,0xff,0x00,0x00,0x00,0x00,0x99,0xff,
 0x00,0x99,0xff,0x00,0x99,0xff,0x00,0x99,
 0xff,0x00,0x99,0xff,0x00,0x99,0xff,0x00,
 0x99,0xff,0x00,0x99,0xff,0x00,0x99,0xff,
 0x00,0x00,0x00,0x00,0x99,0x99,0x00,0x99,
 0x99,0x00,0x99,0x99,0x00,0x99,0x99,0x00,
 0x99,0x99,0x00,0x99,0x99,0x00,0x99,0x99,
 0x00,0x99,0x99,0x00,0x99,0x99,0x00,0x00,
 0x00,0x33,0x99,0x99,0x33,0x99,0x99,0x33,
 0x99,0x99,0x33,0x99,0x99,0x33,0x99,0x99,
 0x33,0x99,0x99,0x33,0x99,0x99,0x33,0x99,
 0x99,0x33,0x99,0x99,0x00,0x00,0x00,0x66,
 0x99,0x99,0x66,0x99,0x99,0x66,0x99,0x99,
 0x66,0x99,0x99,0x66,0x99,0x99,0x66,0x99,
 0x99,0x66,0x99,0x99,0x66,0x99,0x99,0x66,
 0x99,0x99,0x00,0x00,0x00,0x99,0x99,0x99,
 0x99,0x99,0x99,0x99,0x99,0x99,0x99,0x99,
 0x99,0x99,0x99,0x99,0x99,0x99,0x99,0x99,
 0x99,0x99,0x99,0x99,0x99,0x99,0x99,0x99,
 0x00,0x00,0x00,0xcc,0x99,0x99,0xcc,0x99,
 0x99,0xcc,0x99,0x99,0xcc,0x99,0x99,0xcc,
 0x99,0x99,0xcc,0x99,0x99,0xcc,0x99,0x99,
 0xcc,0x99,0x99,0xcc,0x99,0x99,0x00,0x00,
 0x00,0xff,0x99,0x99,0xff,0x99,0x99,0xff,
 0x99,0x99,0xff,0x99,0x99,0xff,0x99,0x99,
 0xff,0x99,0x99,0xff,0x99,0x99,0xff,0x99,
 0x99,0xff,0x99,0x99,0x00,0x00,0x00,0xff,
 0x99,0x33,0xff,0x99,0x33,0xff,0x99,0x33,
 0xff,0x99,0x33,0xff,0x99,0x33,0xff,0x99,
 0x33,0xff,0x99,0x33,0xff,0x99,0x33,0xff,
 0x99,0x33,0x00,0x00,0x00,0xcc,0x99,0x33,
 0xcc,0x99,0x33,0xcc,0x99,0x33,0xcc,0x99,
 0x33,0xcc,0x99,0x33,0xcc,0x99,0x33,0xcc,
 0x99,0x33,0xcc,0x99,0x33,0xcc,0x99,0x33,
 0x00,0x00,0x00,0x99,0x99,0x33,0x99,0x99,
 0x33,0x99,0x99,0x33,0x99,0x99,0x33,0x99,
 0x99,0x33,0x99,0x99,0x33,0x99,0x99,0x33,
 0x99,0x99,0x33,0x99,0x99,0x33,0x00,0x00,
 0x00,0x66,0x99,0x33,0x66,0x99,0x33,0x66,
 0x99,0x33,0x66,0x99,0x33,0x66,0x99,0x33,
 0x66,0x99,0x33,0x66,0x99,0x33,0x66,0x99,
 0x33,0x66,0x99,0x33,0x00,0x00,0x00,0x33,
 0x99,0x33,0x33,0x99,0x33,0x33,0x99,0x33,
 0x33,0x99,0x33,0x33,0x99,0x33,0x33,0x99,
 0x33,0x33,0x99,0x33,0x33,0x99,0x33,0x33,
 0x99,0x33,0x00,0x00,0x00,0x00,0x99,0x33,
 0x00,0x99,0x33,0x00,0x99,0x33,0x00,0x99,
 0x33,0x00,0x99,0x33,0x00,0x99,0x33,0x00,
 0x99,0x33,0x00,0x99,0x33,0x00,0x99,0x33,
 0x00,0x00,0x00,0x00,0x00,0x00,0x00,0x00,
 0x00,0x00,0xff,0xff,0x00,0xff,0xff,0x00,
 0xff,0xff,0x00,0xff,0xff,0x00,0xff,0xff,
 0x00,0xff,0xff,0x00,0xff,0xff,0x00,0xff,
 0xff,0x00,0xff,0xff,0x00,0x00,0x00,0xff,
 0x99,0xff,0xff,0x99,0xff,0xff,0x99,0xff,
 0xff,0x99,0xff,0xff,0x99,0xff,0xff,0x99,
 0xff,0xff,0x99,0xff,0xff,0x99,0xff,0xff,
 0x99,0xff,0x00,0x00,0x00,0xcc,0x99,0xff,
 0xcc,0x99,0xff,0xcc,0x99,0xff,0xcc,0x99,
 0xff,0xcc,0x99,0xff,0xcc,0x99,0xff,0xcc,
 0x99,0xff,0xcc,0x99,0xff,0xcc,0x99,0xff,
 0x00,0x00,0x00,0x99,0x99,0xff,0x99,0x99,
 0xff,0x99,0x99,0xff,0x99,0x99,0xff,0x99,
 0x99,0xff,0x99,0x99,0xff,0x99,0x99,0xff,
 0x99,0x99,0xff,0x99,0x99,0xff,0x00,0x00,
 0x00,0x66,0x99,0xff,0x66,0x99,0xff,0x66,
 0x99,0xff,0x66,0x99,0xff,0x66,0x99,0xff,
 0x66,0x99,0xff,0x66,0x99,0xff,0x66,0x99,
 0xff,0x66,0x99,0xff,0x00,0x00,0x00,0x33,
 0x99,0xff,0x33,0x99,0xff,0x33,0x99,0xff,
 0x33,0x99,0xff,0x33,0x99,0xff,0x33,0x99,
 0xff,0x33,0x99,0xff,0x33,0x99,0xff,0x33,
 0x99,0xff,0x00,0x00,0x00,0x00,0x99,0xff,
 0x00,0x99,0xff,0x00,0x99,0xff,0x00,0x99,
 0xff,0x00,0x99,0xff,0x00,0x99,0xff,0x00,
 0x99,0xff,0x00,0x99,0xff,0x00,0x99,0xff,
 0x00,0x00,0x00,0x00,0x99,0x99,0x00,0x99,
 0x99,0x00,0x99,0x99,0x00,0x99,0x99,0x00,
 0x99,0x99,0x00,0x99,0x99,0x00,0x99,0x99,
 0x00,0x99,0x99,0x00,0x99,0x99,0x00,0x00,
 0x00,0x33,0x99,0x99,0x33,0x99,0x99,0x33,
 0x99,0x99,0x33,0x99,0x99,0x33,0x99,0x99,
 0x33,0x99,0x99,0x33,0x99,0x99,0x33,0x99,
 0x99,0x33,0x99,0x99,0x00,0x00,0x00,0x66,
 0x99,0x99,0x66,0x99,0x99,0x66,0x99,0x99,
 0x66,0x99,0x99,0x66,0x99,0x99,0x66,0x99,
 0x99,0x66,0x99,0x99,0x66,0x99,0x99,0x66,
 0x99,0x99,0x00,0x00,0x00,0x99,0x99,0x99,
 0x99,0x99,0x99,0x99,0x99,0x99,0x99,0x99,
 0x99,0x99,0x99,0x99,0x99,0x99,0x99,0x99,
 0x99,0x99,0x99,0x99,0x99,0x99,0x99,0x99,
 0x00,0x00,0x00,0xcc,0x99,0x99,0xcc,0x99,
 0x99,0xcc,0x99,0x99,0xcc,0x99,0x99,0xcc,
 0x99,0x99,0xcc,0x99,0x99,0xcc,0x99,0x99,
 0xcc,0x99,0x99,0xcc,0x99,0x99,0x00,0x00,
 0x00,0xff,0x99,0x99,0xff,0x99,0x99,0xff,
 0x99,0x99,0xff,0x99,0x99,0xff,0x99,0x99,
 0xff,0x99,0x99,0xff,0x99,0x99,0xff,0x99,
 0x99,0xff,0x99,0x99,0x00,0x00,0x00,0xff,
 0x99,0x33,0xff,0x99,0x33,0xff,0x99,0x33,
 0xff,0x99,0x33,0xff,0x99,0x33,0xff,0x99,
 0x33,0xff,0x99,0x33,0xff,0x99,0x33,0xff,
 0x99,0x33,0x00,0x00,0x00,0xcc,0x99,0x33,
 0xcc,0x99,0x33,0xcc,0x99,0x33,0xcc,0x99,
 0x33,0xcc,0x99,0x33,0xcc,0x99,0x33,0xcc,
 0x99,0x33,0xcc,0x99,0x33,0xcc,0x99,0x33,
 0x00,0x00,0x00,0x99,0x99,0x33,0x99,0x99,
 0x33,0x99,0x99,0x33,0x99,0x99,0x33,0x99,
 0x99,0x33,0x99,0x99,0x33,0x99,0x99,0x33,
 0x99,0x99,0x33,0x99,0x99,0x33,0x00,0x00,
 0x00,0x66,0x99,0x33,0x66,0x99,0x33,0x66,
 0x99,0x33,0x66,0x99,0x33,0x66,0x99,0x33,
 0x66,0x99,0x33,0x66,0x99,0x33,0x66,0x99,
 0x33,0x66,0x99,0x33,0x00,0x00,0x00,0x33,
 0x99,0x33,0x33,0x99,0x33,0x33,0x99,0x33,
 0x33,0x99,0x33,0x33,0x99,0x33,0x33,0x99,
 0x33,0x33,0x99,0x33,0x33,0x99,0x33,0x33,
 0x99,0x33,0x00,0x00,0x00,0x00,0x99,0x33,
 0x00,0x99,0x33,0x00,0x99,0x33,0x00,0x99,
 0x33,0x00,0x99,0x33,0x00,0x99,0x33,0x00,
 0x99,0x33,0x00,0x99,0x33,0x00,0x99,0x33,
 0x00,0x00,0x00,0x00,0x00,0x00,0x00,0x00,
 0x00,0x00,0xff,0xff,0x00,0xff,0xff,0x00,
 0xff,0xff,0x00,0xff,0xff,0x00,0xff,0xff,
 0x00,0xff,0xff,0x00,0xff,0xff,0x00,0xff,
 0xff,0x00,0xff,0xff,0x00,0x00,0x00,0xff,
 0x99,0xff,0xff,0x99,0xff,0xff,0x99,0xff,
 0xff,0x99,0xff,0xff,0x99,0xff,0xff,0x99,
 0xff,0xff,0x99,0xff,0xff,0x99,0xff,0xff,
 0x99,0xff,0x00,0x00,0x00,0xcc,0x99,0xff,
 0xcc,0x99,0xff,0xcc,0x99,0xff,0xcc,0x99,
 0xff,0xcc,0x99,0xff,0xcc,0x99,0xff,0xcc,
 0x99,0xff,0xcc,0x99,0xff,0xcc,0x99,0xff,
 0x00,0x00,0x00,0x99,0x99,0xff,0x99,0x99,
 0xff,0x99,0x99,0xff,0x99,0x99,0xff,0x99,
 0x99,0xff,0x99,0x99,0xff,0x99,0x99,0xff,
 0x99,0x99,0xff,0x99,0x99,0xff,0x00,0x00,
 0x00,0x66,0x99,0xff,0x66,0x99,0xff,0x66,
 0x99,0xff,0x66,0x99,0xff,0x66,0x99,0xff,
 0x66,0x99,0xff,0x66,0x99,0xff,0x66,0x99,
 0xff,0x66,0x99,0xff,0x00,0x00,0x00,0x33,
 0x99,0xff,0x33,0x99,0xff,0x33,0x99,0xff,
 0x33,0x99,0xff,0x33,0x99,0xff,0x33,0x99,
 0xff,0x33,0x99,0xff,0x33,0x99,0xff,0x33,
 0x99,0xff,0x00,0x00,0x00,0x00,0x99,0xff,
 0x00,0x99,0xff,0x00,0x99,0xff,0x00,0x99,
 0xff,0x00,0x99,0xff,0x00,0x99,0xff,0x00,
 0x99,0xff,0x00,0x99,0xff,0x00,0x99,0xff,
 0x00,0x00,0x00,0x00,0x99,0x99,0x00,0x99,
 0x99,0x00,0x99,0x99,0x00,0x99,0x99,0x00,
 0x99,0x99,0x00,0x99,0x99,0x00,0x99,0x99,
 0x00,0x99,0x99,0x00,0x99,0x99,0x00,0x00,
 0x00,0x33,0x99,0x99,0x33,0x99,0x99,0x33,
 0x99,0x99,0x33,0x99,0x99,0x33,0x99,0x99,
 0x33,0x99,0x99,0x33,0x99,0x99,0x33,0x99,
 0x99,0x33,0x99,0x99,0x00,0x00,0x00,0x66,
 0x99,0x99,0x66,0x99,0x99,0x66,0x99,0x99,
 0x66,0x99,0x99,0x66,0x99,0x99,0x66,0x99,
 0x99,0x66,0x99,0x99,0x66,0x99,0x99,0x66,
 0x99,0x99,0x00,0x00,0x00,0x99,0x99,0x99,
 0x99,0x99,0x99,0x99,0x99,0x99,0x99,0x99,
 0x99,0x99,0x99,0x99,0x99,0x99,0x99,0x99,
 0x99,0x99,0x99,0x99,0x99,0x99,0x99,0x99,
 0x00,0x00,0x00,0xcc,0x99,0x99,0xcc,0x99,
 0x99,0xcc,0x99,0x99,0xcc,0x99,0x99,0xcc,
 0x99,0x99,0xcc,0x99,0x99,0xcc,0x99,0x99,
 0xcc,0x99,0x99,0xcc,0x99,0x99,0x00,0x00,
 0x00,0xff,0x99,0x99,0xff,0x99,0x99,0xff,
 0x99,0x99,0xff,0x99,0x99,0xff,0x99,0x99,
 0xff,0x99,0x99,0xff,0x99,0x99,0xff,0x99,
 0x99,0xff,0x99,0x99,0x00,0x00,0x00,0xff,
 0x99,0x33,0xff,0x99,0x33,0xff,0x99,0x33,
 0xff,0x99,0x33,0xff,0x99,0x33,0xff,0x99,
 0x33,0xff,0x99,0x33,0xff,0x99,0x33,0xff,
 0x99,0x33,0x00,0x00,0x00,0xcc,0x99,0x33,
 0xcc,0x99,0x33,0xcc,0x99,0x33,0xcc,0x99,
 0x33,0xcc,0x99,0x33,0xcc,0x99,0x33,0xcc,
 0x99,0x33,0xcc,0x99,0x33,0xcc,0x99,0x33,
 0x00,0x00,0x00,0x99,0x99,0x33,0x99,0x99,
 0x33,0x99,0x99,0x33,0x99,0x99,0x33,0x99,
 0x99,0x33,0x99,0x99,0x33,0x99,0x99,0x33,
 0x99,0x99,0x33,0x99,0x99,0x33,0x00,0x00,
 0x00,0x66,0x99,0x33,0x66,0x99,0x33,0x66,
 0x99,0x33,0x66,0x99,0x33,0x66,0x99,0x33,
 0x66,0x99,0x33,0x66,0x99,0x33,0x66,0x99,
 0x33,0x66,0x99,0x33,0x00,0x00,0x00,0x33,
 0x99,0x33,0x33,0x99,0x33,0x33,0x99,0x33,
 0x33,0x99,0x33,0x33,0x99,0x33,0x33,0x99,
 0x33,0x33,0x99,0x33,0x33,0x99,0x33,0x33,
 0x99,0x33,0x00,0x00,0x00,0x00,0x99,0x33,
 0x00,0x99,0x33,0x00,0x99,0x33,0x00,0x99,
 0x33,0x00,0x99,0x33,0x00,0x99,0x33,0x00,
 0x99,0x33,0x00,0x99,0x33,0x00,0x99,0x33,
 0x00,0x00,0x00,0x00,0x00,0x00,0x00,0x00,
 0x00,0x00,0xff,0xff,0x00,0xff,0xff,0x00,
 0xff,0xff,0x00,0xff,0xff,0x00,0xff,0xff,
 0x00,0xff,0xff,0x00,0xff,0xff,0x00,0xff,
 0xff,0x00,0xff,0xff,0x00,0x00,0x00,0xff,
 0x99,0xff,0xff,0x99,0xff,0xff,0x99,0xff,
 0xff,0x99,0xff,0xff,0x99,0xff,0xff,0x99,
 0xff,0xff,0x99,0xff,0xff,0x99,0xff,0xff,
 0x99,0xff,0x00,0x00,0x00,0xcc,0x99,0xff,
 0xcc,0x99,0xff,0xcc,0x99,0xff,0xcc,0x99,
 0xff,0xcc,0x99,0xff,0xcc,0x99,0xff,0xcc,
 0x99,0xff,0xcc,0x99,0xff,0xcc,0x99,0xff,
 0x00,0x00,0x00,0x99,0x99,0xff,0x99,0x99,
 0xff,0x99,0x99,0xff,0x99,0x99,0xff,0x99,
 0x99,0xff,0x99,0x99,0xff,0x99,0x99,0xff,
 0x99,0x99,0xff,0x99,0x99,0xff,0x00,0x00,
 0x00,0x66,0x99,0xff,0x66,0x99,0xff,0x66,
 0x99,0xff,0x66,0x99,0xff,0x66,0x99,0xff,
 0x66,0x99,0xff,0x66,0x99,0xff,0x66,0x99,
 0xff,0x66,0x99,0xff,0x00,0x00,0x00,0x33,
 0x99,0xff,0x33,0x99,0xff,0x33,0x99,0xff,
 0x33,0x99,0xff,0x33,0x99,0xff,0x33,0x99,
 0xff,0x33,0x99,0xff,0x33,0x99,0xff,0x33,
 0x99,0xff,0x00,0x00,0x00,0x00,0x99,0xff,
 0x00,0x99,0xff,0x00,0x99,0xff,0x00,0x99,
 0xff,0x00,0x99,0xff,0x00,0x99,0xff,0x00,
 0x99,0xff,0x00,0x99,0xff,0x00,0x99,0xff,
 0x00,0x00,0x00,0x00,0x99,0x99,0x00,0x99,
 0x99,0x00,0x99,0x99,0x00,0x99,0x99,0x00,
 0x99,0x99,0x00,0x99,0x99,0x00,0x99,0x99,
 0x00,0x99,0x99,0x00,0x99,0x99,0x00,0x00,
 0x00,0x33,0x99,0x99,0x33,0x99,0x99,0x33,
 0x99,0x99,0x33,0x99,0x99,0x33,0x99,0x99,
 0x33,0x99,0x99,0x33,0x99,0x99,0x33,0x99,
 0x99,0x33,0x99,0x99,0x00,0x00,0x00,0x66,
 0x99,0x99,0x66,0x99,0x99,0x66,0x99,0x99,
 0x66,0x99,0x99,0x66,0x99,0x99,0x66,0x99,
 0x99,0x66,0x99,0x99,0x66,0x99,0x99,0x66,
 0x99,0x99,0x00,0x00,0x00,0x99,0x99,0x99,
 0x99,0x99,0x99,0x99,0x99,0x99,0x99,0x99,
 0x99,0x99,0x99,0x99,0x99,0x99,0x99,0x99,
 0x99,0x99,0x99,0x99,0x99,0x99,0x99,0x99,
 0x00,0x00,0x00,0xcc,0x99,0x99,0xcc,0x99,
 0x99,0xcc,0x99,0x99,0xcc,0x99,0x99,0xcc,
 0x99,0x99,0xcc,0x99,0x99,0xcc,0x99,0x99,
 0xcc,0x99,0x99,0xcc,0x99,0x99,0x00,0x00,
 0x00,0xff,0x99,0x99,0xff,0x99,0x99,0xff,
 0x99,0x99,0xff,0x99,0x99,0xff,0x99,0x99,
 0xff,0x99,0x99,0xff,0x99,0x99,0xff,0x99,
 0x99,0xff,0x99,0x99,0x00,0x00,0x00,0xff,
 0x99,0x33,0xff,0x99,0x33,0xff,0x99,0x33,
 0xff,0x99,0x33,0xff,0x99,0x33,0xff,0x99,
 0x33,0xff,0x99,0x33,0xff,0x99,0x33,0xff,
 0x99,0x33,0x00,0x00,0x00,0xcc,0x99,0x33,
 0xcc,0x99,0x33,0xcc,0x99,0x33,0xcc,0x99,
 0x33,0xcc,0x99,0x33,0xcc,0x99,0x33,0xcc,
 0x99,0x33,0xcc,0x99,0x33,0xcc,0x99,0x33,
 0x00,0x00,0x00,0x99,0x99,0x33,0x99,0x99,
 0x33,0x99,0x99,0x33,0x99,0x99,0x33,0x99,
 0x99,0x33,0x99,0x99,0x33,0x99,0x99,0x33,
 0x99,0x99,0x33,0x99,0x99,0x33,0x00,0x00,
 0x00,0x66,0x99,0x33,0x66,0x99,0x33,0x66,
 0x99,0x33,0x66,0x99,0x33,0x66,0x99,0x33,
 0x66,0x99,0x33,0x66,0x99,0x33,0x66,0x99,
 0x33,0x66,0x99,0x33,0x00,0x00,0x00,0x33,
 0x99,0x33,0x33,0x99,0x33,0x33,0x99,0x33,
 0x33,0x99,0x33,0x33,0x99,0x33,0x33,0x99,
 0x33,0x33,0x99,0x33,0x33,0x99,0x33,0x33,
 0x99,0x33,0x00,0x00,0x00,0x00,0x99,0x33,
 0x00,0x99,0x33,0x00,0x99,0x33,0x00,0x99,
 0x33,0x00,0x99,0x33,0x00,0x99,0x33,0x00,
 0x99,0x33,0x00,0x99,0x33,0x00,0x99,0x33,
 0x00,0x00,0x00,0x00,0x00,0x00,0x00,0x00,
 0x00,0x00,0xff,0xff,0x00,0xff,0xff,0x00,
 0xff,0xff,0x00,0xff,0xff,0x00,0xff,0xff,
 0x00,0xff,0xff,0x00,0xff,0xff,0x00,0xff,
 0xff,0x00,0xff,0xff,0x00,0x00,0x00,0xff,
 0x99,0xff,0xff,0x99,0xff,0xff,0x99,0xff,
 0xff,0x99,0xff,0xff,0x99,0xff,0xff,0x99,
 0xff,0xff,0x99,0xff,0xff,0x99,0xff,0xff,
 0x99,0xff,0x00,0x00,0x00,0xcc,0x99,0xff,
 0xcc,0x99,0xff,0xcc,0x99,0xff,0xcc,0x99,
 0xff,0xcc,0x99,0xff,0xcc,0x99,0xff,0xcc,
 0x99,0xff,0xcc,0x99,0xff,0xcc,0x99,0xff,
 0x00,0x00,0x00,0x99,0x99,0xff,0x99,0x99,
 0xff,0x99,0x99,0xff,0x99,0x99,0xff,0x99,
 0x99,0xff,0x99,0x99,0xff,0x99,0x99,0xff,
 0x99,0x99,0xff,0x99,0x99,0xff,0x00,0x00,
 0x00,0x66,0x99,0xff,0x66,0x99,0xff,0x66,
 0x99,0xff,0x66,0x99,0xff,0x66,0x99,0xff,
 0x66,0x99,0xff,0x66,0x99,0xff,0x66,0x99,
 0xff,0x66,0x99,0xff,0x00,0x00,0x00,0x33,
 0x99,0xff,0x33,0x99,0xff,0x33,0x99,0xff,
 0x33,0x99,0xff,0x33,0x99,0xff,0x33,0x99,
 0xff,0x33,0x99,0xff,0x33,0x99,0xff,0x33,
 0x99,0xff,0x00,0x00,0x00,0x00,0x99,0xff,
 0x00,0x99,0xff,0x00,0x99,0xff,0x00,0x99,
 0xff,0x00,0x99,0xff,0x00,0x99,0xff,0x00,
 0x99,0xff,0x00,0x99,0xff,0x00,0x99,0xff,
 0x00,0x00,0x00,0x00,0x99,0x99,0x00,0x99,
 0x99,0x00,0x99,0x99,0x00,0x99,0x99,0x00,
 0x99,0x99,0x00,0x99,0x99,0x00,0x99,0x99,
 0x00,0x99,0x99,0x00,0x99,0x99,0x00,0x00,
 0x00,0x33,0x99,0x99,0x33,0x99,0x99,0x33,
 0x99,0x99,0x33,0x99,0x99,0x33,0x99,0x99,
 0x33,0x99,0x99,0x33,0x99,0x99,0x33,0x99,
 0x99,0x33,0x99,0x99,0x00,0x00,0x00,0x66,
 0x99,0x99,0x66,0x99,0x99,0x66,0x99,0x99,
 0x66,0x99,0x99,0x66,0x99,0x99,0x66,0x99,
 0x99,0x66,0x99,0x99,0x66,0x99,0x99,0x66,
 0x99,0x99,0x00,0x00,0x00,0x99,0x99,0x99,
 0x99,0x99,0x99,0x99,0x99,0x99,0x99,0x99,
 0x99,0x99,0x99,0x99,0x99,0x99,0x99,0x99,
 0x99,0x99,0x99,0x99,0x99,0x99,0x99,0x99,
 0x00,0x00,0x00,0xcc,0x99,0x99,0xcc,0x99,
 0x99,0xcc,0x99,0x99,0xcc,0x99,0x99,0xcc,
 0x99,0x99,0xcc,0x99,0x99,0xcc,0x99,0x99,
 0xcc,0x99,0x99,0xcc,0x99,0x99,0x00,0x00,
 0x00,0xff,0x99,0x99,0xff,0x99,0x99,0xff,
 0x99,0x99,0xff,0x99,0x99,0xff,0x99,0x99,
 0xff,0x99,0x99,0xff,0x99,0x99,0xff,0x99,
 0x99,0xff,0x99,0x99,0x00,0x00,0x00,0xff,
 0x99,0x33,0xff,0x99,0x33,0xff,0x99,0x33,
 0xff,0x99,0x33,0xff,0x99,0x33,0xff,0x99,
 0x33,0xff,0x99,0x33,0xff,0x99,0x33,0xff,
 0x99,0x33,0x00,0x00,0x00,0xcc,0x99,0x33,
 0xcc,0x99,0x33,0xcc,0x99,0x33,0xcc,0x99,
 0x33,0xcc,0x99,0x33,0xcc,0x99,0x33,0xcc,
 0x99,0x33,0xcc,0x99,0x33,0xcc,0x99,0x33,
 0x00,0x00,0x00,0x99,0x99,0x33,0x99,0x99,
 0x33,0x99,0x99,0x33,0x99,0x99,0x33,0x99,
 0x99,0x33,0x99,0x99,0x33,0x99,0x99,0x33,
 0x99,0x99,0x33,0x99,0x99,0x33,0x00,0x00,
 0x00,0x66,0x99,0x33,0x66,0x99,0x33,0x66,
 0x99,0x33,0x66,0x99,0x33,0x66,0x99,0x33,
 0x66,0x99,0x33,0x66,0x99,0x33,0x66,0x99,
 0x33,0x66,0x99,0x33,0x00,0x00,0x00,0x33,
 0x99,0x33,0x33,0x99,0x33,0x33,0x99,0x33,
 0x33,0x99,0x33,0x33,0x99,0x33,0x33,0x99,
 0x33,0x33,0x99,0x33,0x33,0x99,0x33,0x33,
 0x99,0x33,0x00,0x00,0x00,0x00,0x99,0x33,
 0x00,0x99,0x33,0x00,0x99,0x33,0x00,0x99,
 0x33,0x00,0x99,0x33,0x00,0x99,0x33,0x00,
 0x99,0x33,0x00,0x99,0x33,0x00,0x99,0x33,
 0x00,0x00,0x00,0x00,0x00,0x00,0x00,0x00,
 0x00,0x00,0xff,0xff,0x00,0xff,0xff,0x00,
 0xff,0xff,0x00,0xff,0xff,0x00,0xff,0xff,
 0x00,0xff,0xff,0x00,0xff,0xff,0x00,0xff,
 0xff,0x00,0xff,0xff,0x00,0x00,0x00,0xff,
 0x99,0xff,0xff,0x99,0xff,0xff,0x99,0xff,
 0xff,0x99,0xff,0xff,0x99,0xff,0xff,0x99,
 0xff,0xff,0x99,0xff,0xff,0x99,0xff,0xff,
 0x99,0xff,0x00,0x00,0x00,0xcc,0x99,0xff,
 0xcc,0x99,0xff,0xcc,0x99,0xff,0xcc,0x99,
 0xff,0xcc,0x99,0xff,0xcc,0x99,0xff,0xcc,
 0x99,0xff,0xcc,0x99,0xff,0xcc,0x99,0xff,
 0x00,0x00,0x00,0x99,0x99,0xff,0x99,0x99,
 0xff,0x99,0x99,0xff,0x99,0x99,0xff,0x99,
 0x99,0xff,0x99,0x99,0xff,0x99,0x99,0xff,
 0x99,0x99,0xff,0x99,0x99,0xff,0x00,0x00,
 0x00,0x66,0x99,0xff,0x66,0x99,0xff,0x66,
 0x99,0xff,0x66,0x99,0xff,0x66,0x99,0xff,
 0x66,0x99,0xff,0x66,0x99,0xff,0x66,0x99,
 0xff,0x66,0x99,0xff,0x00,0x00,0x00,0x33,
 0x99,0xff,0x33,0x99,0xff,0x33,0x99,0xff,
 0x33,0x99,0xff,0x33,0x99,0xff,0x33,0x99,
 0xff,0x33,0x99,0xff,0x33,0x99,0xff,0x33,
 0x99,0xff,0x00,0x00,0x00,0x00,0x99,0xff,
 0x00,0x99,0xff,0x00,0x99,0xff,0x00,0x99,
 0xff,0x00,0x99,0xff,0x00,0x99,0xff,0x00,
 0x99,0xff,0x00,0x99,0xff,0x00,0x99,0xff,
 0x00,0x00,0x00,0x00,0x99,0x99,0x00,0x99,
 0x99,0x00,0x99,0x99,0x00,0x99,0x99,0x00,
 0x99,0x99,0x00,0x99,0x99,0x00,0x99,0x99,
 0x00,0x99,0x99,0x00,0x99,0x99,0x00,0x00,
 0x00,0x33,0x99,0x99,0x33,0x99,0x99,0x33,
 0x99,0x99,0x33,0x99,0x99,0x33,0x99,0x99,
 0x33,0x99,0x99,0x33,0x99,0x99,0x33,0x99,
 0x99,0x33,0x99,0x99,0x00,0x00,0x00,0x66,
 0x99,0x99,0x66,0x99,0x99,0x66,0x99,0x99,
 0x66,0x99,0x99,0x66,0x99,0x99,0x66,0x99,
 0x99,0x66,0x99,0x99,0x66,0x99,0x99,0x66,
 0x99,0x99,0x00,0x00,0x00,0x99,0x99,0x99,
 0x99,0x99,0x99,0x99,0x99,0x99,0x99,0x99,
 0x99,0x99,0x99,0x99,0x99,0x99,0x99,0x99,
 0x99,0x99,0x99,0x99,0x99,0x99,0x99,0x99,
 0x00,0x00,0x00,0xcc,0x99,0x99,0xcc,0x99,
 0x99,0xcc,0x99,0x99,0xcc,0x99,0x99,0xcc,
 0x99,0x99,0xcc,0x99,0x99,0xcc,0x99,0x99,
 0xcc,0x99,0x99,0xcc,0x99,0x99,0x00,0x00,
 0x00,0xff,0x99,0x99,0xff,0x99,0x99,0xff,
 0x99,0x99,0xff,0x99,0x99,0xff,0x99,0x99,
 0xff,0x99,0x99,0xff,0x99,0x99,0xff,0x99,
 0x99,0xff,0x99,0x99,0x00,0x00,0x00,0xff,
 0x99,0x33,0xff,0x99,0x33,0xff,0x99,0x33,
 0xff,0x99,0x33,0xff,0x99,0x33,0xff,0x99,
 0x33,0xff,0x99,0x33,0xff,0x99,0x33,0xff,
 0x99,0x33,0x00,0x00,0x00,0xcc,0x99,0x33,
 0xcc,0x99,0x33,0xcc,0x99,0x33,0xcc,0x99,
 0x33,0xcc,0x99,0x33,0xcc,0x99,0x33,0xcc,
 0x99,0x33,0xcc,0x99,0x33,0xcc,0x99,0x33,
 0x00,0x00,0x00,0x99,0x99,0x33,0x99,0x99,
 0x33,0x99,0x99,0x33,0x99,0x99,0x33,0x99,
 0x99,0x33,0x99,0x99,0x33,0x99,0x99,0x33,
 0x99,0x99,0x33,0x99,0x99,0x33,0x00,0x00,
 0x00,0x66,0x99,0x33,0x66,0x99,0x33,0x66,
 0x99,0x33,0x66,0x99,0x33,0x66,0x99,0x33,
 0x66,0x99,0x33,0x66,0x99,0x33,0x66,0x99,
 0x33,0x66,0x99,0x33,0x00,0x00,0x00,0x33,
 0x99,0x33,0x33,0x99,0x33,0x33,0x99,0x33,
 0x33,0x99,0x33,0x33,0x99,0x33,0x33,0x99,
 0x33,0x33,0x99,0x33,0x33,0x99,0x33,0x33,
 0x99,0x33,0x00,0x00,0x00,0x00,0x99,0x33,
 0x00,0x99,0x33,0x00,0x99,0x33,0x00,0x99,
 0x33,0x00,0x99,0x33,0x00,0x99,0x33,0x00,
 0x99,0x33,0x00,0x99,0x33,0x00,0x99,0x33,
 0x00,0x00,0x00,0x00,0x00,0x00,0x00,0x00,
 0x00,0x00,0xff,0xff,0x00,0xff,0xff,0x00,
 0xff,0xff,0x00,0xff,0xff,0x00,0xff,0xff,
 0x00,0xff,0xff,0x00,0xff,0xff,0x00,0xff,
 0xff,0x00,0xff,0xff,0x00,0x00,0x00,0xff,
 0x99,0xff,0xff,0x99,0xff,0xff,0x99,0xff,
 0xff,0x99,0xff,0xff,0x99,0xff,0xff,0x99,
 0xff,0xff,0x99,0xff,0xff,0x99,0xff,0xff,
 0x99,0xff,0x00,0x00,0x00,0xcc,0x99,0xff,
 0xcc,0x99,0xff,0xcc,0x99,0xff,0xcc,0x99,
 0xff,0xcc,0x99,0xff,0xcc,0x99,0xff,0xcc,
 0x99,0xff,0xcc,0x99,0xff,0xcc,0x99,0xff,
 0x00,0x00,0x00,0x99,0x99,0xff,0x99,0x99,
 0xff,0x99,0x99,0xff,0x99,0x99,0xff,0x99,
 0x99,0xff,0x99,0x99,0xff,0x99,0x99,0xff,
 0x99,0x99,0xff,0x99,0x99,0xff,0x00,0x00,
 0x00,0x66,0x99,0xff,0x66,0x99,0xff,0x66,
 0x99,0xff,0x66,0x99,0xff,0x66,0x99,0xff,
 0x66,0x99,0xff,0x66,0x99,0xff,0x66,0x99,
 0xff,0x66,0x99,0xff,0x00,0x00,0x00,0x33,
 0x99,0xff,0x33,0x99,0xff,0x33,0x99,0xff,
 0x33,0x99,0xff,0x33,0x99,0xff,0x33,0x99,
 0xff,0x33,0x99,0xff,0x33,0x99,0xff,0x33,
 0x99,0xff,0x00,0x00,0x00,0x00,0x99,0xff,
 0x00,0x99,0xff,0x00,0x99,0xff,0x00,0x99,
 0xff,0x00,0x99,0xff,0x00,0x99,0xff,0x00,
 0x99,0xff,0x00,0x99,0xff,0x00,0x99,0xff,
 0x00,0x00,0x00,0x00,0x99,0x99,0x00,0x99,
 0x99,0x00,0x99,0x99,0x00,0x99,0x99,0x00,
 0x99,0x99,0x00,0x99,0x99,0x00,0x99,0x99,
 0x00,0x99,0x99,0x00,0x99,0x99,0x00,0x00,
 0x00,0x33,0x99,0x99,0x33,0x99,0x99,0x33,
 0x99,0x99,0x33,0x99,0x99,0x33,0x99,0x99,
 0x33,0x99,0x99,0x33,0x99,0x99,0x33,0x99,
 0x99,0x33,0x99,0x99,0x00,0x00,0x00,0x66,
 0x99,0x99,0x66,0x99,0x99,0x66,0x99,0x99,
 0x66,0x99,0x99,0x66,0x99,0x99,0x66,0x99,
 0x99,0x66,0x99,0x99,0x66,0x99,0x99,0x66,
 0x99,0x99,0x00,0x00,0x00,0x99,0x99,0x99,
 0x99,0x99,0x99,0x99,0x99,0x99,0x99,0x99,
 0x99,0x99,0x99,0x99,0x99,0x99,0x99,0x99,
 0x99,0x99,0x99,0x99,0x99,0x99,0x99,0x99,
 0x00,0x00,0x00,0xcc,0x99,0x99,0xcc,0x99,
 0x99,0xcc,0x99,0x99,0xcc,0x99,0x99,0xcc,
 0x99,0x99,0xcc,0x99,0x99,0xcc,0x99,0x99,
 0xcc,0x99,0x99,0xcc,0x99,0x99,0x00,0x00,
 0x00,0xff,0x99,0x99,0xff,0x99,0x99,0xff,
 0x99,0x99,0xff,0x99,0x99,0xff,0x99,0x99,
 0xff,0x99,0x99,0xff,0x99,0x99,0xff,0x99,
 0x99,0xff,0x99,0x99,0x00,0x00,0x00,0xff,
 0x99,0x33,0xff,0x99,0x33,0xff,0x99,0x33,
 0xff,0x99,0x33,0xff,0x99,0x33,0xff,0x99,
 0x33,0xff,0x99,0x33,0xff,0x99,0x33,0xff,
 0x99,0x33,0x00,0x00,0x00,0xcc,0x99,0x33,
 0xcc,0x99,0x33,0xcc,0x99,0x33,0xcc,0x99,
 0x33,0xcc,0x99,0x33,0xcc,0x99,0x33,0xcc,
 0x99,0x33,0xcc,0x99,0x33,0xcc,0x99,0x33,
 0x00,0x00,0x00,0x99,0x99,0x33,0x99,0x99,
 0x33,0x99,0x99,0x33,0x99,0x99,0x33,0x99,
 0x99,0x33,0x99,0x99,0x33,0x99,0x99,0x33,
 0x99,0x99,0x33,0x99,0x99,0x33,0x00,0x00,
 0x00,0x66,0x99,0x33,0x66,0x99,0x33,0x66,
 0x99,0x33,0x66,0x99,0x33,0x66,0x99,0x33,
 0x66,0x99,0x33,0x66,0x99,0x33,0x66,0x99,
 0x33,0x66,0x99,0x33,0x00,0x00,0x00,0x33,
 0x99,0x33,0x33,0x99,0x33,0x33,0x99,0x33,
 0x33,0x99,0x33,0x33,0x99,0x33,0x33,0x99,
 0x33,0x33,0x99,0x33,0x33,0x99,0x33,0x33,
 0x99,0x33,0x00,0x00,0x00,0x00,0x99,0x33,
 0x00,0x99,0x33,0x00,0x99,0x33,0x00,0x99,
 0x33,0x00,0x99,0x33,0x00,0x99,0x33,0x00,
 0x99,0x33,0x00,0x99,0x33,0x00,0x99,0x33,
 0x00,0x00,0x00,0x00,0x00,0x00,0x00,0x00,
 0x00,0x00,0xff,0xff,0x00,0xff,0xff,0x00,
 0xff,0xff,0x00,0xff,0xff,0x00,0xff,0xff,
 0x00,0xff,0xff,0x00,0xff,0xff,0x00,0xff,
 0xff,0x00,0xff,0xff,0x00,0x00,0x00,0xff,
 0x99,0xff,0xff,0x99,0xff,0xff,0x99,0xff,
 0xff,0x99,0xff,0xff,0x99,0xff,0xff,0x99,
 0xff,0xff,0x99,0xff,0xff,0x99,0xff,0xff,
 0x99,0xff,0x00,0x00,0x00,0xcc,0x99,0xff,
 0xcc,0x99,0xff,0xcc,0x99,0xff,0xcc,0x99,
 0xff,0xcc,0x99,0xff,0xcc,0x99,0xff,0xcc,
 0x99,0xff,0xcc,0x99,0xff,0xcc,0x99,0xff,
 0x00,0x00,0x00,0x99,0x99,0xff,0x99,0x99,
 0xff,0x99,0x99,0xff,0x99,0x99,0xff,0x99,
 0x99,0xff,0x99,0x99,0xff,0x99,0x99,0xff,
 0x99,0x99,0xff,0x99,0x99,0xff,0x00,0x00,
 0x00,0x66,0x99,0xff,0x66,0x99,0xff,0x66,
 0x99,0xff,0x66,0x99,0xff,0x66,0x99,0xff,
 0x66,0x99,0xff,0x66,0x99,0xff,0x66,0x99,
 0xff,0x66,0x99,0xff,0x00,0x00,0x00,0x33,
 0x99,0xff,0x33,0x99,0xff,0x33,0x99,0xff,
 0x33,0x99,0xff,0x33,0x99,0xff,0x33,0x99,
 0xff,0x33,0x99,0xff,0x33,0x99,0xff,0x33,
 0x99,0xff,0x00,0x00,0x00,0x00,0x99,0xff,
 0x00,0x99,0xff,0x00,0x99,0xff,0x00,0x99,
 0xff,0x00,0x99,0xff,0x00,0x99,0xff,0x00,
 0x99,0xff,0x00,0x99,0xff,0x00,0x99,0xff,
 0x00,0x00,0x00,0x00,0x99,0x99,0x00,0x99,
 0x99,0x00,0x99,0x99,0x00,0x99,0x99,0x00,
 0x99,0x99,0x00,0x99,0x99,0x00,0x99,0x99,
 0x00,0x99,0x99,0x00,0x99,0x99,0x00,0x00,
 0x00,0x33,0x99,0x99,0x33,0x99,0x99,0x33,
 0x99,0x99,0x33,0x99,0x99,0x33,0x99,0x99,
 0x33,0x99,0x99,0x33,0x99,0x99,0x33,0x99,
 0x99,0x33,0x99,0x99,0x00,0x00,0x00,0x66,
 0x99,0x99,0x66,0x99,0x99,0x66,0x99,0x99,
 0x66,0x99,0x99,0x66,0x99,0x99,0x66,0x99,
 0x99,0x66,0x99,0x99,0x66,0x99,0x99,0x66,
 0x99,0x99,0x00,0x00,0x00,0x99,0x99,0x99,
 0x99,0x99,0x99,0x99,0x99,0x99,0x99,0x99,
 0x99,0x99,0x99,0x99,0x99,0x99,0x99,0x99,
 0x99,0x99,0x99,0x99,0x99,0x99,0x99,0x99,
 0x00,0x00,0x00,0xcc,0x99,0x99,0xcc,0x99,
 0x99,0xcc,0x99,0x99,0xcc,0x99,0x99,0xcc,
 0x99,0x99,0xcc,0x99,0x99,0xcc,0x99,0x99,
 0xcc,0x99,0x99,0xcc,0x99,0x99,0x00,0x00,
 0x00,0xff,0x99,0x99,0xff,0x99,0x99,0xff,
 0x99,0x99,0xff,0x99,0x99,0xff,0x99,0x99,
 0xff,0x99,0x99,0xff,0x99,0x99,0xff,0x99,
 0x99,0xff,0x99,0x99,0x00,0x00,0x00,0xff,
 0x99,0x33,0xff,0x99,0x33,0xff,0x99,0x33,
 0xff,0x99,0x33,0xff,0x99,0x33,0xff,0x99,
 0x33,0xff,0x99,0x33,0xff,0x99,0x33,0xff,
 0x99,0x33,0x00,0x00,0x00,0xcc,0x99,0x33,
 0xcc,0x99,0x33,0xcc,0x99,0x33,0xcc,0x99,
 0x33,0xcc,0x99,0x33,0xcc,0x99,0x33,0xcc,
 0x99,0x33,0xcc,0x99,0x33,0xcc,0x99,0x33,
 0x00,0x00,0x00,0x99,0x99,0x33,0x99,0x99,
 0x33,0x99,0x99,0x33,0x99,0x99,0x33,0x99,
 0x99,0x33,0x99,0x99,0x33,0x99,0x99,0x33,
 0x99,0x99,0x33,0x99,0x99,0x33,0x00,0x00,
 0x00,0x66,0x99,0x33,0x66,0x99,0x33,0x66,
 0x99,0x33,0x66,0x99,0x33,0x66,0x99,0x33,
 0x66,0x99,0x33,0x66,0x99,0x33,0x66,0x99,
 0x33,0x66,0x99,0x33,0x00,0x00,0x00,0x33,
 0x99,0x33,0x33,0x99,0x33,0x33,0x99,0x33,
 0x33,0x99,0x33,0x33,0x99,0x33,0x33,0x99,
 0x33,0x33,0x99,0x33,0x33,0x99,0x33,0x33,
 0x99,0x33,0x00,0x00,0x00,0x00,0x99,0x33,
 0x00,0x99,0x33,0x00,0x99,0x33,0x00,0x99,
 0x33,0x00,0x99,0x33,0x00,0x99,0x33,0x00,
 0x99,0x33,0x00,0x99,0x33,0x00,0x99,0x33,
 0x00,0x00,0x00,0x00,0x00,0x00,0x00,0x00,
 0x00,0x00,0x00,0x00,0x00,0x00,0x00,0x00,
 0x00,0x00,0x00,0x00,0x00,0x00,0x00,0x00,
 0x00,0x00,0x00,0x00,0x00,0x00,0x00,0x00,
 0x00,0x00,0x00,0x00,0x00,0x00,0x00,0x00,
 0x00,0x00,0x00,0x00,0x00,0x00,0x00,0x00,
 0x00,0x00,0x00,0x00,0x00,0x00,0x00,0x00,
 0x00,0x00,0x00,0x00,0x00,0x00,0x00,0x00,
 0x00,0x00,0x00,0x00,0x00,0x00,0x00,0x00,
 0x00,0x00,0x00,0x00,0x00,0x00,0x00,0x00,
 0x00,0x00,0x00,0x00,0x00,0x00,0x00,0x00,
 0x00,0x00,0x00,0x00,0x00,0x00,0x00,0x00,
 0x00,0x00,0x00,0x00,0x00,0x00,0x00,0x00,
 0x00,0x00,0x00,0x00,0x00,0x00,0x00,0x00,
 0x00,0x00,0x00,0x00,0x00,0x00,0x00,0x00,
 0x00,0x00,0x00,0x00,0x00,0x00,0x00,0x00,
 0x00,0x00,0x00,0x00,0x00,0x00,0x00,0x00,
 0x00,0x00,0x00,0x00,0x00,0x00,0x00,0x00,
 0x00,0x00,0x00,0x00,0x00,0x00,0x00,0x00,
 0x00,0x00,0x00,0x00,0x00,0x00,0x00,0x00,
 0x00,0x00,0x00,0x00,0x00,0x00,0x00,0x00,
 0x00,0x00,0x00,0x00,0x00,0x00,0x00,0x00,
 0x00,0x00,0x00,0x00,0x00,0x00,0x00,0x00,
 0x00,0x00,0x00,0x00,0x00,0x00,0x00,0x00,
 0x00,0x00,0x00,0x00,0x00,0x00,0x00,0x00,
 0x00,0x00,0x00,0x00,0x00,0x00,0x00,0x00,
 0x00,0x00,0x00,0x00,0x00,0x00,0x00,0x00,
 0x00,0x00,0x00,0x00,0x00,0x00,0x00,0x00,
 0x00,0x00,0x00,0x00,0x00,0x00,0x00,0x00,
 0x00,0x00,0x00,0x00,0x00,0x00,0x00,0x00,
 0x00,0x00,0x00,0x00,0x00,0x00,0x00,0x00,
 0x00,0x00,0x00,0x00,0x00,0x00,0x00,0x00,
 0x00,0x00,0x00,0x00,0x00,0x00,0x00,0x00,
 0x00,0x00,0x00,0x00,0x00,0x00,0x00,0x00,
 0x00,0x00,0x00,0x00,0x00,0x00,0x00,0x00,
 0x00,0x00,0x00,0x00,0x00,0x00,0x00,0x00,
 0x00,0x00,0x00,0x00,0x00,0x00,0x00,0x00,
 0x00,0x00,0x00,0x00,0x00,0x00,0x00,0x00,
 0x00,0x00,0x00,0x00,0x00,0x00,0x00,0x00,
 0x00,0x00,0x00,0x00,0x00,0x00,0x00,0x00,
 0x00,0x00,0x00,0x00,0x00,0x00,0x00,0x00,
 0x00,0x00,0x00,0x00,0x00,0x00,0x00,0x00,
 0x00,0x00,0x00,0x00,0x00,0x00,0x00,0x00,
 0x00,0x00,0x00,0x00,0x00,0x00,0x00,0x00,
 0x00,0x00,0x00,0x00,0x00,0x00,0x00,0x00,
 0x00,0x00,0x00,0x00,0x00,0x00,0x00,0x00,
 0x00,0x00,0x00,0x00,0x00,0x00,0x00,0x00,
 0x00,0x00,0x00,0x00,0x00,0x00,0x00,0x00,
 0x00,0x00,0x00,0x00,0x00,0x00,0x00,0x00,
 0x00,0x00,0x00,0x00,0x00,0x00,0x00,0x00,
 0x00,0x00,0x00,0x00,0x00,0x00,0x00,0x00,
 0x00,0x00,0x00,0x00,0x00,0x00,0x00,0x00,
 0x00,0x00,0x00,0x00,0x00,0x00,0x00,0x00,
 0x00,0x00,0x00,0x00,0x00,0x00,0x00,0x00,
 0x00,0x00,0x00,0x00,0x00,0x00,0x00,0x00,
 0x00,0x00,0x00,0x00,0x00,0x00,0x00,0x00,
 0x00,0x00,0x00,0x00,0x00,0x00,0x00,0x00,
 0x00,0x00,0x00,0x00,0x00,0x00,0x00,0x00,
 0x00,0x00,0x00,0x00,0x00,0x00,0x00,0x00,
 0x00,0x00,0x00,0x00,0x00,0x00,0x00,0x00,
 0x00,0x00,0x00,0x00,0x00,0x00,0x00,0x00,
 0x00,0x00,0x00,0x00,0x00,0x00,0x00,0x00,
 0x00,0x00,0x00,0x00,0x00,0x00,0x00,0x00,
 0x00,0x00,0x00,0x00,0x00,0x00,0x00,0x00,
 0x00,0x00,0x00,0x00,0x00,0x00,0x00,0x00,
 0x00,0x00,0x00,0x00,0x00,0x00,0x00,0x00,
 0x00,0x00,0x00,0x00,0x00,0x00,0x00,0x00,
 0x00,0x00,0x00,0x00,0x00,0x00,0x00,0x00,
 0x00,0x00,0x00,0x00,0x00,0x00,0x00,0x00,
 0x00,0x00,0x00,0x00,0x00,0x00,0x00,0x00,
 0x00,0x00,0x00,0x00,0x00,0x00,0x00,0x00,
 0x00,0x00,0x00,0x00,0x00,0x00,0x00,0x00,
 0x00,0x00,0x00,0x00,0x00,0x00,0x00,0x00,
 0x00,0xff,0x00,0x00,0xff,0x00,0x00,0xff,
 0x00,0x00,0xff,0x00,0x00,0xff,0x00,0x00,
 0xff,0x00,0x00,0xff,0x00,0x00,0xff,0x00,
 0x00,0xff,0x00,0x00,0x00,0x00,0x00,0xff,
 0x66,0xff,0xff,0x66,0xff,0xff,0x66,0xff,
 0xff,0x66,0xff,0xff,0x66,0xff,0xff,0x66,
 0xff,0xff,0x66,0xff,0xff,0x66,0xff,0xff,
 0x66,0xff,0x00,0x00,0x00,0xcc,0x66,0xff,
 0xcc,0x66,0xff,0xcc,0x66,0xff,0xcc,0x66,
 0xff,0xcc,0x66,0xff,0xcc,0x66,0xff,0xcc,
 0x66,0xff,0xcc,0x66,0xff,0xcc,0x66,0xff,
 0x00,0x00,0x00,0x99,0x66,0xff,0x99,0x66,
 0xff,0x99,0x66,0xff,0x99,0x66,0xff,0x99,
 0x66,0xff,0x99,0x66,0xff,0x99,0x66,0xff,
 0x99,0x66,0xff,0x99,0x66,0xff,0x00,0x00,
 0x00,0x66,0x66,0xff,0x66,0x66,0xff,0x66,
 0x66,0xff,0x66,0x66,0xff,0x66,0x66,0xff,
 0x66,0x66,0xff,0x66,0x66,0xff,0x66,0x66,
 0xff,0x66,0x66,0xff,0x00,0x00,0x00,0x33,
 0x66,0xff,0x33,0x66,0xff,0x33,0x66,0xff,
 0x33,0x66,0xff,0x33,0x66,0xff,0x33,0x66,
 0xff,0x33,0x66,0xff,0x33,0x66,0xff,0x33,
 0x66,0xff,0x00,0x00,0x00,0x00,0x66,0xff,
 0x00,0x66,0xff,0x00,0x66,0xff,0x00,0x66,
 0xff,0x00,0x66,0xff,0x00,0x66,0xff,0x00,
 0x66,0xff,0x00,0x66,0xff,0x00,0x66,0xff,
 0x00,0x00,0x00,0x00,0x66,0x99,0x00,0x66,
 0x99,0x00,0x66,0x99,0x00,0x66,0x99,0x00,
 0x66,0x99,0x00,0x66,0x99,0x00,0x66,0x99,
 0x00,0x66,0x99,0x00,0x66,0x99,0x00,0x00,
 0x00,0x33,0x66,0x99,0x33,0x66,0x99,0x33,
 0x66,0x99,0x33,0x66,0x99,0x33,0x66,0x99,
 0x33,0x66,0x99,0x33,0x66,0x99,0x33,0x66,
 0x99,0x33,0x66,0x99,0x00,0x00,0x00,0x66,
 0x66,0x99,0x66,0x66,0x99,0x66,0x66,0x99,
 0x66,0x66,0x99,0x66,0x66,0x99,0x66,0x66,
 0x99,0x66,0x66,0x99,0x66,0x66,0x99,0x66,
 0x66,0x99,0x00,0x00,0x00,0x99,0x66,0x99,
 0x99,0x66,0x99,0x99,0x66,0x99,0x99,0x66,
 0x99,0x99,0x66,0x99,0x99,0x66,0x99,0x99,
 0x66,0x99,0x99,0x66,0x99,0x99,0x66,0x99,
 0x00,0x00,0x00,0xcc,0x66,0x99,0xcc,0x66,
 0x99,0xcc,0x66,0x99,0xcc,0x66,0x99,0xcc,
 0x66,0x99,0xcc,0x66,0x99,0xcc,0x66,0x99,
 0xcc,0x66,0x99,0xcc,0x66,0x99,0x00,0x00,
 0x00,0xff,0x66,0x99,0xff,0x66,0x99,0xff,
 0x66,0x99,0xff,0x66,0x99,0xff,0x66,0x99,
 0xff,0x66,0x99,0xff,0x66,0x99,0xff,0x66,
 0x99,0xff,0x66,0x99,0x00,0x00,0x00,0xff,
 0x66,0x33,0xff,0x66,0x33,0xff,0x66,0x33,
 0xff,0x66,0x33,0xff,0x66,0x33,0xff,0x66,
 0x33,0xff,0x66,0x33,0xff,0x66,0x33,0xff,
 0x66,0x33,0x00,0x00,0x00,0xcc,0x66,0x33,
 0xcc,0x66,0x33,0xcc,0x66,0x33,0xcc,0x66,
 0x33,0xcc,0x66,0x33,0xcc,0x66,0x33,0xcc,
 0x66,0x33,0xcc,0x66,0x33,0xcc,0x66,0x33,
 0x00,0x00,0x00,0x99,0x66,0x33,0x99,0x66,
 0x33,0x99,0x66,0x33,0x99,0x66,0x33,0x99,
 0x66,0x33,0x99,0x66,0x33,0x99,0x66,0x33,
 0x99,0x66,0x33,0x99,0x66,0x33,0x00,0x00,
 0x00,0x66,0x66,0x33,0x66,0x66,0x33,0x66,
 0x66,0x33,0x66,0x66,0x33,0x66,0x66,0x33,
 0x66,0x66,0x33,0x66,0x66,0x33,0x66,0x66,
 0x33,0x66,0x66,0x33,0x00,0x00,0x00,0x33,
 0x66,0x33,0x33,0x66,0x33,0x33,0x66,0x33,
 0x33,0x66,0x33,0x33,0x66,0x33,0x33,0x66,
 0x33,0x33,0x66,0x33,0x33,0x66,0x33,0x33,
 0x66,0x33,0x00,0x00,0x00,0x00,0x66,0x33,
 0x00,0x66,0x33,0x00,0x66,0x33,0x00,0x66,
 0x33,0x00,0x66,0x33,0x00,0x66,0x33,0x00,
 0x66,0x33,0x00,0x66,0x33,0x00,0x66,0x33,
 0x00,0x00,0x00,0x00,0x00,0x00,0x00,0x00,
 0x00,0xff,0x00,0x00,0xff,0x00,0x00,0xff,
 0x00,0x00,0xff,0x00,0x00,0xff,0x00,0x00,
 0xff,0x00,0x00,0xff,0x00,0x00,0xff,0x00,
 0x00,0xff,0x00,0x00,0x00,0x00,0x00,0xff,
 0x66,0xff,0xff,0x66,0xff,0xff,0x66,0xff,
 0xff,0x66,0xff,0xff,0x66,0xff,0xff,0x66,
 0xff,0xff,0x66,0xff,0xff,0x66,0xff,0xff,
 0x66,0xff,0x00,0x00,0x00,0xcc,0x66,0xff,
 0xcc,0x66,0xff,0xcc,0x66,0xff,0xcc,0x66,
 0xff,0xcc,0x66,0xff,0xcc,0x66,0xff,0xcc,
 0x66,0xff,0xcc,0x66,0xff,0xcc,0x66,0xff,
 0x00,0x00,0x00,0x99,0x66,0xff,0x99,0x66,
 0xff,0x99,0x66,0xff,0x99,0x66,0xff,0x99,
 0x66,0xff,0x99,0x66,0xff,0x99,0x66,0xff,
 0x99,0x66,0xff,0x99,0x66,0xff,0x00,0x00,
 0x00,0x66,0x66,0xff,0x66,0x66,0xff,0x66,
 0x66,0xff,0x66,0x66,0xff,0x66,0x66,0xff,
 0x66,0x66,0xff,0x66,0x66,0xff,0x66,0x66,
 0xff,0x66,0x66,0xff,0x00,0x00,0x00,0x33,
 0x66,0xff,0x33,0x66,0xff,0x33,0x66,0xff,
 0x33,0x66,0xff,0x33,0x66,0xff,0x33,0x66,
 0xff,0x33,0x66,0xff,0x33,0x66,0xff,0x33,
 0x66,0xff,0x00,0x00,0x00,0x00,0x66,0xff,
 0x00,0x66,0xff,0x00,0x66,0xff,0x00,0x66,
 0xff,0x00,0x66,0xff,0x00,0x66,0xff,0x00,
 0x66,0xff,0x00,0x66,0xff,0x00,0x66,0xff,
 0x00,0x00,0x00,0x00,0x66,0x99,0x00,0x66,
 0x99,0x00,0x66,0x99,0x00,0x66,0x99,0x00,
 0x66,0x99,0x00,0x66,0x99,0x00,0x66,0x99,
 0x00,0x66,0x99,0x00,0x66,0x99,0x00,0x00,
 0x00,0x33,0x66,0x99,0x33,0x66,0x99,0x33,
 0x66,0x99,0x33,0x66,0x99,0x33,0x66,0x99,
 0x33,0x66,0x99,0x33,0x66,0x99,0x33,0x66,
 0x99,0x33,0x66,0x99,0x00,0x00,0x00,0x66,
 0x66,0x99,0x66,0x66,0x99,0x66,0x66,0x99,
 0x66,0x66,0x99,0x66,0x66,0x99,0x66,0x66,
 0x99,0x66,0x66,0x99,0x66,0x66,0x99,0x66,
 0x66,0x99,0x00,0x00,0x00,0x99,0x66,0x99,
 0x99,0x66,0x99,0x99,0x66,0x99,0x99,0x66,
 0x99,0x99,0x66,0x99,0x99,0x66,0x99,0x99,
 0x66,0x99,0x99,0x66,0x99,0x99,0x66,0x99,
 0x00,0x00,0x00,0xcc,0x66,0x99,0xcc,0x66,
 0x99,0xcc,0x66,0x99,0xcc,0x66,0x99,0xcc,
 0x66,0x99,0xcc,0x66,0x99,0xcc,0x66,0x99,
 0xcc,0x66,0x99,0xcc,0x66,0x99,0x00,0x00,
 0x00,0xff,0x66,0x99,0xff,0x66,0x99,0xff,
 0x66,0x99,0xff,0x66,0x99,0xff,0x66,0x99,
 0xff,0x66,0x99,0xff,0x66,0x99,0xff,0x66,
 0x99,0xff,0x66,0x99,0x00,0x00,0x00,0xff,
 0x66,0x33,0xff,0x66,0x33,0xff,0x66,0x33,
 0xff,0x66,0x33,0xff,0x66,0x33,0xff,0x66,
 0x33,0xff,0x66,0x33,0xff,0x66,0x33,0xff,
 0x66,0x33,0x00,0x00,0x00,0xcc,0x66,0x33,
 0xcc,0x66,0x33,0xcc,0x66,0x33,0xcc,0x66,
 0x33,0xcc,0x66,0x33,0xcc,0x66,0x33,0xcc,
 0x66,0x33,0xcc,0x66,0x33,0xcc,0x66,0x33,
 0x00,0x00,0x00,0x99,0x66,0x33,0x99,0x66,
 0x33,0x99,0x66,0x33,0x99,0x66,0x33,0x99,
 0x66,0x33,0x99,0x66,0x33,0x99,0x66,0x33,
 0x99,0x66,0x33,0x99,0x66,0x33,0x00,0x00,
 0x00,0x66,0x66,0x33,0x66,0x66,0x33,0x66,
 0x66,0x33,0x66,0x66,0x33,0x66,0x66,0x33,
 0x66,0x66,0x33,0x66,0x66,0x33,0x66,0x66,
 0x33,0x66,0x66,0x33,0x00,0x00,0x00,0x33,
 0x66,0x33,0x33,0x66,0x33,0x33,0x66,0x33,
 0x33,0x66,0x33,0x33,0x66,0x33,0x33,0x66,
 0x33,0x33,0x66,0x33,0x33,0x66,0x33,0x33,
 0x66,0x33,0x00,0x00,0x00,0x00,0x66,0x33,
 0x00,0x66,0x33,0x00,0x66,0x33,0x00,0x66,
 0x33,0x00,0x66,0x33,0x00,0x66,0x33,0x00,
 0x66,0x33,0x00,0x66,0x33,0x00,0x66,0x33,
 0x00,0x00,0x00,0x00,0x00,0x00,0x00,0x00,
 0x00,0xff,0x00,0x00,0xff,0x00,0x00,0xff,
 0x00,0x00,0xff,0x00,0x00,0xff,0x00,0x00,
 0xff,0x00,0x00,0xff,0x00,0x00,0xff,0x00,
 0x00,0xff,0x00,0x00,0x00,0x00,0x00,0xff,
 0x66,0xff,0xff,0x66,0xff,0xff,0x66,0xff,
 0xff,0x66,0xff,0xff,0x66,0xff,0xff,0x66,
 0xff,0xff,0x66,0xff,0xff,0x66,0xff,0xff,
 0x66,0xff,0x00,0x00,0x00,0xcc,0x66,0xff,
 0xcc,0x66,0xff,0xcc,0x66,0xff,0xcc,0x66,
 0xff,0xcc,0x66,0xff,0xcc,0x66,0xff,0xcc,
 0x66,0xff,0xcc,0x66,0xff,0xcc,0x66,0xff,
 0x00,0x00,0x00,0x99,0x66,0xff,0x99,0x66,
 0xff,0x99,0x66,0xff,0x99,0x66,0xff,0x99,
 0x66,0xff,0x99,0x66,0xff,0x99,0x66,0xff,
 0x99,0x66,0xff,0x99,0x66,0xff,0x00,0x00,
 0x00,0x66,0x66,0xff,0x66,0x66,0xff,0x66,
 0x66,0xff,0x66,0x66,0xff,0x66,0x66,0xff,
 0x66,0x66,0xff,0x66,0x66,0xff,0x66,0x66,
 0xff,0x66,0x66,0xff,0x00,0x00,0x00,0x33,
 0x66,0xff,0x33,0x66,0xff,0x33,0x66,0xff,
 0x33,0x66,0xff,0x33,0x66,0xff,0x33,0x66,
 0xff,0x33,0x66,0xff,0x33,0x66,0xff,0x33,
 0x66,0xff,0x00,0x00,0x00,0x00,0x66,0xff,
 0x00,0x66,0xff,0x00,0x66,0xff,0x00,0x66,
 0xff,0x00,0x66,0xff,0x00,0x66,0xff,0x00,
 0x66,0xff,0x00,0x66,0xff,0x00,0x66,0xff,
 0x00,0x00,0x00,0x00,0x66,0x99,0x00,0x66,
 0x99,0x00,0x66,0x99,0x00,0x66,0x99,0x00,
 0x66,0x99,0x00,0x66,0x99,0x00,0x66,0x99,
 0x00,0x66,0x99,0x00,0x66,0x99,0x00,0x00,
 0x00,0x33,0x66,0x99,0x33,0x66,0x99,0x33,
 0x66,0x99,0x33,0x66,0x99,0x33,0x66,0x99,
 0x33,0x66,0x99,0x33,0x66,0x99,0x33,0x66,
 0x99,0x33,0x66,0x99,0x00,0x00,0x00,0x66,
 0x66,0x99,0x66,0x66,0x99,0x66,0x66,0x99,
 0x66,0x66,0x99,0x66,0x66,0x99,0x66,0x66,
 0x99,0x66,0x66,0x99,0x66,0x66,0x99,0x66,
 0x66,0x99,0x00,0x00,0x00,0x99,0x66,0x99,
 0x99,0x66,0x99,0x99,0x66,0x99,0x99,0x66,
 0x99,0x99,0x66,0x99,0x99,0x66,0x99,0x99,
 0x66,0x99,0x99,0x66,0x99,0x99,0x66,0x99,
 0x00,0x00,0x00,0xcc,0x66,0x99,0xcc,0x66,
 0x99,0xcc,0x66,0x99,0xcc,0x66,0x99,0xcc,
 0x66,0x99,0xcc,0x66,0x99,0xcc,0x66,0x99,
 0xcc,0x66,0x99,0xcc,0x66,0x99,0x00,0x00,
 0x00,0xff,0x66,0x99,0xff,0x66,0x99,0xff,
 0x66,0x99,0xff,0x66,0x99,0xff,0x66,0x99,
 0xff,0x66,0x99,0xff,0x66,0x99,0xff,0x66,
 0x99,0xff,0x66,0x99,0x00,0x00,0x00,0xff,
 0x66,0x33,0xff,0x66,0x33,0xff,0x66,0x33,
 0xff,0x66,0x33,0xff,0x66,0x33,0xff,0x66,
 0x33,0xff,0x66,0x33,0xff,0x66,0x33,0xff,
 0x66,0x33,0x00,0x00,0x00,0xcc,0x66,0x33,
 0xcc,0x66,0x33,0xcc,0x66,0x33,0xcc,0x66,
 0x33,0xcc,0x66,0x33,0xcc,0x66,0x33,0xcc,
 0x66,0x33,0xcc,0x66,0x33,0xcc,0x66,0x33,
 0x00,0x00,0x00,0x99,0x66,0x33,0x99,0x66,
 0x33,0x99,0x66,0x33,0x99,0x66,0x33,0x99,
 0x66,0x33,0x99,0x66,0x33,0x99,0x66,0x33,
 0x99,0x66,0x33,0x99,0x66,0x33,0x00,0x00,
 0x00,0x66,0x66,0x33,0x66,0x66,0x33,0x66,
 0x66,0x33,0x66,0x66,0x33,0x66,0x66,0x33,
 0x66,0x66,0x33,0x66,0x66,0x33,0x66,0x66,
 0x33,0x66,0x66,0x33,0x00,0x00,0x00,0x33,
 0x66,0x33,0x33,0x66,0x33,0x33,0x66,0x33,
 0x33,0x66,0x33,0x33,0x66,0x33,0x33,0x66,
 0x33,0x33,0x66,0x33,0x33,0x66,0x33,0x33,
 0x66,0x33,0x00,0x00,0x00,0x00,0x66,0x33,
 0x00,0x66,0x33,0x00,0x66,0x33,0x00,0x66,
 0x33,0x00,0x66,0x33,0x00,0x66,0x33,0x00,
 0x66,0x33,0x00,0x66,0x33,0x00,0x66,0x33,
 0x00,0x00,0x00,0x00,0x00,0x00,0x00,0x00,
 0x00,0xff,0x00,0x00,0xff,0x00,0x00,0xff,
 0x00,0x00,0xff,0x00,0x00,0xff,0x00,0x00,
 0xff,0x00,0x00,0xff,0x00,0x00,0xff,0x00,
 0x00,0xff,0x00,0x00,0x00,0x00,0x00,0xff,
 0x66,0xff,0xff,0x66,0xff,0xff,0x66,0xff,
 0xff,0x66,0xff,0xff,0x66,0xff,0xff,0x66,
 0xff,0xff,0x66,0xff,0xff,0x66,0xff,0xff,
 0x66,0xff,0x00,0x00,0x00,0xcc,0x66,0xff,
 0xcc,0x66,0xff,0xcc,0x66,0xff,0xcc,0x66,
 0xff,0xcc,0x66,0xff,0xcc,0x66,0xff,0xcc,
 0x66,0xff,0xcc,0x66,0xff,0xcc,0x66,0xff,
 0x00,0x00,0x00,0x99,0x66,0xff,0x99,0x66,
 0xff,0x99,0x66,0xff,0x99,0x66,0xff,0x99,
 0x66,0xff,0x99,0x66,0xff,0x99,0x66,0xff,
 0x99,0x66,0xff,0x99,0x66,0xff,0x00,0x00,
 0x00,0x66,0x66,0xff,0x66,0x66,0xff,0x66,
 0x66,0xff,0x66,0x66,0xff,0x66,0x66,0xff,
 0x66,0x66,0xff,0x66,0x66,0xff,0x66,0x66,
 0xff,0x66,0x66,0xff,0x00,0x00,0x00,0x33,
 0x66,0xff,0x33,0x66,0xff,0x33,0x66,0xff,
 0x33,0x66,0xff,0x33,0x66,0xff,0x33,0x66,
 0xff,0x33,0x66,0xff,0x33,0x66,0xff,0x33,
 0x66,0xff,0x00,0x00,0x00,0x00,0x66,0xff,
 0x00,0x66,0xff,0x00,0x66,0xff,0x00,0x66,
 0xff,0x00,0x66,0xff,0x00,0x66,0xff,0x00,
 0x66,0xff,0x00,0x66,0xff,0x00,0x66,0xff,
 0x00,0x00,0x00,0x00,0x66,0x99,0x00,0x66,
 0x99,0x00,0x66,0x99,0x00,0x66,0x99,0x00,
 0x66,0x99,0x00,0x66,0x99,0x00,0x66,0x99,
 0x00,0x66,0x99,0x00,0x66,0x99,0x00,0x00,
 0x00,0x33,0x66,0x99,0x33,0x66,0x99,0x33,
 0x66,0x99,0x33,0x66,0x99,0x33,0x66,0x99,
 0x33,0x66,0x99,0x33,0x66,0x99,0x33,0x66,
 0x99,0x33,0x66,0x99,0x00,0x00,0x00,0x66,
 0x66,0x99,0x66,0x66,0x99,0x66,0x66,0x99,
 0x66,0x66,0x99,0x66,0x66,0x99,0x66,0x66,
 0x99,0x66,0x66,0x99,0x66,0x66,0x99,0x66,
 0x66,0x99,0x00,0x00,0x00,0x99,0x66,0x99,
 0x99,0x66,0x99,0x99,0x66,0x99,0x99,0x66,
 0x99,0x99,0x66,0x99,0x99,0x66,0x99,0x99,
 0x66,0x99,0x99,0x66,0x99,0x99,0x66,0x99,
 0x00,0x00,0x00,0xcc,0x66,0x99,0xcc,0x66,
 0x99,0xcc,0x66,0x99,0xcc,0x66,0x99,0xcc,
 0x66,0x99,0xcc,0x66,0x99,0xcc,0x66,0x99,
 0xcc,0x66,0x99,0xcc,0x66,0x99,0x00,0x00,
 0x00,0xff,0x66,0x99,0xff,0x66,0x99,0xff,
 0x66,0x99,0xff,0x66,0x99,0xff,0x66,0x99,
 0xff,0x66,0x99,0xff,0x66,0x99,0xff,0x66,
 0x99,0xff,0x66,0x99,0x00,0x00,0x00,0xff,
 0x66,0x33,0xff,0x66,0x33,0xff,0x66,0x33,
 0xff,0x66,0x33,0xff,0x66,0x33,0xff,0x66,
 0x33,0xff,0x66,0x33,0xff,0x66,0x33,0xff,
 0x66,0x33,0x00,0x00,0x00,0xcc,0x66,0x33,
 0xcc,0x66,0x33,0xcc,0x66,0x33,0xcc,0x66,
 0x33,0xcc,0x66,0x33,0xcc,0x66,0x33,0xcc,
 0x66,0x33,0xcc,0x66,0x33,0xcc,0x66,0x33,
 0x00,0x00,0x00,0x99,0x66,0x33,0x99,0x66,
 0x33,0x99,0x66,0x33,0x99,0x66,0x33,0x99,
 0x66,0x33,0x99,0x66,0x33,0x99,0x66,0x33,
 0x99,0x66,0x33,0x99,0x66,0x33,0x00,0x00,
 0x00,0x66,0x66,0x33,0x66,0x66,0x33,0x66,
 0x66,0x33,0x66,0x66,0x33,0x66,0x66,0x33,
 0x66,0x66,0x33,0x66,0x66,0x33,0x66,0x66,
 0x33,0x66,0x66,0x33,0x00,0x00,0x00,0x33,
 0x66,0x33,0x33,0x66,0x33,0x33,0x66,0x33,
 0x33,0x66,0x33,0x33,0x66,0x33,0x33,0x66,
 0x33,0x33,0x66,0x33,0x33,0x66,0x33,0x33,
 0x66,0x33,0x00,0x00,0x00,0x00,0x66,0x33,
 0x00,0x66,0x33,0x00,0x66,0x33,0x00,0x66,
 0x33,0x00,0x66,0x33,0x00,0x66,0x33,0x00,
 0x66,0x33,0x00,0x66,0x33,0x00,0x66,0x33,
 0x00,0x00,0x00,0x00,0x00,0x00,0x00,0x00,
 0x00,0xff,0x00,0x00,0xff,0x00,0x00,0xff,
 0x00,0x00,0xff,0x00,0x00,0xff,0x00,0x00,
 0xff,0x00,0x00,0xff,0x00,0x00,0xff,0x00,
 0x00,0xff,0x00,0x00,0x00,0x00,0x00,0xff,
 0x66,0xff,0xff,0x66,0xff,0xff,0x66,0xff,
 0xff,0x66,0xff,0xff,0x66,0xff,0xff,0x66,
 0xff,0xff,0x66,0xff,0xff,0x66,0xff,0xff,
 0x66,0xff,0x00,0x00,0x00,0xcc,0x66,0xff,
 0xcc,0x66,0xff,0xcc,0x66,0xff,0xcc,0x66,
 0xff,0xcc,0x66,0xff,0xcc,0x66,0xff,0xcc,
 0x66,0xff,0xcc,0x66,0xff,0xcc,0x66,0xff,
 0x00,0x00,0x00,0x99,0x66,0xff,0x99,0x66,
 0xff,0x99,0x66,0xff,0x99,0x66,0xff,0x99,
 0x66,0xff,0x99,0x66,0xff,0x99,0x66,0xff,
 0x99,0x66,0xff,0x99,0x66,0xff,0x00,0x00,
 0x00,0x66,0x66,0xff,0x66,0x66,0xff,0x66,
 0x66,0xff,0x66,0x66,0xff,0x66,0x66,0xff,
 0x66,0x66,0xff,0x66,0x66,0xff,0x66,0x66,
 0xff,0x66,0x66,0xff,0x00,0x00,0x00,0x33,
 0x66,0xff,0x33,0x66,0xff,0x33,0x66,0xff,
 0x33,0x66,0xff,0x33,0x66,0xff,0x33,0x66,
 0xff,0x33,0x66,0xff,0x33,0x66,0xff,0x33,
 0x66,0xff,0x00,0x00,0x00,0x00,0x66,0xff,
 0x00,0x66,0xff,0x00,0x66,0xff,0x00,0x66,
 0xff,0x00,0x66,0xff,0x00,0x66,0xff,0x00,
 0x66,0xff,0x00,0x66,0xff,0x00,0x66,0xff,
 0x00,0x00,0x00,0x00,0x66,0x99,0x00,0x66,
 0x99,0x00,0x66,0x99,0x00,0x66,0x99,0x00,
 0x66,0x99,0x00,0x66,0x99,0x00,0x66,0x99,
 0x00,0x66,0x99,0x00,0x66,0x99,0x00,0x00,
 0x00,0x33,0x66,0x99,0x33,0x66,0x99,0x33,
 0x66,0x99,0x33,0x66,0x99,0x33,0x66,0x99,
 0x33,0x66,0x99,0x33,0x66,0x99,0x33,0x66,
 0x99,0x33,0x66,0x99,0x00,0x00,0x00,0x66,
 0x66,0x99,0x66,0x66,0x99,0x66,0x66,0x99,
 0x66,0x66,0x99,0x66,0x66,0x99,0x66,0x66,
 0x99,0x66,0x66,0x99,0x66,0x66,0x99,0x66,
 0x66,0x99,0x00,0x00,0x00,0x99,0x66,0x99,
 0x99,0x66,0x99,0x99,0x66,0x99,0x99,0x66,
 0x99,0x99,0x66,0x99,0x99,0x66,0x99,0x99,
 0x66,0x99,0x99,0x66,0x99,0x99,0x66,0x99,
 0x00,0x00,0x00,0xcc,0x66,0x99,0xcc,0x66,
 0x99,0xcc,0x66,0x99,0xcc,0x66,0x99,0xcc,
 0x66,0x99,0xcc,0x66,0x99,0xcc,0x66,0x99,
 0xcc,0x66,0x99,0xcc,0x66,0x99,0x00,0x00,
 0x00,0xff,0x66,0x99,0xff,0x66,0x99,0xff,
 0x66,0x99,0xff,0x66,0x99,0xff,0x66,0x99,
 0xff,0x66,0x99,0xff,0x66,0x99,0xff,0x66,
 0x99,0xff,0x66,0x99,0x00,0x00,0x00,0xff,
 0x66,0x33,0xff,0x66,0x33,0xff,0x66,0x33,
 0xff,0x66,0x33,0xff,0x66,0x33,0xff,0x66,
 0x33,0xff,0x66,0x33,0xff,0x66,0x33,0xff,
 0x66,0x33,0x00,0x00,0x00,0xcc,0x66,0x33,
 0xcc,0x66,0x33,0xcc,0x66,0x33,0xcc,0x66,
 0x33,0xcc,0x66,0x33,0xcc,0x66,0x33,0xcc,
 0x66,0x33,0xcc,0x66,0x33,0xcc,0x66,0x33,
 0x00,0x00,0x00,0x99,0x66,0x33,0x99,0x66,
 0x33,0x99,0x66,0x33,0x99,0x66,0x33,0x99,
 0x66,0x33,0x99,0x66,0x33,0x99,0x66,0x33,
 0x99,0x66,0x33,0x99,0x66,0x33,0x00,0x00,
 0x00,0x66,0x66,0x33,0x66,0x66,0x33,0x66,
 0x66,0x33,0x66,0x66,0x33,0x66,0x66,0x33,
 0x66,0x66,0x33,0x66,0x66,0x33,0x66,0x66,
 0x33,0x66,0x66,0x33,0x00,0x00,0x00,0x33,
 0x66,0x33,0x33,0x66,0x33,0x33,0x66,0x33,
 0x33,0x66,0x33,0x33,0x66,0x33,0x33,0x66,
 0x33,0x33,0x66,0x33,0x33,0x66,0x33,0x33,
 0x66,0x33,0x00,0x00,0x00,0x00,0x66,0x33,
 0x00,0x66,0x33,0x00,0x66,0x33,0x00,0x66,
 0x33,0x00,0x66,0x33,0x00,0x66,0x33,0x00,
 0x66,0x33,0x00,0x66,0x33,0x00,0x66,0x33,
 0x00,0x00,0x00,0x00,0x00,0x00,0x00,0x00,
 0x00,0xff,0x00,0x00,0xff,0x00,0x00,0xff,
 0x00,0x00,0xff,0x00,0x00,0xff,0x00,0x00,
 0xff,0x00,0x00,0xff,0x00,0x00,0xff,0x00,
 0x00,0xff,0x00,0x00,0x00,0x00,0x00,0xff,
 0x66,0xff,0xff,0x66,0xff,0xff,0x66,0xff,
 0xff,0x66,0xff,0xff,0x66,0xff,0xff,0x66,
 0xff,0xff,0x66,0xff,0xff,0x66,0xff,0xff,
 0x66,0xff,0x00,0x00,0x00,0xcc,0x66,0xff,
 0xcc,0x66,0xff,0xcc,0x66,0xff,0xcc,0x66,
 0xff,0xcc,0x66,0xff,0xcc,0x66,0xff,0xcc,
 0x66,0xff,0xcc,0x66,0xff,0xcc,0x66,0xff,
 0x00,0x00,0x00,0x99,0x66,0xff,0x99,0x66,
 0xff,0x99,0x66,0xff,0x99,0x66,0xff,0x99,
 0x66,0xff,0x99,0x66,0xff,0x99,0x66,0xff,
 0x99,0x66,0xff,0x99,0x66,0xff,0x00,0x00,
 0x00,0x66,0x66,0xff,0x66,0x66,0xff,0x66,
 0x66,0xff,0x66,0x66,0xff,0x66,0x66,0xff,
 0x66,0x66,0xff,0x66,0x66,0xff,0x66,0x66,
 0xff,0x66,0x66,0xff,0x00,0x00,0x00,0x33,
 0x66,0xff,0x33,0x66,0xff,0x33,0x66,0xff,
 0x33,0x66,0xff,0x33,0x66,0xff,0x33,0x66,
 0xff,0x33,0x66,0xff,0x33,0x66,0xff,0x33,
 0x66,0xff,0x00,0x00,0x00,0x00,0x66,0xff,
 0x00,0x66,0xff,0x00,0x66,0xff,0x00,0x66,
 0xff,0x00,0x66,0xff,0x00,0x66,0xff,0x00,
 0x66,0xff,0x00,0x66,0xff,0x00,0x66,0xff,
 0x00,0x00,0x00,0x00,0x66,0x99,0x00,0x66,
 0x99,0x00,0x66,0x99,0x00,0x66,0x99,0x00,
 0x66,0x99,0x00,0x66,0x99,0x00,0x66,0x99,
 0x00,0x66,0x99,0x00,0x66,0x99,0x00,0x00,
 0x00,0x33,0x66,0x99,0x33,0x66,0x99,0x33,
 0x66,0x99,0x33,0x66,0x99,0x33,0x66,0x99,
 0x33,0x66,0x99,0x33,0x66,0x99,0x33,0x66,
 0x99,0x33,0x66,0x99,0x00,0x00,0x00,0x66,
 0x66,0x99,0x66,0x66,0x99,0x66,0x66,0x99,
 0x66,0x66,0x99,0x66,0x66,0x99,0x66,0x66,
 0x99,0x66,0x66,0x99,0x66,0x66,0x99,0x66,
 0x66,0x99,0x00,0x00,0x00,0x99,0x66,0x99,
 0x99,0x66,0x99,0x99,0x66,0x99,0x99,0x66,
 0x99,0x99,0x66,0x99,0x99,0x66,0x99,0x99,
 0x66,0x99,0x99,0x66,0x99,0x99,0x66,0x99,
 0x00,0x00,0x00,0xcc,0x66,0x99,0xcc,0x66,
 0x99,0xcc,0x66,0x99,0xcc,0x66,0x99,0xcc,
 0x66,0x99,0xcc,0x66,0x99,0xcc,0x66,0x99,
 0xcc,0x66,0x99,0xcc,0x66,0x99,0x00,0x00,
 0x00,0xff,0x66,0x99,0xff,0x66,0x99,0xff,
 0x66,0x99,0xff,0x66,0x99,0xff,0x66,0x99,
 0xff,0x66,0x99,0xff,0x66,0x99,0xff,0x66,
 0x99,0xff,0x66,0x99,0x00,0x00,0x00,0xff,
 0x66,0x33,0xff,0x66,0x33,0xff,0x66,0x33,
 0xff,0x66,0x33,0xff,0x66,0x33,0xff,0x66,
 0x33,0xff,0x66,0x33,0xff,0x66,0x33,0xff,
 0x66,0x33,0x00,0x00,0x00,0xcc,0x66,0x33,
 0xcc,0x66,0x33,0xcc,0x66,0x33,0xcc,0x66,
 0x33,0xcc,0x66,0x33,0xcc,0x66,0x33,0xcc,
 0x66,0x33,0xcc,0x66,0x33,0xcc,0x66,0x33,
 0x00,0x00,0x00,0x99,0x66,0x33,0x99,0x66,
 0x33,0x99,0x66,0x33,0x99,0x66,0x33,0x99,
 0x66,0x33,0x99,0x66,0x33,0x99,0x66,0x33,
 0x99,0x66,0x33,0x99,0x66,0x33,0x00,0x00,
 0x00,0x66,0x66,0x33,0x66,0x66,0x33,0x66,
 0x66,0x33,0x66,0x66,0x33,0x66,0x66,0x33,
 0x66,0x66,0x33,0x66,0x66,0x33,0x66,0x66,
 0x33,0x66,0x66,0x33,0x00,0x00,0x00,0x33,
 0x66,0x33,0x33,0x66,0x33,0x33,0x66,0x33,
 0x33,0x66,0x33,0x33,0x66,0x33,0x33,0x66,
 0x33,0x33,0x66,0x33,0x33,0x66,0x33,0x33,
 0x66,0x33,0x00,0x00,0x00,0x00,0x66,0x33,
 0x00,0x66,0x33,0x00,0x66,0x33,0x00,0x66,
 0x33,0x00,0x66,0x33,0x00,0x66,0x33,0x00,
 0x66,0x33,0x00,0x66,0x33,0x00,0x66,0x33,
 0x00,0x00,0x00,0x00,0x00,0x00,0x00,0x00,
 0x00,0xff,0x00,0x00,0xff,0x00,0x00,0xff,
 0x00,0x00,0xff,0x00,0x00,0xff,0x00,0x00,
 0xff,0x00,0x00,0xff,0x00,0x00,0xff,0x00,
 0x00,0xff,0x00,0x00,0x00,0x00,0x00,0xff,
 0x66,0xff,0xff,0x66,0xff,0xff,0x66,0xff,
 0xff,0x66,0xff,0xff,0x66,0xff,0xff,0x66,
 0xff,0xff,0x66,0xff,0xff,0x66,0xff,0xff,
 0x66,0xff,0x00,0x00,0x00,0xcc,0x66,0xff,
 0xcc,0x66,0xff,0xcc,0x66,0xff,0xcc,0x66,
 0xff,0xcc,0x66,0xff,0xcc,0x66,0xff,0xcc,
 0x66,0xff,0xcc,0x66,0xff,0xcc,0x66,0xff,
 0x00,0x00,0x00,0x99,0x66,0xff,0x99,0x66,
 0xff,0x99,0x66,0xff,0x99,0x66,0xff,0x99,
 0x66,0xff,0x99,0x66,0xff,0x99,0x66,0xff,
 0x99,0x66,0xff,0x99,0x66,0xff,0x00,0x00,
 0x00,0x66,0x66,0xff,0x66,0x66,0xff,0x66,
 0x66,0xff,0x66,0x66,0xff,0x66,0x66,0xff,
 0x66,0x66,0xff,0x66,0x66,0xff,0x66,0x66,
 0xff,0x66,0x66,0xff,0x00,0x00,0x00,0x33,
 0x66,0xff,0x33,0x66,0xff,0x33,0x66,0xff,
 0x33,0x66,0xff,0x33,0x66,0xff,0x33,0x66,
 0xff,0x33,0x66,0xff,0x33,0x66,0xff,0x33,
 0x66,0xff,0x00,0x00,0x00,0x00,0x66,0xff,
 0x00,0x66,0xff,0x00,0x66,0xff,0x00,0x66,
 0xff,0x00,0x66,0xff,0x00,0x66,0xff,0x00,
 0x66,0xff,0x00,0x66,0xff,0x00,0x66,0xff,
 0x00,0x00,0x00,0x00,0x66,0x99,0x00,0x66,
 0x99,0x00,0x66,0x99,0x00,0x66,0x99,0x00,
 0x66,0x99,0x00,0x66,0x99,0x00,0x66,0x99,
 0x00,0x66,0x99,0x00,0x66,0x99,0x00,0x00,
 0x00,0x33,0x66,0x99,0x33,0x66,0x99,0x33,
 0x66,0x99,0x33,0x66,0x99,0x33,0x66,0x99,
 0x33,0x66,0x99,0x33,0x66,0x99,0x33,0x66,
 0x99,0x33,0x66,0x99,0x00,0x00,0x00,0x66,
 0x66,0x99,0x66,0x66,0x99,0x66,0x66,0x99,
 0x66,0x66,0x99,0x66,0x66,0x99,0x66,0x66,
 0x99,0x66,0x66,0x99,0x66,0x66,0x99,0x66,
 0x66,0x99,0x00,0x00,0x00,0x99,0x66,0x99,
 0x99,0x66,0x99,0x99,0x66,0x99,0x99,0x66,
 0x99,0x99,0x66,0x99,0x99,0x66,0x99,0x99,
 0x66,0x99,0x99,0x66,0x99,0x99,0x66,0x99,
 0x00,0x00,0x00,0xcc,0x66,0x99,0xcc,0x66,
 0x99,0xcc,0x66,0x99,0xcc,0x66,0x99,0xcc,
 0x66,0x99,0xcc,0x66,0x99,0xcc,0x66,0x99,
 0xcc,0x66,0x99,0xcc,0x66,0x99,0x00,0x00,
 0x00,0xff,0x66,0x99,0xff,0x66,0x99,0xff,
 0x66,0x99,0xff,0x66,0x99,0xff,0x66,0x99,
 0xff,0x66,0x99,0xff,0x66,0x99,0xff,0x66,
 0x99,0xff,0x66,0x99,0x00,0x00,0x00,0xff,
 0x66,0x33,0xff,0x66,0x33,0xff,0x66,0x33,
 0xff,0x66,0x33,0xff,0x66,0x33,0xff,0x66,
 0x33,0xff,0x66,0x33,0xff,0x66,0x33,0xff,
 0x66,0x33,0x00,0x00,0x00,0xcc,0x66,0x33,
 0xcc,0x66,0x33,0xcc,0x66,0x33,0xcc,0x66,
 0x33,0xcc,0x66,0x33,0xcc,0x66,0x33,0xcc,
 0x66,0x33,0xcc,0x66,0x33,0xcc,0x66,0x33,
 0x00,0x00,0x00,0x99,0x66,0x33,0x99,0x66,
 0x33,0x99,0x66,0x33,0x99,0x66,0x33,0x99,
 0x66,0x33,0x99,0x66,0x33,0x99,0x66,0x33,
 0x99,0x66,0x33,0x99,0x66,0x33,0x00,0x00,
 0x00,0x66,0x66,0x33,0x66,0x66,0x33,0x66,
 0x66,0x33,0x66,0x66,0x33,0x66,0x66,0x33,
 0x66,0x66,0x33,0x66,0x66,0x33,0x66,0x66,
 0x33,0x66,0x66,0x33,0x00,0x00,0x00,0x33,
 0x66,0x33,0x33,0x66,0x33,0x33,0x66,0x33,
 0x33,0x66,0x33,0x33,0x66,0x33,0x33,0x66,
 0x33,0x33,0x66,0x33,0x33,0x66,0x33,0x33,
 0x66,0x33,0x00,0x00,0x00,0x00,0x66,0x33,
 0x00,0x66,0x33,0x00,0x66,0x33,0x00,0x66,
 0x33,0x00,0x66,0x33,0x00,0x66,0x33,0x00,
 0x66,0x33,0x00,0x66,0x33,0x00,0x66,0x33,
 0x00,0x00,0x00,0x00,0x00,0x00,0x00,0x00,
 0x00,0xff,0x00,0x00,0xff,0x00,0x00,0xff,
 0x00,0x00,0xff,0x00,0x00,0xff,0x00,0x00,
 0xff,0x00,0x00,0xff,0x00,0x00,0xff,0x00,
 0x00,0xff,0x00,0x00,0x00,0x00,0x00,0xff,
 0x66,0xff,0xff,0x66,0xff,0xff,0x66,0xff,
 0xff,0x66,0xff,0xff,0x66,0xff,0xff,0x66,
 0xff,0xff,0x66,0xff,0xff,0x66,0xff,0xff,
 0x66,0xff,0x00,0x00,0x00,0xcc,0x66,0xff,
 0xcc,0x66,0xff,0xcc,0x66,0xff,0xcc,0x66,
 0xff,0xcc,0x66,0xff,0xcc,0x66,0xff,0xcc,
 0x66,0xff,0xcc,0x66,0xff,0xcc,0x66,0xff,
 0x00,0x00,0x00,0x99,0x66,0xff,0x99,0x66,
 0xff,0x99,0x66,0xff,0x99,0x66,0xff,0x99,
 0x66,0xff,0x99,0x66,0xff,0x99,0x66,0xff,
 0x99,0x66,0xff,0x99,0x66,0xff,0x00,0x00,
 0x00,0x66,0x66,0xff,0x66,0x66,0xff,0x66,
 0x66,0xff,0x66,0x66,0xff,0x66,0x66,0xff,
 0x66,0x66,0xff,0x66,0x66,0xff,0x66,0x66,
 0xff,0x66,0x66,0xff,0x00,0x00,0x00,0x33,
 0x66,0xff,0x33,0x66,0xff,0x33,0x66,0xff,
 0x33,0x66,0xff,0x33,0x66,0xff,0x33,0x66,
 0xff,0x33,0x66,0xff,0x33,0x66,0xff,0x33,
 0x66,0xff,0x00,0x00,0x00,0x00,0x66,0xff,
 0x00,0x66,0xff,0x00,0x66,0xff,0x00,0x66,
 0xff,0x00,0x66,0xff,0x00,0x66,0xff,0x00,
 0x66,0xff,0x00,0x66,0xff,0x00,0x66,0xff,
 0x00,0x00,0x00,0x00,0x66,0x99,0x00,0x66,
 0x99,0x00,0x66,0x99,0x00,0x66,0x99,0x00,
 0x66,0x99,0x00,0x66,0x99,0x00,0x66,0x99,
 0x00,0x66,0x99,0x00,0x66,0x99,0x00,0x00,
 0x00,0x33,0x66,0x99,0x33,0x66,0x99,0x33,
 0x66,0x99,0x33,0x66,0x99,0x33,0x66,0x99,
 0x33,0x66,0x99,0x33,0x66,0x99,0x33,0x66,
 0x99,0x33,0x66,0x99,0x00,0x00,0x00,0x66,
 0x66,0x99,0x66,0x66,0x99,0x66,0x66,0x99,
 0x66,0x66,0x99,0x66,0x66,0x99,0x66,0x66,
 0x99,0x66,0x66,0x99,0x66,0x66,0x99,0x66,
 0x66,0x99,0x00,0x00,0x00,0x99,0x66,0x99,
 0x99,0x66,0x99,0x99,0x66,0x99,0x99,0x66,
 0x99,0x99,0x66,0x99,0x99,0x66,0x99,0x99,
 0x66,0x99,0x99,0x66,0x99,0x99,0x66,0x99,
 0x00,0x00,0x00,0xcc,0x66,0x99,0xcc,0x66,
 0x99,0xcc,0x66,0x99,0xcc,0x66,0x99,0xcc,
 0x66,0x99,0xcc,0x66,0x99,0xcc,0x66,0x99,
 0xcc,0x66,0x99,0xcc,0x66,0x99,0x00,0x00,
 0x00,0xff,0x66,0x99,0xff,0x66,0x99,0xff,
 0x66,0x99,0xff,0x66,0x99,0xff,0x66,0x99,
 0xff,0x66,0x99,0xff,0x66,0x99,0xff,0x66,
 0x99,0xff,0x66,0x99,0x00,0x00,0x00,0xff,
 0x66,0x33,0xff,0x66,0x33,0xff,0x66,0x33,
 0xff,0x66,0x33,0xff,0x66,0x33,0xff,0x66,
 0x33,0xff,0x66,0x33,0xff,0x66,0x33,0xff,
 0x66,0x33,0x00,0x00,0x00,0xcc,0x66,0x33,
 0xcc,0x66,0x33,0xcc,0x66,0x33,0xcc,0x66,
 0x33,0xcc,0x66,0x33,0xcc,0x66,0x33,0xcc,
 0x66,0x33,0xcc,0x66,0x33,0xcc,0x66,0x33,
 0x00,0x00,0x00,0x99,0x66,0x33,0x99,0x66,
 0x33,0x99,0x66,0x33,0x99,0x66,0x33,0x99,
 0x66,0x33,0x99,0x66,0x33,0x99,0x66,0x33,
 0x99,0x66,0x33,0x99,0x66,0x33,0x00,0x00,
 0x00,0x66,0x66,0x33,0x66,0x66,0x33,0x66,
 0x66,0x33,0x66,0x66,0x33,0x66,0x66,0x33,
 0x66,0x66,0x33,0x66,0x66,0x33,0x66,0x66,
 0x33,0x66,0x66,0x33,0x00,0x00,0x00,0x33,
 0x66,0x33,0x33,0x66,0x33,0x33,0x66,0x33,
 0x33,0x66,0x33,0x33,0x66,0x33,0x33,0x66,
 0x33,0x33,0x66,0x33,0x33,0x66,0x33,0x33,
 0x66,0x33,0x00,0x00,0x00,0x00,0x66,0x33,
 0x00,0x66,0x33,0x00,0x66,0x33,0x00,0x66,
 0x33,0x00,0x66,0x33,0x00,0x66,0x33,0x00,
 0x66,0x33,0x00,0x66,0x33,0x00,0x66,0x33,
 0x00,0x00,0x00,0x00,0x00,0x00,0x00,0x00,
 0x00,0xff,0x00,0x00,0xff,0x00,0x00,0xff,
 0x00,0x00,0xff,0x00,0x00,0xff,0x00,0x00,
 0xff,0x00,0x00,0xff,0x00,0x00,0xff,0x00,
 0x00,0xff,0x00,0x00,0x00,0x00,0x00,0xff,
 0x66,0xff,0xff,0x66,0xff,0xff,0x66,0xff,
 0xff,0x66,0xff,0xff,0x66,0xff,0xff,0x66,
 0xff,0xff,0x66,0xff,0xff,0x66,0xff,0xff,
 0x66,0xff,0x00,0x00,0x00,0xcc,0x66,0xff,
 0xcc,0x66,0xff,0xcc,0x66,0xff,0xcc,0x66,
 0xff,0xcc,0x66,0xff,0xcc,0x66,0xff,0xcc,
 0x66,0xff,0xcc,0x66,0xff,0xcc,0x66,0xff,
 0x00,0x00,0x00,0x99,0x66,0xff,0x99,0x66,
 0xff,0x99,0x66,0xff,0x99,0x66,0xff,0x99,
 0x66,0xff,0x99,0x66,0xff,0x99,0x66,0xff,
 0x99,0x66,0xff,0x99,0x66,0xff,0x00,0x00,
 0x00,0x66,0x66,0xff,0x66,0x66,0xff,0x66,
 0x66,0xff,0x66,0x66,0xff,0x66,0x66,0xff,
 0x66,0x66,0xff,0x66,0x66,0xff,0x66,0x66,
 0xff,0x66,0x66,0xff,0x00,0x00,0x00,0x33,
 0x66,0xff,0x33,0x66,0xff,0x33,0x66,0xff,
 0x33,0x66,0xff,0x33,0x66,0xff,0x33,0x66,
 0xff,0x33,0x66,0xff,0x33,0x66,0xff,0x33,
 0x66,0xff,0x00,0x00,0x00,0x00,0x66,0xff,
 0x00,0x66,0xff,0x00,0x66,0xff,0x00,0x66,
 0xff,0x00,0x66,0xff,0x00,0x66,0xff,0x00,
 0x66,0xff,0x00,0x66,0xff,0x00,0x66,0xff,
 0x00,0x00,0x00,0x00,0x66,0x99,0x00,0x66,
 0x99,0x00,0x66,0x99,0x00,0x66,0x99,0x00,
 0x66,0x99,0x00,0x66,0x99,0x00,0x66,0x99,
 0x00,0x66,0x99,0x00,0x66,0x99,0x00,0x00,
 0x00,0x33,0x66,0x99,0x33,0x66,0x99,0x33,
 0x66,0x99,0x33,0x66,0x99,0x33,0x66,0x99,
 0x33,0x66,0x99,0x33,0x66,0x99,0x33,0x66,
 0x99,0x33,0x66,0x99,0x00,0x00,0x00,0x66,
 0x66,0x99,0x66,0x66,0x99,0x66,0x66,0x99,
 0x66,0x66,0x99,0x66,0x66,0x99,0x66,0x66,
 0x99,0x66,0x66,0x99,0x66,0x66,0x99,0x66,
 0x66,0x99,0x00,0x00,0x00,0x99,0x66,0x99,
 0x99,0x66,0x99,0x99,0x66,0x99,0x99,0x66,
 0x99,0x99,0x66,0x99,0x99,0x66,0x99,0x99,
 0x66,0x99,0x99,0x66,0x99,0x99,0x66,0x99,
 0x00,0x00,0x00,0xcc,0x66,0x99,0xcc,0x66,
 0x99,0xcc,0x66,0x99,0xcc,0x66,0x99,0xcc,
 0x66,0x99,0xcc,0x66,0x99,0xcc,0x66,0x99,
 0xcc,0x66,0x99,0xcc,0x66,0x99,0x00,0x00,
 0x00,0xff,0x66,0x99,0xff,0x66,0x99,0xff,
 0x66,0x99,0xff,0x66,0x99,0xff,0x66,0x99,
 0xff,0x66,0x99,0xff,0x66,0x99,0xff,0x66,
 0x99,0xff,0x66,0x99,0x00,0x00,0x00,0xff,
 0x66,0x33,0xff,0x66,0x33,0xff,0x66,0x33,
 0xff,0x66,0x33,0xff,0x66,0x33,0xff,0x66,
 0x33,0xff,0x66,0x33,0xff,0x66,0x33,0xff,
 0x66,0x33,0x00,0x00,0x00,0xcc,0x66,0x33,
 0xcc,0x66,0x33,0xcc,0x66,0x33,0xcc,0x66,
 0x33,0xcc,0x66,0x33,0xcc,0x66,0x33,0xcc,
 0x66,0x33,0xcc,0x66,0x33,0xcc,0x66,0x33,
 0x00,0x00,0x00,0x99,0x66,0x33,0x99,0x66,
 0x33,0x99,0x66,0x33,0x99,0x66,0x33,0x99,
 0x66,0x33,0x99,0x66,0x33,0x99,0x66,0x33,
 0x99,0x66,0x33,0x99,0x66,0x33,0x00,0x00,
 0x00,0x66,0x66,0x33,0x66,0x66,0x33,0x66,
 0x66,0x33,0x66,0x66,0x33,0x66,0x66,0x33,
 0x66,0x66,0x33,0x66,0x66,0x33,0x66,0x66,
 0x33,0x66,0x66,0x33,0x00,0x00,0x00,0x33,
 0x66,0x33,0x33,0x66,0x33,0x33,0x66,0x33,
 0x33,0x66,0x33,0x33,0x66,0x33,0x33,0x66,
 0x33,0x33,0x66,0x33,0x33,0x66,0x33,0x33,
 0x66,0x33,0x00,0x00,0x00,0x00,0x66,0x33,
 0x00,0x66,0x33,0x00,0x66,0x33,0x00,0x66,
 0x33,0x00,0x66,0x33,0x00,0x66,0x33,0x00,
 0x66,0x33,0x00,0x66,0x33,0x00,0x66,0x33,
 0x00,0x00,0x00,0x00,0x00,0x00,0x00,0x00,
 0x00,0x00,0x00,0x00,0x00,0x00,0x00,0x00,
 0x00,0x00,0x00,0x00,0x00,0x00,0x00,0x00,
 0x00,0x00,0x00,0x00,0x00,0x00,0x00,0x00,
 0x00,0x00,0x00,0x00,0x00,0x00,0x00,0x00,
 0x00,0x00,0x00,0x00,0x00,0x00,0x00,0x00,
 0x00,0x00,0x00,0x00,0x00,0x00,0x00,0x00,
 0x00,0x00,0x00,0x00,0x00,0x00,0x00,0x00,
 0x00,0x00,0x00,0x00,0x00,0x00,0x00,0x00,
 0x00,0x00,0x00,0x00,0x00,0x00,0x00,0x00,
 0x00,0x00,0x00,0x00,0x00,0x00,0x00,0x00,
 0x00,0x00,0x00,0x00,0x00,0x00,0x00,0x00,
 0x00,0x00,0x00,0x00,0x00,0x00,0x00,0x00,
 0x00,0x00,0x00,0x00,0x00,0x00,0x00,0x00,
 0x00,0x00,0x00,0x00,0x00,0x00,0x00,0x00,
 0x00,0x00,0x00,0x00,0x00,0x00,0x00,0x00,
 0x00,0x00,0x00,0x00,0x00,0x00,0x00,0x00,
 0x00,0x00,0x00,0x00,0x00,0x00,0x00,0x00,
 0x00,0x00,0x00,0x00,0x00,0x00,0x00,0x00,
 0x00,0x00,0x00,0x00,0x00,0x00,0x00,0x00,
 0x00,0x00,0x00,0x00,0x00,0x00,0x00,0x00,
 0x00,0x00,0x00,0x00,0x00,0x00,0x00,0x00,
 0x00,0x00,0x00,0x00,0x00,0x00,0x00,0x00,
 0x00,0x00,0x00,0x00,0x00,0x00,0x00,0x00,
 0x00,0x00,0x00,0x00,0x00,0x00,0x00,0x00,
 0x00,0x00,0x00,0x00,0x00,0x00,0x00,0x00,
 0x00,0x00,0x00,0x00,0x00,0x00,0x00,0x00,
 0x00,0x00,0x00,0x00,0x00,0x00,0x00,0x00,
 0x00,0x00,0x00,0x00,0x00,0x00,0x00,0x00,
 0x00,0x00,0x00,0x00,0x00,0x00,0x00,0x00,
 0x00,0x00,0x00,0x00,0x00,0x00,0x00,0x00,
 0x00,0x00,0x00,0x00,0x00,0x00,0x00,0x00,
 0x00,0x00,0x00,0x00,0x00,0x00,0x00,0x00,
 0x00,0x00,0x00,0x00,0x00,0x00,0x00,0x00,
 0x00,0x00,0x00,0x00,0x00,0x00,0x00,0x00,
 0x00,0x00,0x00,0x00,0x00,0x00,0x00,0x00,
 0x00,0x00,0x00,0x00,0x00,0x00,0x00,0x00,
 0x00,0x00,0x00,0x00,0x00,0x00,0x00,0x00,
 0x00,0x00,0x00,0x00,0x00,0x00,0x00,0x00,
 0x00,0x00,0x00,0x00,0x00,0x00,0x00,0x00,
 0x00,0x00,0x00,0x00,0x00,0x00,0x00,0x00,
 0x00,0x00,0x00,0x00,0x00,0x00,0x00,0x00,
 0x00,0x00,0x00,0x00,0x00,0x00,0x00,0x00,
 0x00,0x00,0x00,0x00,0x00,0x00,0x00,0x00,
 0x00,0x00,0x00,0x00,0x00,0x00,0x00,0x00,
 0x00,0x00,0x00,0x00,0x00,0x00,0x00,0x00,
 0x00,0x00,0x00,0x00,0x00,0x00,0x00,0x00,
 0x00,0x00,0x00,0x00,0x00,0x00,0x00,0x00,
 0x00,0x00,0x00,0x00,0x00,0x00,0x00,0x00,
 0x00,0x00,0x00,0x00,0x00,0x00,0x00,0x00,
 0x00,0x00,0x00,0x00,0x00,0x00,0x00,0x00,
 0x00,0x00,0x00,0x00,0x00,0x00,0x00,0x00,
 0x00,0x00,0x00,0x00,0x00,0x00,0x00,0x00,
 0x00,0x00,0x00,0x00,0x00,0x00,0x00,0x00,
 0x00,0x00,0x00,0x00,0x00,0x00,0x00,0x00,
 0x00,0x00,0x00,0x00,0x00,0x00,0x00,0x00,
 0x00,0x00,0x00,0x00,0x00,0x00,0x00,0x00,
 0x00,0x00,0x00,0x00,0x00,0x00,0x00,0x00,
 0x00,0x00,0x00,0x00,0x00,0x00,0x00,0x00,
 0x00,0x00,0x00,0x00,0x00,0x00,0x00,0x00,
 0x00,0x00,0x00,0x00,0x00,0x00,0x00,0x00,
 0x00,0x00,0x00,0x00,0x00,0x00,0x00,0x00,
 0x00,0x00,0x00,0x00,0x00,0x00,0x00,0x00,
 0x00,0x00,0x00,0x00,0x00,0x00,0x00,0x00,
 0x00,0x00,0x00,0x00,0x00,0x00,0x00,0x00,
 0x00,0x00,0x00,0x00,0x00,0x00,0x00,0x00,
 0x00,0x00,0x00,0x00,0x00,0x00,0x00,0x00,
 0x00,0x00,0x00,0x00,0x00,0x00,0x00,0x00,
 0x00,0x00,0x00,0x00,0x00,0x00,0x00,0x00,
 0x00,0x00,0x00,0x00,0x00,0x00,0x00,0x00,
 0x00,0x00,0x00,0x00,0x00,0x00,0x00,0x00,
 0x00,0x00,0x00,0x00,0x00,0x00,0x00,0x00,
 0x00,0x00,0x00,0x00,0x00,0x00,0x00,0x00,
 0x00,0x00,0xff,0x00,0x00,0xff,0x00,0x00,
 0xff,0x00,0x00,0xff,0x00,0x00,0xff,0x00,
 0x00,0xff,0x00,0x00,0xff,0x00,0x00,0xff,
 0x00,0x00,0xff,0x00,0x00,0x00,0x00,0xff,
 0x33,0xff,0xff,0x33,0xff,0xff,0x33,0xff,
 0xff,0x33,0xff,0xff,0x33,0xff,0xff,0x33,
 0xff,0xff,0x33,0xff,0xff,0x33,0xff,0xff,
 0x33,0xff,0x00,0x00,0x00,0xcc,0x33,0xff,
 0xcc,0x33,0xff,0xcc,0x33,0xff,0xcc,0x33,
 0xff,0xcc,0x33,0xff,0xcc,0x33,0xff,0xcc,
 0x33,0xff,0xcc,0x33,0xff,0xcc,0x33,0xff,
 0x00,0x00,0x00,0x99,0x33,0xff,0x99,0x33,
 0xff,0x99,0x33,0xff,0x99,0x33,0xff,0x99,
 0x33,0xff,0x99,0x33,0xff,0x99,0x33,0xff,
 0x99,0x33,0xff,0x99,0x33,0xff,0x00,0x00,
 0x00,0x66,0x33,0xff,0x66,0x33,0xff,0x66,
 0x33,0xff,0x66,0x33,0xff,0x66,0x33,0xff,
 0x66,0x33,0xff,0x66,0x33,0xff,0x66,0x33,
 0xff,0x66,0x33,0xff,0x00,0x00,0x00,0x33,
 0x33,0xff,0x33,0x33,0xff,0x33,0x33,0xff,
 0x33,0x33,0xff,0x33,0x33,0xff,0x33,0x33,
 0xff,0x33,0x33,0xff,0x33,0x33,0xff,0x33,
 0x33,0xff,0x00,0x00,0x00,0x00,0x33,0xff,
 0x00,0x33,0xff,0x00,0x33,0xff,0x00,0x33,
 0xff,0x00,0x33,0xff,0x00,0x33,0xff,0x00,
 0x33,0xff,0x00,0x33,0xff,0x00,0x33,0xff,
 0x00,0x00,0x00,0x00,0x33,0x99,0x00,0x33,
 0x99,0x00,0x33,0x99,0x00,0x33,0x99,0x00,
 0x33,0x99,0x00,0x33,0x99,0x00,0x33,0x99,
 0x00,0x33,0x99,0x00,0x33,0x99,0x00,0x00,
 0x00,0x33,0x33,0x99,0x33,0x33,0x99,0x33,
 0x33,0x99,0x33,0x33,0x99,0x33,0x33,0x99,
 0x33,0x33,0x99,0x33,0x33,0x99,0x33,0x33,
 0x99,0x33,0x33,0x99,0x00,0x00,0x00,0x66,
 0x33,0x99,0x66,0x33,0x99,0x66,0x33,0x99,
 0x66,0x33,0x99,0x66,0x33,0x99,0x66,0x33,
 0x99,0x66,0x33,0x99,0x66,0x33,0x99,0x66,
 0x33,0x99,0x00,0x00,0x00,0x99,0x33,0x99,
 0x99,0x33,0x99,0x99,0x33,0x99,0x99,0x33,
 0x99,0x99,0x33,0x99,0x99,0x33,0x99,0x99,
 0x33,0x99,0x99,0x33,0x99,0x99,0x33,0x99,
 0x00,0x00,0x00,0xcc,0x33,0x99,0xcc,0x33,
 0x99,0xcc,0x33,0x99,0xcc,0x33,0x99,0xcc,
 0x33,0x99,0xcc,0x33,0x99,0xcc,0x33,0x99,
 0xcc,0x33,0x99,0xcc,0x33,0x99,0x00,0x00,
 0x00,0xff,0x33,0x99,0xff,0x33,0x99,0xff,
 0x33,0x99,0xff,0x33,0x99,0xff,0x33,0x99,
 0xff,0x33,0x99,0xff,0x33,0x99,0xff,0x33,
 0x99,0xff,0x33,0x99,0x00,0x00,0x00,0xff,
 0x33,0x33,0xff,0x33,0x33,0xff,0x33,0x33,
 0xff,0x33,0x33,0xff,0x33,0x33,0xff,0x33,
 0x33,0xff,0x33,0x33,0xff,0x33,0x33,0xff,
 0x33,0x33,0x00,0x00,0x00,0xcc,0x33,0x33,
 0xcc,0x33,0x33,0xcc,0x33,0x33,0xcc,0x33,
 0x33,0xcc,0x33,0x33,0xcc,0x33,0x33,0xcc,
 0x33,0x33,0xcc,0x33,0x33,0xcc,0x33,0x33,
 0x00,0x00,0x00,0x99,0x33,0x33,0x99,0x33,
 0x33,0x99,0x33,0x33,0x99,0x33,0x33,0x99,
 0x33,0x33,0x99,0x33,0x33,0x99,0x33,0x33,
 0x99,0x33,0x33,0x99,0x33,0x33,0x00,0x00,
 0x00,0x66,0x33,0x33,0x66,0x33,0x33,0x66,
 0x33,0x33,0x66,0x33,0x33,0x66,0x33,0x33,
 0x66,0x33,0x33,0x66,0x33,0x33,0x66,0x33,
 0x33,0x66,0x33,0x33,0x00,0x00,0x00,0x33,
 0x33,0x33,0x33,0x33,0x33,0x33,0x33,0x33,
 0x33,0x33,0x33,0x33,0x33,0x33,0x33,0x33,
 0x33,0x33,0x33,0x33,0x33,0x33,0x33,0x33,
 0x33,0x33,0x00,0x00,0x00,0x00,0x33,0x33,
 0x00,0x33,0x33,0x00,0x33,0x33,0x00,0x33,
 0x33,0x00,0x33,0x33,0x00,0x33,0x33,0x00,
 0x33,0x33,0x00,0x33,0x33,0x00,0x33,0x33,
 0x00,0x00,0x00,0x00,0x00,0x00,0x00,0x00,
 0x00,0x00,0xff,0x00,0x00,0xff,0x00,0x00,
 0xff,0x00,0x00,0xff,0x00,0x00,0xff,0x00,
 0x00,0xff,0x00,0x00,0xff,0x00,0x00,0xff,
 0x00,0x00,0xff,0x00,0x00,0x00,0x00,0xff,
 0x33,0xff,0xff,0x33,0xff,0xff,0x33,0xff,
 0xff,0x33,0xff,0xff,0x33,0xff,0xff,0x33,
 0xff,0xff,0x33,0xff,0xff,0x33,0xff,0xff,
 0x33,0xff,0x00,0x00,0x00,0xcc,0x33,0xff,
 0xcc,0x33,0xff,0xcc,0x33,0xff,0xcc,0x33,
 0xff,0xcc,0x33,0xff,0xcc,0x33,0xff,0xcc,
 0x33,0xff,0xcc,0x33,0xff,0xcc,0x33,0xff,
 0x00,0x00,0x00,0x99,0x33,0xff,0x99,0x33,
 0xff,0x99,0x33,0xff,0x99,0x33,0xff,0x99,
 0x33,0xff,0x99,0x33,0xff,0x99,0x33,0xff,
 0x99,0x33,0xff,0x99,0x33,0xff,0x00,0x00,
 0x00,0x66,0x33,0xff,0x66,0x33,0xff,0x66,
 0x33,0xff,0x66,0x33,0xff,0x66,0x33,0xff,
 0x66,0x33,0xff,0x66,0x33,0xff,0x66,0x33,
 0xff,0x66,0x33,0xff,0x00,0x00,0x00,0x33,
 0x33,0xff,0x33,0x33,0xff,0x33,0x33,0xff,
 0x33,0x33,0xff,0x33,0x33,0xff,0x33,0x33,
 0xff,0x33,0x33,0xff,0x33,0x33,0xff,0x33,
 0x33,0xff,0x00,0x00,0x00,0x00,0x33,0xff,
 0x00,0x33,0xff,0x00,0x33,0xff,0x00,0x33,
 0xff,0x00,0x33,0xff,0x00,0x33,0xff,0x00,
 0x33,0xff,0x00,0x33,0xff,0x00,0x33,0xff,
 0x00,0x00,0x00,0x00,0x33,0x99,0x00,0x33,
 0x99,0x00,0x33,0x99,0x00,0x33,0x99,0x00,
 0x33,0x99,0x00,0x33,0x99,0x00,0x33,0x99,
 0x00,0x33,0x99,0x00,0x33,0x99,0x00,0x00,
 0x00,0x33,0x33,0x99,0x33,0x33,0x99,0x33,
 0x33,0x99,0x33,0x33,0x99,0x33,0x33,0x99,
 0x33,0x33,0x99,0x33,0x33,0x99,0x33,0x33,
 0x99,0x33,0x33,0x99,0x00,0x00,0x00,0x66,
 0x33,0x99,0x66,0x33,0x99,0x66,0x33,0x99,
 0x66,0x33,0x99,0x66,0x33,0x99,0x66,0x33,
 0x99,0x66,0x33,0x99,0x66,0x33,0x99,0x66,
 0x33,0x99,0x00,0x00,0x00,0x99,0x33,0x99,
 0x99,0x33,0x99,0x99,0x33,0x99,0x99,0x33,
 0x99,0x99,0x33,0x99,0x99,0x33,0x99,0x99,
 0x33,0x99,0x99,0x33,0x99,0x99,0x33,0x99,
 0x00,0x00,0x00,0xcc,0x33,0x99,0xcc,0x33,
 0x99,0xcc,0x33,0x99,0xcc,0x33,0x99,0xcc,
 0x33,0x99,0xcc,0x33,0x99,0xcc,0x33,0x99,
 0xcc,0x33,0x99,0xcc,0x33,0x99,0x00,0x00,
 0x00,0xff,0x33,0x99,0xff,0x33,0x99,0xff,
 0x33,0x99,0xff,0x33,0x99,0xff,0x33,0x99,
 0xff,0x33,0x99,0xff,0x33,0x99,0xff,0x33,
 0x99,0xff,0x33,0x99,0x00,0x00,0x00,0xff,
 0x33,0x33,0xff,0x33,0x33,0xff,0x33,0x33,
 0xff,0x33,0x33,0xff,0x33,0x33,0xff,0x33,
 0x33,0xff,0x33,0x33,0xff,0x33,0x33,0xff,
 0x33,0x33,0x00,0x00,0x00,0xcc,0x33,0x33,
 0xcc,0x33,0x33,0xcc,0x33,0x33,0xcc,0x33,
 0x33,0xcc,0x33,0x33,0xcc,0x33,0x33,0xcc,
 0x33,0x33,0xcc,0x33,0x33,0xcc,0x33,0x33,
 0x00,0x00,0x00,0x99,0x33,0x33,0x99,0x33,
 0x33,0x99,0x33,0x33,0x99,0x33,0x33,0x99,
 0x33,0x33,0x99,0x33,0x33,0x99,0x33,0x33,
 0x99,0x33,0x33,0x99,0x33,0x33,0x00,0x00,
 0x00,0x66,0x33,0x33,0x66,0x33,0x33,0x66,
 0x33,0x33,0x66,0x33,0x33,0x66,0x33,0x33,
 0x66,0x33,0x33,0x66,0x33,0x33,0x66,0x33,
 0x33,0x66,0x33,0x33,0x00,0x00,0x00,0x33,
 0x33,0x33,0x33,0x33,0x33,0x33,0x33,0x33,
 0x33,0x33,0x33,0x33,0x33,0x33,0x33,0x33,
 0x33,0x33,0x33,0x33,0x33,0x33,0x33,0x33,
 0x33,0x33,0x00,0x00,0x00,0x00,0x33,0x33,
 0x00,0x33,0x33,0x00,0x33,0x33,0x00,0x33,
 0x33,0x00,0x33,0x33,0x00,0x33,0x33,0x00,
 0x33,0x33,0x00,0x33,0x33,0x00,0x33,0x33,
 0x00,0x00,0x00,0x00,0x00,0x00,0x00,0x00,
 0x00,0x00,0xff,0x00,0x00,0xff,0x00,0x00,
 0xff,0x00,0x00,0xff,0x00,0x00,0xff,0x00,
 0x00,0xff,0x00,0x00,0xff,0x00,0x00,0xff,
 0x00,0x00,0xff,0x00,0x00,0x00,0x00,0xff,
 0x33,0xff,0xff,0x33,0xff,0xff,0x33,0xff,
 0xff,0x33,0xff,0xff,0x33,0xff,0xff,0x33,
 0xff,0xff,0x33,0xff,0xff,0x33,0xff,0xff,
 0x33,0xff,0x00,0x00,0x00,0xcc,0x33,0xff,
 0xcc,0x33,0xff,0xcc,0x33,0xff,0xcc,0x33,
 0xff,0xcc,0x33,0xff,0xcc,0x33,0xff,0xcc,
 0x33,0xff,0xcc,0x33,0xff,0xcc,0x33,0xff,
 0x00,0x00,0x00,0x99,0x33,0xff,0x99,0x33,
 0xff,0x99,0x33,0xff,0x99,0x33,0xff,0x99,
 0x33,0xff,0x99,0x33,0xff,0x99,0x33,0xff,
 0x99,0x33,0xff,0x99,0x33,0xff,0x00,0x00,
 0x00,0x66,0x33,0xff,0x66,0x33,0xff,0x66,
 0x33,0xff,0x66,0x33,0xff,0x66,0x33,0xff,
 0x66,0x33,0xff,0x66,0x33,0xff,0x66,0x33,
 0xff,0x66,0x33,0xff,0x00,0x00,0x00,0x33,
 0x33,0xff,0x33,0x33,0xff,0x33,0x33,0xff,
 0x33,0x33,0xff,0x33,0x33,0xff,0x33,0x33,
 0xff,0x33,0x33,0xff,0x33,0x33,0xff,0x33,
 0x33,0xff,0x00,0x00,0x00,0x00,0x33,0xff,
 0x00,0x33,0xff,0x00,0x33,0xff,0x00,0x33,
 0xff,0x00,0x33,0xff,0x00,0x33,0xff,0x00,
 0x33,0xff,0x00,0x33,0xff,0x00,0x33,0xff,
 0x00,0x00,0x00,0x00,0x33,0x99,0x00,0x33,
 0x99,0x00,0x33,0x99,0x00,0x33,0x99,0x00,
 0x33,0x99,0x00,0x33,0x99,0x00,0x33,0x99,
 0x00,0x33,0x99,0x00,0x33,0x99,0x00,0x00,
 0x00,0x33,0x33,0x99,0x33,0x33,0x99,0x33,
 0x33,0x99,0x33,0x33,0x99,0x33,0x33,0x99,
 0x33,0x33,0x99,0x33,0x33,0x99,0x33,0x33,
 0x99,0x33,0x33,0x99,0x00,0x00,0x00,0x66,
 0x33,0x99,0x66,0x33,0x99,0x66,0x33,0x99,
 0x66,0x33,0x99,0x66,0x33,0x99,0x66,0x33,
 0x99,0x66,0x33,0x99,0x66,0x33,0x99,0x66,
 0x33,0x99,0x00,0x00,0x00,0x99,0x33,0x99,
 0x99,0x33,0x99,0x99,0x33,0x99,0x99,0x33,
 0x99,0x99,0x33,0x99,0x99,0x33,0x99,0x99,
 0x33,0x99,0x99,0x33,0x99,0x99,0x33,0x99,
 0x00,0x00,0x00,0xcc,0x33,0x99,0xcc,0x33,
 0x99,0xcc,0x33,0x99,0xcc,0x33,0x99,0xcc,
 0x33,0x99,0xcc,0x33,0x99,0xcc,0x33,0x99,
 0xcc,0x33,0x99,0xcc,0x33,0x99,0x00,0x00,
 0x00,0xff,0x33,0x99,0xff,0x33,0x99,0xff,
 0x33,0x99,0xff,0x33,0x99,0xff,0x33,0x99,
 0xff,0x33,0x99,0xff,0x33,0x99,0xff,0x33,
 0x99,0xff,0x33,0x99,0x00,0x00,0x00,0xff,
 0x33,0x33,0xff,0x33,0x33,0xff,0x33,0x33,
 0xff,0x33,0x33,0xff,0x33,0x33,0xff,0x33,
 0x33,0xff,0x33,0x33,0xff,0x33,0x33,0xff,
 0x33,0x33,0x00,0x00,0x00,0xcc,0x33,0x33,
 0xcc,0x33,0x33,0xcc,0x33,0x33,0xcc,0x33,
 0x33,0xcc,0x33,0x33,0xcc,0x33,0x33,0xcc,
 0x33,0x33,0xcc,0x33,0x33,0xcc,0x33,0x33,
 0x00,0x00,0x00,0x99,0x33,0x33,0x99,0x33,
 0x33,0x99,0x33,0x33,0x99,0x33,0x33,0x99,
 0x33,0x33,0x99,0x33,0x33,0x99,0x33,0x33,
 0x99,0x33,0x33,0x99,0x33,0x33,0x00,0x00,
 0x00,0x66,0x33,0x33,0x66,0x33,0x33,0x66,
 0x33,0x33,0x66,0x33,0x33,0x66,0x33,0x33,
 0x66,0x33,0x33,0x66,0x33,0x33,0x66,0x33,
 0x33,0x66,0x33,0x33,0x00,0x00,0x00,0x33,
 0x33,0x33,0x33,0x33,0x33,0x33,0x33,0x33,
 0x33,0x33,0x33,0x33,0x33,0x33,0x33,0x33,
 0x33,0x33,0x33,0x33,0x33,0x33,0x33,0x33,
 0x33,0x33,0x00,0x00,0x00,0x00,0x33,0x33,
 0x00,0x33,0x33,0x00,0x33,0x33,0x00,0x33,
 0x33,0x00,0x33,0x33,0x00,0x33,0x33,0x00,
 0x33,0x33,0x00,0x33,0x33,0x00,0x33,0x33,
 0x00,0x00,0x00,0x00,0x00,0x00,0x00,0x00,
 0x00,0x00,0xff,0x00,0x00,0xff,0x00,0x00,
 0xff,0x00,0x00,0xff,0x00,0x00,0xff,0x00,
 0x00,0xff,0x00,0x00,0xff,0x00,0x00,0xff,
 0x00,0x00,0xff,0x00,0x00,0x00,0x00,0xff,
 0x33,0xff,0xff,0x33,0xff,0xff,0x33,0xff,
 0xff,0x33,0xff,0xff,0x33,0xff,0xff,0x33,
 0xff,0xff,0x33,0xff,0xff,0x33,0xff,0xff,
 0x33,0xff,0x00,0x00,0x00,0xcc,0x33,0xff,
 0xcc,0x33,0xff,0xcc,0x33,0xff,0xcc,0x33,
 0xff,0xcc,0x33,0xff,0xcc,0x33,0xff,0xcc,
 0x33,0xff,0xcc,0x33,0xff,0xcc,0x33,0xff,
 0x00,0x00,0x00,0x99,0x33,0xff,0x99,0x33,
 0xff,0x99,0x33,0xff,0x99,0x33,0xff,0x99,
 0x33,0xff,0x99,0x33,0xff,0x99,0x33,0xff,
 0x99,0x33,0xff,0x99,0x33,0xff,0x00,0x00,
 0x00,0x66,0x33,0xff,0x66,0x33,0xff,0x66,
 0x33,0xff,0x66,0x33,0xff,0x66,0x33,0xff,
 0x66,0x33,0xff,0x66,0x33,0xff,0x66,0x33,
 0xff,0x66,0x33,0xff,0x00,0x00,0x00,0x33,
 0x33,0xff,0x33,0x33,0xff,0x33,0x33,0xff,
 0x33,0x33,0xff,0x33,0x33,0xff,0x33,0x33,
 0xff,0x33,0x33,0xff,0x33,0x33,0xff,0x33,
 0x33,0xff,0x00,0x00,0x00,0x00,0x33,0xff,
 0x00,0x33,0xff,0x00,0x33,0xff,0x00,0x33,
 0xff,0x00,0x33,0xff,0x00,0x33,0xff,0x00,
 0x33,0xff,0x00,0x33,0xff,0x00,0x33,0xff,
 0x00,0x00,0x00,0x00,0x33,0x99,0x00,0x33,
 0x99,0x00,0x33,0x99,0x00,0x33,0x99,0x00,
 0x33,0x99,0x00,0x33,0x99,0x00,0x33,0x99,
 0x00,0x33,0x99,0x00,0x33,0x99,0x00,0x00,
 0x00,0x33,0x33,0x99,0x33,0x33,0x99,0x33,
 0x33,0x99,0x33,0x33,0x99,0x33,0x33,0x99,
 0x33,0x33,0x99,0x33,0x33,0x99,0x33,0x33,
 0x99,0x33,0x33,0x99,0x00,0x00,0x00,0x66,
 0x33,0x99,0x66,0x33,0x99,0x66,0x33,0x99,
 0x66,0x33,0x99,0x66,0x33,0x99,0x66,0x33,
 0x99,0x66,0x33,0x99,0x66,0x33,0x99,0x66,
 0x33,0x99,0x00,0x00,0x00,0x99,0x33,0x99,
 0x99,0x33,0x99,0x99,0x33,0x99,0x99,0x33,
 0x99,0x99,0x33,0x99,0x99,0x33,0x99,0x99,
 0x33,0x99,0x99,0x33,0x99,0x99,0x33,0x99,
 0x00,0x00,0x00,0xcc,0x33,0x99,0xcc,0x33,
 0x99,0xcc,0x33,0x99,0xcc,0x33,0x99,0xcc,
 0x33,0x99,0xcc,0x33,0x99,0xcc,0x33,0x99,
 0xcc,0x33,0x99,0xcc,0x33,0x99,0x00,0x00,
 0x00,0xff,0x33,0x99,0xff,0x33,0x99,0xff,
 0x33,0x99,0xff,0x33,0x99,0xff,0x33,0x99,
 0xff,0x33,0x99,0xff,0x33,0x99,0xff,0x33,
 0x99,0xff,0x33,0x99,0x00,0x00,0x00,0xff,
 0x33,0x33,0xff,0x33,0x33,0xff,0x33,0x33,
 0xff,0x33,0x33,0xff,0x33,0x33,0xff,0x33,
 0x33,0xff,0x33,0x33,0xff,0x33,0x33,0xff,
 0x33,0x33,0x00,0x00,0x00,0xcc,0x33,0x33,
 0xcc,0x33,0x33,0xcc,0x33,0x33,0xcc,0x33,
 0x33,0xcc,0x33,0x33,0xcc,0x33,0x33,0xcc,
 0x33,0x33,0xcc,0x33,0x33,0xcc,0x33,0x33,
 0x00,0x00,0x00,0x99,0x33,0x33,0x99,0x33,
 0x33,0x99,0x33,0x33,0x99,0x33,0x33,0x99,
 0x33,0x33,0x99,0x33,0x33,0x99,0x33,0x33,
 0x99,0x33,0x33,0x99,0x33,0x33,0x00,0x00,
 0x00,0x66,0x33,0x33,0x66,0x33,0x33,0x66,
 0x33,0x33,0x66,0x33,0x33,0x66,0x33,0x33,
 0x66,0x33,0x33,0x66,0x33,0x33,0x66,0x33,
 0x33,0x66,0x33,0x33,0x00,0x00,0x00,0x33,
 0x33,0x33,0x33,0x33,0x33,0x33,0x33,0x33,
 0x33,0x33,0x33,0x33,0x33,0x33,0x33,0x33,
 0x33,0x33,0x33,0x33,0x33,0x33,0x33,0x33,
 0x33,0x33,0x00,0x00,0x00,0x00,0x33,0x33,
 0x00,0x33,0x33,0x00,0x33,0x33,0x00,0x33,
 0x33,0x00,0x33,0x33,0x00,0x33,0x33,0x00,
 0x33,0x33,0x00,0x33,0x33,0x00,0x33,0x33,
 0x00,0x00,0x00,0x00,0x00,0x00,0x00,0x00,
 0x00,0x00,0xff,0x00,0x00,0xff,0x00,0x00,
 0xff,0x00,0x00,0xff,0x00,0x00,0xff,0x00,
 0x00,0xff,0x00,0x00,0xff,0x00,0x00,0xff,
 0x00,0x00,0xff,0x00,0x00,0x00,0x00,0xff,
 0x33,0xff,0xff,0x33,0xff,0xff,0x33,0xff,
 0xff,0x33,0xff,0xff,0x33,0xff,0xff,0x33,
 0xff,0xff,0x33,0xff,0xff,0x33,0xff,0xff,
 0x33,0xff,0x00,0x00,0x00,0xcc,0x33,0xff,
 0xcc,0x33,0xff,0xcc,0x33,0xff,0xcc,0x33,
 0xff,0xcc,0x33,0xff,0xcc,0x33,0xff,0xcc,
 0x33,0xff,0xcc,0x33,0xff,0xcc,0x33,0xff,
 0x00,0x00,0x00,0x99,0x33,0xff,0x99,0x33,
 0xff,0x99,0x33,0xff,0x99,0x33,0xff,0x99,
 0x33,0xff,0x99,0x33,0xff,0x99,0x33,0xff,
 0x99,0x33,0xff,0x99,0x33,0xff,0x00,0x00,
 0x00,0x66,0x33,0xff,0x66,0x33,0xff,0x66,
 0x33,0xff,0x66,0x33,0xff,0x66,0x33,0xff,
 0x66,0x33,0xff,0x66,0x33,0xff,0x66,0x33,
 0xff,0x66,0x33,0xff,0x00,0x00,0x00,0x33,
 0x33,0xff,0x33,0x33,0xff,0x33,0x33,0xff,
 0x33,0x33,0xff,0x33,0x33,0xff,0x33,0x33,
 0xff,0x33,0x33,0xff,0x33,0x33,0xff,0x33,
 0x33,0xff,0x00,0x00,0x00,0x00,0x33,0xff,
 0x00,0x33,0xff,0x00,0x33,0xff,0x00,0x33,
 0xff,0x00,0x33,0xff,0x00,0x33,0xff,0x00,
 0x33,0xff,0x00,0x33,0xff,0x00,0x33,0xff,
 0x00,0x00,0x00,0x00,0x33,0x99,0x00,0x33,
 0x99,0x00,0x33,0x99,0x00,0x33,0x99,0x00,
 0x33,0x99,0x00,0x33,0x99,0x00,0x33,0x99,
 0x00,0x33,0x99,0x00,0x33,0x99,0x00,0x00,
 0x00,0x33,0x33,0x99,0x33,0x33,0x99,0x33,
 0x33,0x99,0x33,0x33,0x99,0x33,0x33,0x99,
 0x33,0x33,0x99,0x33,0x33,0x99,0x33,0x33,
 0x99,0x33,0x33,0x99,0x00,0x00,0x00,0x66,
 0x33,0x99,0x66,0x33,0x99,0x66,0x33,0x99,
 0x66,0x33,0x99,0x66,0x33,0x99,0x66,0x33,
 0x99,0x66,0x33,0x99,0x66,0x33,0x99,0x66,
 0x33,0x99,0x00,0x00,0x00,0x99,0x33,0x99,
 0x99,0x33,0x99,0x99,0x33,0x99,0x99,0x33,
 0x99,0x99,0x33,0x99,0x99,0x33,0x99,0x99,
 0x33,0x99,0x99,0x33,0x99,0x99,0x33,0x99,
 0x00,0x00,0x00,0xcc,0x33,0x99,0xcc,0x33,
 0x99,0xcc,0x33,0x99,0xcc,0x33,0x99,0xcc,
 0x33,0x99,0xcc,0x33,0x99,0xcc,0x33,0x99,
 0xcc,0x33,0x99,0xcc,0x33,0x99,0x00,0x00,
 0x00,0xff,0x33,0x99,0xff,0x33,0x99,0xff,
 0x33,0x99,0xff,0x33,0x99,0xff,0x33,0x99,
 0xff,0x33,0x99,0xff,0x33,0x99,0xff,0x33,
 0x99,0xff,0x33,0x99,0x00,0x00,0x00,0xff,
 0x33,0x33,0xff,0x33,0x33,0xff,0x33,0x33,
 0xff,0x33,0x33,0xff,0x33,0x33,0xff,0x33,
 0x33,0xff,0x33,0x33,0xff,0x33,0x33,0xff,
 0x33,0x33,0x00,0x00,0x00,0xcc,0x33,0x33,
 0xcc,0x33,0x33,0xcc,0x33,0x33,0xcc,0x33,
 0x33,0xcc,0x33,0x33,0xcc,0x33,0x33,0xcc,
 0x33,0x33,0xcc,0x33,0x33,0xcc,0x33,0x33,
 0x00,0x00,0x00,0x99,0x33,0x33,0x99,0x33,
 0x33,0x99,0x33,0x33,0x99,0x33,0x33,0x99,
 0x33,0x33,0x99,0x33,0x33,0x99,0x33,0x33,
 0x99,0x33,0x33,0x99,0x33,0x33,0x00,0x00,
 0x00,0x66,0x33,0x33,0x66,0x33,0x33,0x66,
 0x33,0x33,0x66,0x33,0x33,0x66,0x33,0x33,
 0x66,0x33,0x33,0x66,0x33,0x33,0x66,0x33,
 0x33,0x66,0x33,0x33,0x00,0x00,0x00,0x33,
 0x33,0x33,0x33,0x33,0x33,0x33,0x33,0x33,
 0x33,0x33,0x33,0x33,0x33,0x33,0x33,0x33,
 0x33,0x33,0x33,0x33,0x33,0x33,0x33,0x33,
 0x33,0x33,0x00,0x00,0x00,0x00,0x33,0x33,
 0x00,0x33,0x33,0x00,0x33,0x33,0x00,0x33,
 0x33,0x00,0x33,0x33,0x00,0x33,0x33,0x00,
 0x33,0x33,0x00,0x33,0x33,0x00,0x33,0x33,
 0x00,0x00,0x00,0x00,0x00,0x00,0x00,0x00,
 0x00,0x00,0xff,0x00,0x00,0xff,0x00,0x00,
 0xff,0x00,0x00,0xff,0x00,0x00,0xff,0x00,
 0x00,0xff,0x00,0x00,0xff,0x00,0x00,0xff,
 0x00,0x00,0xff,0x00,0x00,0x00,0x00,0xff,
 0x33,0xff,0xff,0x33,0xff,0xff,0x33,0xff,
 0xff,0x33,0xff,0xff,0x33,0xff,0xff,0x33,
 0xff,0xff,0x33,0xff,0xff,0x33,0xff,0xff,
 0x33,0xff,0x00,0x00,0x00,0xcc,0x33,0xff,
 0xcc,0x33,0xff,0xcc,0x33,0xff,0xcc,0x33,
 0xff,0xcc,0x33,0xff,0xcc,0x33,0xff,0xcc,
 0x33,0xff,0xcc,0x33,0xff,0xcc,0x33,0xff,
 0x00,0x00,0x00,0x99,0x33,0xff,0x99,0x33,
 0xff,0x99,0x33,0xff,0x99,0x33,0xff,0x99,
 0x33,0xff,0x99,0x33,0xff,0x99,0x33,0xff,
 0x99,0x33,0xff,0x99,0x33,0xff,0x00,0x00,
 0x00,0x66,0x33,0xff,0x66,0x33,0xff,0x66,
 0x33,0xff,0x66,0x33,0xff,0x66,0x33,0xff,
 0x66,0x33,0xff,0x66,0x33,0xff,0x66,0x33,
 0xff,0x66,0x33,0xff,0x00,0x00,0x00,0x33,
 0x33,0xff,0x33,0x33,0xff,0x33,0x33,0xff,
 0x33,0x33,0xff,0x33,0x33,0xff,0x33,0x33,
 0xff,0x33,0x33,0xff,0x33,0x33,0xff,0x33,
 0x33,0xff,0x00,0x00,0x00,0x00,0x33,0xff,
 0x00,0x33,0xff,0x00,0x33,0xff,0x00,0x33,
 0xff,0x00,0x33,0xff,0x00,0x33,0xff,0x00,
 0x33,0xff,0x00,0x33,0xff,0x00,0x33,0xff,
 0x00,0x00,0x00,0x00,0x33,0x99,0x00,0x33,
 0x99,0x00,0x33,0x99,0x00,0x33,0x99,0x00,
 0x33,0x99,0x00,0x33,0x99,0x00,0x33,0x99,
 0x00,0x33,0x99,0x00,0x33,0x99,0x00,0x00,
 0x00,0x33,0x33,0x99,0x33,0x33,0x99,0x33,
 0x33,0x99,0x33,0x33,0x99,0x33,0x33,0x99,
 0x33,0x33,0x99,0x33,0x33,0x99,0x33,0x33,
 0x99,0x33,0x33,0x99,0x00,0x00,0x00,0x66,
 0x33,0x99,0x66,0x33,0x99,0x66,0x33,0x99,
 0x66,0x33,0x99,0x66,0x33,0x99,0x66,0x33,
 0x99,0x66,0x33,0x99,0x66,0x33,0x99,0x66,
 0x33,0x99,0x00,0x00,0x00,0x99,0x33,0x99,
 0x99,0x33,0x99,0x99,0x33,0x99,0x99,0x33,
 0x99,0x99,0x33,0x99,0x99,0x33,0x99,0x99,
 0x33,0x99,0x99,0x33,0x99,0x99,0x33,0x99,
 0x00,0x00,0x00,0xcc,0x33,0x99,0xcc,0x33,
 0x99,0xcc,0x33,0x99,0xcc,0x33,0x99,0xcc,
 0x33,0x99,0xcc,0x33,0x99,0xcc,0x33,0x99,
 0xcc,0x33,0x99,0xcc,0x33,0x99,0x00,0x00,
 0x00,0xff,0x33,0x99,0xff,0x33,0x99,0xff,
 0x33,0x99,0xff,0x33,0x99,0xff,0x33,0x99,
 0xff,0x33,0x99,0xff,0x33,0x99,0xff,0x33,
 0x99,0xff,0x33,0x99,0x00,0x00,0x00,0xff,
 0x33,0x33,0xff,0x33,0x33,0xff,0x33,0x33,
 0xff,0x33,0x33,0xff,0x33,0x33,0xff,0x33,
 0x33,0xff,0x33,0x33,0xff,0x33,0x33,0xff,
 0x33,0x33,0x00,0x00,0x00,0xcc,0x33,0x33,
 0xcc,0x33,0x33,0xcc,0x33,0x33,0xcc,0x33,
 0x33,0xcc,0x33,0x33,0xcc,0x33,0x33,0xcc,
 0x33,0x33,0xcc,0x33,0x33,0xcc,0x33,0x33,
 0x00,0x00,0x00,0x99,0x33,0x33,0x99,0x33,
 0x33,0x99,0x33,0x33,0x99,0x33,0x33,0x99,
 0x33,0x33,0x99,0x33,0x33,0x99,0x33,0x33,
 0x99,0x33,0x33,0x99,0x33,0x33,0x00,0x00,
 0x00,0x66,0x33,0x33,0x66,0x33,0x33,0x66,
 0x33,0x33,0x66,0x33,0x33,0x66,0x33,0x33,
 0x66,0x33,0x33,0x66,0x33,0x33,0x66,0x33,
 0x33,0x66,0x33,0x33,0x00,0x00,0x00,0x33,
 0x33,0x33,0x33,0x33,0x33,0x33,0x33,0x33,
 0x33,0x33,0x33,0x33,0x33,0x33,0x33,0x33,
 0x33,0x33,0x33,0x33,0x33,0x33,0x33,0x33,
 0x33,0x33,0x00,0x00,0x00,0x00,0x33,0x33,
 0x00,0x33,0x33,0x00,0x33,0x33,0x00,0x33,
 0x33,0x00,0x33,0x33,0x00,0x33,0x33,0x00,
 0x33,0x33,0x00,0x33,0x33,0x00,0x33,0x33,
 0x00,0x00,0x00,0x00,0x00,0x00,0x00,0x00,
 0x00,0x00,0xff,0x00,0x00,0xff,0x00,0x00,
 0xff,0x00,0x00,0xff,0x00,0x00,0xff,0x00,
 0x00,0xff,0x00,0x00,0xff,0x00,0x00,0xff,
 0x00,0x00,0xff,0x00,0x00,0x00,0x00,0xff,
 0x33,0xff,0xff,0x33,0xff,0xff,0x33,0xff,
 0xff,0x33,0xff,0xff,0x33,0xff,0xff,0x33,
 0xff,0xff,0x33,0xff,0xff,0x33,0xff,0xff,
 0x33,0xff,0x00,0x00,0x00,0xcc,0x33,0xff,
 0xcc,0x33,0xff,0xcc,0x33,0xff,0xcc,0x33,
 0xff,0xcc,0x33,0xff,0xcc,0x33,0xff,0xcc,
 0x33,0xff,0xcc,0x33,0xff,0xcc,0x33,0xff,
 0x00,0x00,0x00,0x99,0x33,0xff,0x99,0x33,
 0xff,0x99,0x33,0xff,0x99,0x33,0xff,0x99,
 0x33,0xff,0x99,0x33,0xff,0x99,0x33,0xff,
 0x99,0x33,0xff,0x99,0x33,0xff,0x00,0x00,
 0x00,0x66,0x33,0xff,0x66,0x33,0xff,0x66,
 0x33,0xff,0x66,0x33,0xff,0x66,0x33,0xff,
 0x66,0x33,0xff,0x66,0x33,0xff,0x66,0x33,
 0xff,0x66,0x33,0xff,0x00,0x00,0x00,0x33,
 0x33,0xff,0x33,0x33,0xff,0x33,0x33,0xff,
 0x33,0x33,0xff,0x33,0x33,0xff,0x33,0x33,
 0xff,0x33,0x33,0xff,0x33,0x33,0xff,0x33,
 0x33,0xff,0x00,0x00,0x00,0x00,0x33,0xff,
 0x00,0x33,0xff,0x00,0x33,0xff,0x00,0x33,
 0xff,0x00,0x33,0xff,0x00,0x33,0xff,0x00,
 0x33,0xff,0x00,0x33,0xff,0x00,0x33,0xff,
 0x00,0x00,0x00,0x00,0x33,0x99,0x00,0x33,
 0x99,0x00,0x33,0x99,0x00,0x33,0x99,0x00,
 0x33,0x99,0x00,0x33,0x99,0x00,0x33,0x99,
 0x00,0x33,0x99,0x00,0x33,0x99,0x00,0x00,
 0x00,0x33,0x33,0x99,0x33,0x33,0x99,0x33,
 0x33,0x99,0x33,0x33,0x99,0x33,0x33,0x99,
 0x33,0x33,0x99,0x33,0x33,0x99,0x33,0x33,
 0x99,0x33,0x33,0x99,0x00,0x00,0x00,0x66,
 0x33,0x99,0x66,0x33,0x99,0x66,0x33,0x99,
 0x66,0x33,0x99,0x66,0x33,0x99,0x66,0x33,
 0x99,0x66,0x33,0x99,0x66,0x33,0x99,0x66,
 0x33,0x99,0x00,0x00,0x00,0x99,0x33,0x99,
 0x99,0x33,0x99,0x99,0x33,0x99,0x99,0x33,
 0x99,0x99,0x33,0x99,0x99,0x33,0x99,0x99,
 0x33,0x99,0x99,0x33,0x99,0x99,0x33,0x99,
 0x00,0x00,0x00,0xcc,0x33,0x99,0xcc,0x33,
 0x99,0xcc,0x33,0x99,0xcc,0x33,0x99,0xcc,
 0x33,0x99,0xcc,0x33,0x99,0xcc,0x33,0x99,
 0xcc,0x33,0x99,0xcc,0x33,0x99,0x00,0x00,
 0x00,0xff,0x33,0x99,0xff,0x33,0x99,0xff,
 0x33,0x99,0xff,0x33,0x99,0xff,0x33,0x99,
 0xff,0x33,0x99,0xff,0x33,0x99,0xff,0x33,
 0x99,0xff,0x33,0x99,0x00,0x00,0x00,0xff,
 0x33,0x33,0xff,0x33,0x33,0xff,0x33,0x33,
 0xff,0x33,0x33,0xff,0x33,0x33,0xff,0x33,
 0x33,0xff,0x33,0x33,0xff,0x33,0x33,0xff,
 0x33,0x33,0x00,0x00,0x00,0xcc,0x33,0x33,
 0xcc,0x33,0x33,0xcc,0x33,0x33,0xcc,0x33,
 0x33,0xcc,0x33,0x33,0xcc,0x33,0x33,0xcc,
 0x33,0x33,0xcc,0x33,0x33,0xcc,0x33,0x33,
 0x00,0x00,0x00,0x99,0x33,0x33,0x99,0x33,
 0x33,0x99,0x33,0x33,0x99,0x33,0x33,0x99,
 0x33,0x33,0x99,0x33,0x33,0x99,0x33,0x33,
 0x99,0x33,0x33,0x99,0x33,0x33,0x00,0x00,
 0x00,0x66,0x33,0x33,0x66,0x33,0x33,0x66,
 0x33,0x33,0x66,0x33,0x33,0x66,0x33,0x33,
 0x66,0x33,0x33,0x66,0x33,0x33,0x66,0x33,
 0x33,0x66,0x33,0x33,0x00,0x00,0x00,0x33,
 0x33,0x33,0x33,0x33,0x33,0x33,0x33,0x33,
 0x33,0x33,0x33,0x33,0x33,0x33,0x33,0x33,
 0x33,0x33,0x33,0x33,0x33,0x33,0x33,0x33,
 0x33,0x33,0x00,0x00,0x00,0x00,0x33,0x33,
 0x00,0x33,0x33,0x00,0x33,0x33,0x00,0x33,
 0x33,0x00,0x33,0x33,0x00,0x33,0x33,0x00,
 0x33,0x33,0x00,0x33,0x33,0x00,0x33,0x33,
 0x00,0x00,0x00,0x00,0x00,0x00,0x00,0x00,
 0x00,0x00,0xff,0x00,0x00,0xff,0x00,0x00,
 0xff,0x00,0x00,0xff,0x00,0x00,0xff,0x00,
 0x00,0xff,0x00,0x00,0xff,0x00,0x00,0xff,
 0x00,0x00,0xff,0x00,0x00,0x00,0x00,0xff,
 0x33,0xff,0xff,0x33,0xff,0xff,0x33,0xff,
 0xff,0x33,0xff,0xff,0x33,0xff,0xff,0x33,
 0xff,0xff,0x33,0xff,0xff,0x33,0xff,0xff,
 0x33,0xff,0x00,0x00,0x00,0xcc,0x33,0xff,
 0xcc,0x33,0xff,0xcc,0x33,0xff,0xcc,0x33,
 0xff,0xcc,0x33,0xff,0xcc,0x33,0xff,0xcc,
 0x33,0xff,0xcc,0x33,0xff,0xcc,0x33,0xff,
 0x00,0x00,0x00,0x99,0x33,0xff,0x99,0x33,
 0xff,0x99,0x33,0xff,0x99,0x33,0xff,0x99,
 0x33,0xff,0x99,0x33,0xff,0x99,0x33,0xff,
 0x99,0x33,0xff,0x99,0x33,0xff,0x00,0x00,
 0x00,0x66,0x33,0xff,0x66,0x33,0xff,0x66,
 0x33,0xff,0x66,0x33,0xff,0x66,0x33,0xff,
 0x66,0x33,0xff,0x66,0x33,0xff,0x66,0x33,
 0xff,0x66,0x33,0xff,0x00,0x00,0x00,0x33,
 0x33,0xff,0x33,0x33,0xff,0x33,0x33,0xff,
 0x33,0x33,0xff,0x33,0x33,0xff,0x33,0x33,
 0xff,0x33,0x33,0xff,0x33,0x33,0xff,0x33,
 0x33,0xff,0x00,0x00,0x00,0x00,0x33,0xff,
 0x00,0x33,0xff,0x00,0x33,0xff,0x00,0x33,
 0xff,0x00,0x33,0xff,0x00,0x33,0xff,0x00,
 0x33,0xff,0x00,0x33,0xff,0x00,0x33,0xff,
 0x00,0x00,0x00,0x00,0x33,0x99,0x00,0x33,
 0x99,0x00,0x33,0x99,0x00,0x33,0x99,0x00,
 0x33,0x99,0x00,0x33,0x99,0x00,0x33,0x99,
 0x00,0x33,0x99,0x00,0x33,0x99,0x00,0x00,
 0x00,0x33,0x33,0x99,0x33,0x33,0x99,0x33,
 0x33,0x99,0x33,0x33,0x99,0x33,0x33,0x99,
 0x33,0x33,0x99,0x33,0x33,0x99,0x33,0x33,
 0x99,0x33,0x33,0x99,0x00,0x00,0x00,0x66,
 0x33,0x99,0x66,0x33,0x99,0x66,0x33,0x99,
 0x66,0x33,0x99,0x66,0x33,0x99,0x66,0x33,
 0x99,0x66,0x33,0x99,0x66,0x33,0x99,0x66,
 0x33,0x99,0x00,0x00,0x00,0x99,0x33,0x99,
 0x99,0x33,0x99,0x99,0x33,0x99,0x99,0x33,
 0x99,0x99,0x33,0x99,0x99,0x33,0x99,0x99,
 0x33,0x99,0x99,0x33,0x99,0x99,0x33,0x99,
 0x00,0x00,0x00,0xcc,0x33,0x99,0xcc,0x33,
 0x99,0xcc,0x33,0x99,0xcc,0x33,0x99,0xcc,
 0x33,0x99,0xcc,0x33,0x99,0xcc,0x33,0x99,
 0xcc,0x33,0x99,0xcc,0x33,0x99,0x00,0x00,
 0x00,0xff,0x33,0x99,0xff,0x33,0x99,0xff,
 0x33,0x99,0xff,0x33,0x99,0xff,0x33,0x99,
 0xff,0x33,0x99,0xff,0x33,0x99,0xff,0x33,
 0x99,0xff,0x33,0x99,0x00,0x00,0x00,0xff,
 0x33,0x33,0xff,0x33,0x33,0xff,0x33,0x33,
 0xff,0x33,0x33,0xff,0x33,0x33,0xff,0x33,
 0x33,0xff,0x33,0x33,0xff,0x33,0x33,0xff,
 0x33,0x33,0x00,0x00,0x00,0xcc,0x33,0x33,
 0xcc,0x33,0x33,0xcc,0x33,0x33,0xcc,0x33,
 0x33,0xcc,0x33,0x33,0xcc,0x33,0x33,0xcc,
 0x33,0x33,0xcc,0x33,0x33,0xcc,0x33,0x33,
 0x00,0x00,0x00,0x99,0x33,0x33,0x99,0x33,
 0x33,0x99,0x33,0x33,0x99,0x33,0x33,0x99,
 0x33,0x33,0x99,0x33,0x33,0x99,0x33,0x33,
 0x99,0x33,0x33,0x99,0x33,0x33,0x00,0x00,
 0x00,0x66,0x33,0x33,0x66,0x33,0x33,0x66,
 0x33,0x33,0x66,0x33,0x33,0x66,0x33,0x33,
 0x66,0x33,0x33,0x66,0x33,0x33,0x66,0x33,
 0x33,0x66,0x33,0x33,0x00,0x00,0x00,0x33,
 0x33,0x33,0x33,0x33,0x33,0x33,0x33,0x33,
 0x33,0x33,0x33,0x33,0x33,0x33,0x33,0x33,
 0x33,0x33,0x33,0x33,0x33,0x33,0x33,0x33,
 0x33,0x33,0x00,0x00,0x00,0x00,0x33,0x33,
 0x00,0x33,0x33,0x00,0x33,0x33,0x00,0x33,
 0x33,0x00,0x33,0x33,0x00,0x33,0x33,0x00,
 0x33,0x33,0x00,0x33,0x33,0x00,0x33,0x33,
 0x00,0x00,0x00,0x00,0x00,0x00,0x00,0x00,
 0x00,0x00,0xff,0x00,0x00,0xff,0x00,0x00,
 0xff,0x00,0x00,0xff,0x00,0x00,0xff,0x00,
 0x00,0xff,0x00,0x00,0xff,0x00,0x00,0xff,
 0x00,0x00,0xff,0x00,0x00,0x00,0x00,0xff,
 0x33,0xff,0xff,0x33,0xff,0xff,0x33,0xff,
 0xff,0x33,0xff,0xff,0x33,0xff,0xff,0x33,
 0xff,0xff,0x33,0xff,0xff,0x33,0xff,0xff,
 0x33,0xff,0x00,0x00,0x00,0xcc,0x33,0xff,
 0xcc,0x33,0xff,0xcc,0x33,0xff,0xcc,0x33,
 0xff,0xcc,0x33,0xff,0xcc,0x33,0xff,0xcc,
 0x33,0xff,0xcc,0x33,0xff,0xcc,0x33,0xff,
 0x00,0x00,0x00,0x99,0x33,0xff,0x99,0x33,
 0xff,0x99,0x33,0xff,0x99,0x33,0xff,0x99,
 0x33,0xff,0x99,0x33,0xff,0x99,0x33,0xff,
 0x99,0x33,0xff,0x99,0x33,0xff,0x00,0x00,
 0x00,0x66,0x33,0xff,0x66,0x33,0xff,0x66,
 0x33,0xff,0x66,0x33,0xff,0x66,0x33,0xff,
 0x66,0x33,0xff,0x66,0x33,0xff,0x66,0x33,
 0xff,0x66,0x33,0xff,0x00,0x00,0x00,0x33,
 0x33,0xff,0x33,0x33,0xff,0x33,0x33,0xff,
 0x33,0x33,0xff,0x33,0x33,0xff,0x33,0x33,
 0xff,0x33,0x33,0xff,0x33,0x33,0xff,0x33,
 0x33,0xff,0x00,0x00,0x00,0x00,0x33,0xff,
 0x00,0x33,0xff,0x00,0x33,0xff,0x00,0x33,
 0xff,0x00,0x33,0xff,0x00,0x33,0xff,0x00,
 0x33,0xff,0x00,0x33,0xff,0x00,0x33,0xff,
 0x00,0x00,0x00,0x00,0x33,0x99,0x00,0x33,
 0x99,0x00,0x33,0x99,0x00,0x33,0x99,0x00,
 0x33,0x99,0x00,0x33,0x99,0x00,0x33,0x99,
 0x00,0x33,0x99,0x00,0x33,0x99,0x00,0x00,
 0x00,0x33,0x33,0x99,0x33,0x33,0x99,0x33,
 0x33,0x99,0x33,0x33,0x99,0x33,0x33,0x99,
 0x33,0x33,0x99,0x33,0x33,0x99,0x33,0x33,
 0x99,0x33,0x33,0x99,0x00,0x00,0x00,0x66,
 0x33,0x99,0x66,0x33,0x99,0x66,0x33,0x99,
 0x66,0x33,0x99,0x66,0x33,0x99,0x66,0x33,
 0x99,0x66,0x33,0x99,0x66,0x33,0x99,0x66,
 0x33,0x99,0x00,0x00,0x00,0x99,0x33,0x99,
 0x99,0x33,0x99,0x99,0x33,0x99,0x99,0x33,
 0x99,0x99,0x33,0x99,0x99,0x33,0x99,0x99,
 0x33,0x99,0x99,0x33,0x99,0x99,0x33,0x99,
 0x00,0x00,0x00,0xcc,0x33,0x99,0xcc,0x33,
 0x99,0xcc,0x33,0x99,0xcc,0x33,0x99,0xcc,
 0x33,0x99,0xcc,0x33,0x99,0xcc,0x33,0x99,
 0xcc,0x33,0x99,0xcc,0x33,0x99,0x00,0x00,
 0x00,0xff,0x33,0x99,0xff,0x33,0x99,0xff,
 0x33,0x99,0xff,0x33,0x99,0xff,0x33,0x99,
 0xff,0x33,0x99,0xff,0x33,0x99,0xff,0x33,
 0x99,0xff,0x33,0x99,0x00,0x00,0x00,0xff,
 0x33,0x33,0xff,0x33,0x33,0xff,0x33,0x33,
 0xff,0x33,0x33,0xff,0x33,0x33,0xff,0x33,
 0x33,0xff,0x33,0x33,0xff,0x33,0x33,0xff,
 0x33,0x33,0x00,0x00,0x00,0xcc,0x33,0x33,
 0xcc,0x33,0x33,0xcc,0x33,0x33,0xcc,0x33,
 0x33,0xcc,0x33,0x33,0xcc,0x33,0x33,0xcc,
 0x33,0x33,0xcc,0x33,0x33,0xcc,0x33,0x33,
 0x00,0x00,0x00,0x99,0x33,0x33,0x99,0x33,
 0x33,0x99,0x33,0x33,0x99,0x33,0x33,0x99,
 0x33,0x33,0x99,0x33,0x33,0x99,0x33,0x33,
 0x99,0x33,0x33,0x99,0x33,0x33,0x00,0x00,
 0x00,0x66,0x33,0x33,0x66,0x33,0x33,0x66,
 0x33,0x33,0x66,0x33,0x33,0x66,0x33,0x33,
 0x66,0x33,0x33,0x66,0x33,0x33,0x66,0x33,
 0x33,0x66,0x33,0x33,0x00,0x00,0x00,0x33,
 0x33,0x33,0x33,0x33,0x33,0x33,0x33,0x33,
 0x33,0x33,0x33,0x33,0x33,0x33,0x33,0x33,
 0x33,0x33,0x33,0x33,0x33,0x33,0x33,0x33,
 0x33,0x33,0x00,0x00,0x00,0x00,0x33,0x33,
 0x00,0x33,0x33,0x00,0x33,0x33,0x00,0x33,
 0x33,0x00,0x33,0x33,0x00,0x33,0x33,0x00,
 0x33,0x33,0x00,0x33,0x33,0x00,0x33,0x33,
 0x00,0x00,0x00,0x00,0x00,0x00,0x00,0x00,
 0x00,0x00,0x00,0x00,0x00,0x00,0x00,0x00,
 0x00,0x00,0x00,0x00,0x00,0x00,0x00,0x00,
 0x00,0x00,0x00,0x00,0x00,0x00,0x00,0x00,
 0x00,0x00,0x00,0x00,0x00,0x00,0x00,0x00,
 0x00,0x00,0x00,0x00,0x00,0x00,0x00,0x00,
 0x00,0x00,0x00,0x00,0x00,0x00,0x00,0x00,
 0x00,0x00,0x00,0x00,0x00,0x00,0x00,0x00,
 0x00,0x00,0x00,0x00,0x00,0x00,0x00,0x00,
 0x00,0x00,0x00,0x00,0x00,0x00,0x00,0x00,
 0x00,0x00,0x00,0x00,0x00,0x00,0x00,0x00,
 0x00,0x00,0x00,0x00,0x00,0x00,0x00,0x00,
 0x00,0x00,0x00,0x00,0x00,0x00,0x00,0x00,
 0x00,0x00,0x00,0x00,0x00,0x00,0x00,0x00,
 0x00,0x00,0x00,0x00,0x00,0x00,0x00,0x00,
 0x00,0x00,0x00,0x00,0x00,0x00,0x00,0x00,
 0x00,0x00,0x00,0x00,0x00,0x00,0x00,0x00,
 0x00,0x00,0x00,0x00,0x00,0x00,0x00,0x00,
 0x00,0x00,0x00,0x00,0x00,0x00,0x00,0x00,
 0x00,0x00,0x00,0x00,0x00,0x00,0x00,0x00,
 0x00,0x00,0x00,0x00,0x00,0x00,0x00,0x00,
 0x00,0x00,0x00,0x00,0x00,0x00,0x00,0x00,
 0x00,0x00,0x00,0x00,0x00,0x00,0x00,0x00,
 0x00,0x00,0x00,0x00,0x00,0x00,0x00,0x00,
 0x00,0x00,0x00,0x00,0x00,0x00,0x00,0x00,
 0x00,0x00,0x00,0x00,0x00,0x00,0x00,0x00,
 0x00,0x00,0x00,0x00,0x00,0x00,0x00,0x00,
 0x00,0x00,0x00,0x00,0x00,0x00,0x00,0x00,
 0x00,0x00,0x00,0x00,0x00,0x00,0x00,0x00,
 0x00,0x00,0x00,0x00,0x00,0x00,0x00,0x00,
 0x00,0x00,0x00,0x00,0x00,0x00,0x00,0x00,
 0x00,0x00,0x00,0x00,0x00,0x00,0x00,0x00,
 0x00,0x00,0x00,0x00,0x00,0x00,0x00,0x00,
 0x00,0x00,0x00,0x00,0x00,0x00,0x00,0x00,
 0x00,0x00,0x00,0x00,0x00,0x00,0x00,0x00,
 0x00,0x00,0x00,0x00,0x00,0x00,0x00,0x00,
 0x00,0x00,0x00,0x00,0x00,0x00,0x00,0x00,
 0x00,0x00,0x00,0x00,0x00,0x00,0x00,0x00,
 0x00,0x00,0x00,0x00,0x00,0x00,0x00,0x00,
 0x00,0x00,0x00,0x00,0x00,0x00,0x00,0x00,
 0x00,0x00,0x00,0x00,0x00,0x00,0x00,0x00,
 0x00,0x00,0x00,0x00,0x00,0x00,0x00,0x00,
 0x00,0x00,0x00,0x00,0x00,0x00,0x00,0x00,
 0x00,0x00,0x00,0x00,0x00,0x00,0x00,0x00,
 0x00,0x00,0x00,0x00,0x00,0x00,0x00,0x00,
 0x00,0x00,0x00,0x00,0x00,0x00,0x00,0x00,
 0x00,0x00,0x00,0x00,0x00,0x00,0x00,0x00,
 0x00,0x00,0x00,0x00,0x00,0x00,0x00,0x00,
 0x00,0x00,0x00,0x00,0x00,0x00,0x00,0x00,
 0x00,0x00,0x00,0x00,0x00,0x00,0x00,0x00,
 0x00,0x00,0x00,0x00,0x00,0x00,0x00,0x00,
 0x00,0x00,0x00,0x00,0x00,0x00,0x00,0x00,
 0x00,0x00,0x00,0x00,0x00,0x00,0x00,0x00,
 0x00,0x00,0x00,0x00,0x00,0x00,0x00,0x00,
 0x00,0x00,0x00,0x00,0x00,0x00,0x00,0x00,
 0x00,0x00,0x00,0x00,0x00,0x00,0x00,0x00,
 0x00,0x00,0x00,0x00,0x00,0x00,0x00,0x00,
 0x00,0x00,0x00,0x00,0x00,0x00,0x00,0x00,
 0x00,0x00,0x00,0x00,0x00,0x00,0x00,0x00,
 0x00,0x00,0x00,0x00,0x00,0x00,0x00,0x00,
 0x00,0x00,0x00,0x00,0x00,0x00,0x00,0x00,
 0x00,0x00,0x00,0x00,0x00,0x00,0x00,0x00,
 0x00,0x00,0x00,0x00,0x00,0x00,0x00,0x00,
 0x00,0x00,0x00,0x00,0x00,0x00,0x00,0x00,
 0x00,0x00,0x00,0x00,0x00,0x00,0x00,0x00,
 0x00,0x00,0x00,0x00,0x00,0x00,0x00,0x00,
 0x00,0x00,0x00,0x00,0x00,0x00,0x00,0x00,
 0x00,0x00,0x00,0x00,0x00,0x00,0x00,0x00,
 0x00,0x00,0x00,0x00,0x00,0x00,0x00,0x00,
 0x00,0x00,0x00,0x00,0x00,0x00,0x00,0x00,
 0x00,0x00,0x00,0x00,0x00,0x00,0x00,0x00,
 0x00,0x00,0x00,0x00,0x00,0x00,0x00,0x00,
 0x00,0x00,0x00,0x00,0x00,0x00,0x00,0x00,
 0x00,0x00,0x00,0xff,0x00,0x00,0xff,0x00,
 0x00,0xff,0x00,0x00,0xff,0x00,0x00,0xff,
 0x00,0x00,0xff,0x00,0x00,0xff,0x00,0x00,
 0xff,0x00,0x00,0xff,0x00,0x00,0x00,0xff,
 0x00,0xff,0xff,0x00,0xff,0xff,0x00,0xff,
 0xff,0x00,0xff,0xff,0x00,0xff,0xff,0x00,
 0xff,0xff,0x00,0xff,0xff,0x00,0xff,0xff,
 0x00,0xff,0x00,0x00,0x00,0xcc,0x00,0xff,
 0xcc,0x00,0xff,0xcc,0x00,0xff,0xcc,0x00,
 0xff,0xcc,0x00,0xff,0xcc,0x00,0xff,0xcc,
 0x00,0xff,0xcc,0x00,0xff,0xcc,0x00,0xff,
 0x00,0x00,0x00,0x99,0x00,0xff,0x99,0x00,
 0xff,0x99,0x00,0xff,0x99,0x00,0xff,0x99,
 0x00,0xff,0x99,0x00,0xff,0x99,0x00,0xff,
 0x99,0x00,0xff,0x99,0x00,0xff,0x00,0x00,
 0x00,0x66,0x00,0xff,0x66,0x00,0xff,0x66,
 0x00,0xff,0x66,0x00,0xff,0x66,0x00,0xff,
 0x66,0x00,0xff,0x66,0x00,0xff,0x66,0x00,
 0xff,0x66,0x00,0xff,0x00,0x00,0x00,0x33,
 0x00,0xff,0x33,0x00,0xff,0x33,0x00,0xff,
 0x33,0x00,0xff,0x33,0x00,0xff,0x33,0x00,
 0xff,0x33,0x00,0xff,0x33,0x00,0xff,0x33,
 0x00,0xff,0x00,0x00,0x00,0x00,0x00,0xff,
 0x00,0x00,0xff,0x00,0x00,0xff,0x00,0x00,
 0xff,0x00,0x00,0xff,0x00,0x00,0xff,0x00,
 0x00,0xff,0x00,0x00,0xff,0x00,0x00,0xff,
 0x00,0x00,0x00,0x00,0x00,0x99,0x00,0x00,
 0x99,0x00,0x00,0x99,0x00,0x00,0x99,0x00,
 0x00,0x99,0x00,0x00,0x99,0x00,0x00,0x99,
 0x00,0x00,0x99,0x00,0x00,0x99,0x00,0x00,
 0x00,0x33,0x00,0x99,0x33,0x00,0x99,0x33,
 0x00,0x99,0x33,0x00,0x99,0x33,0x00,0x99,
 0x33,0x00,0x99,0x33,0x00,0x99,0x33,0x00,
 0x99,0x33,0x00,0x99,0x00,0x00,0x00,0x66,
 0x00,0x99,0x66,0x00,0x99,0x66,0x00,0x99,
 0x66,0x00,0x99,0x66,0x00,0x99,0x66,0x00,
 0x99,0x66,0x00,0x99,0x66,0x00,0x99,0x66,
 0x00,0x99,0x00,0x00,0x00,0x99,0x00,0x99,
 0x99,0x00,0x99,0x99,0x00,0x99,0x99,0x00,
 0x99,0x99,0x00,0x99,0x99,0x00,0x99,0x99,
 0x00,0x99,0x99,0x00,0x99,0x99,0x00,0x99,
 0x00,0x00,0x00,0xcc,0x00,0x99,0xcc,0x00,
 0x99,0xcc,0x00,0x99,0xcc,0x00,0x99,0xcc,
 0x00,0x99,0xcc,0x00,0x99,0xcc,0x00,0x99,
 0xcc,0x00,0x99,0xcc,0x00,0x99,0x00,0x00,
 0x00,0xff,0x00,0x99,0xff,0x00,0x99,0xff,
 0x00,0x99,0xff,0x00,0x99,0xff,0x00,0x99,
 0xff,0x00,0x99,0xff,0x00,0x99,0xff,0x00,
 0x99,0xff,0x00,0x99,0x00,0x00,0x00,0xff,
 0x00,0x33,0xff,0x00,0x33,0xff,0x00,0x33,
 0xff,0x00,0x33,0xff,0x00,0x33,0xff,0x00,
 0x33,0xff,0x00,0x33,0xff,0x00,0x33,0xff,
 0x00,0x33,0x00,0x00,0x00,0xcc,0x00,0x33,
 0xcc,0x00,0x33,0xcc,0x00,0x33,0xcc,0x00,
 0x33,0xcc,0x00,0x33,0xcc,0x00,0x33,0xcc,
 0x00,0x33,0xcc,0x00,0x33,0xcc,0x00,0x33,
 0x00,0x00,0x00,0x99,0x00,0x33,0x99,0x00,
 0x33,0x99,0x00,0x33,0x99,0x00,0x33,0x99,
 0x00,0x33,0x99,0x00,0x33,0x99,0x00,0x33,
 0x99,0x00,0x33,0x99,0x00,0x33,0x00,0x00,
 0x00,0x66,0x00,0x33,0x66,0x00,0x33,0x66,
 0x00,0x33,0x66,0x00,0x33,0x66,0x00,0x33,
 0x66,0x00,0x33,0x66,0x00,0x33,0x66,0x00,
 0x33,0x66,0x00,0x33,0x00,0x00,0x00,0x33,
 0x00,0x33,0x33,0x00,0x33,0x33,0x00,0x33,
 0x33,0x00,0x33,0x33,0x00,0x33,0x33,0x00,
 0x33,0x33,0x00,0x33,0x33,0x00,0x33,0x33,
 0x00,0x33,0x00,0x00,0x00,0x00,0x00,0x33,
 0x00,0x00,0x33,0x00,0x00,0x33,0x00,0x00,
 0x33,0x00,0x00,0x33,0x00,0x00,0x33,0x00,
 0x00,0x33,0x00,0x00,0x33,0x00,0x00,0x33,
 0x00,0x00,0x00,0x00,0x00,0x00,0x00,0x00,
 0x00,0x00,0x00,0xff,0x00,0x00,0xff,0x00,
 0x00,0xff,0x00,0x00,0xff,0x00,0x00,0xff,
 0x00,0x00,0xff,0x00,0x00,0xff,0x00,0x00,
 0xff,0x00,0x00,0xff,0x00,0x00,0x00,0xff,
 0x00,0xff,0xff,0x00,0xff,0xff,0x00,0xff,
 0xff,0x00,0xff,0xff,0x00,0xff,0xff,0x00,
 0xff,0xff,0x00,0xff,0xff,0x00,0xff,0xff,
 0x00,0xff,0x00,0x00,0x00,0xcc,0x00,0xff,
 0xcc,0x00,0xff,0xcc,0x00,0xff,0xcc,0x00,
 0xff,0xcc,0x00,0xff,0xcc,0x00,0xff,0xcc,
 0x00,0xff,0xcc,0x00,0xff,0xcc,0x00,0xff,
 0x00,0x00,0x00,0x99,0x00,0xff,0x99,0x00,
 0xff,0x99,0x00,0xff,0x99,0x00,0xff,0x99,
 0x00,0xff,0x99,0x00,0xff,0x99,0x00,0xff,
 0x99,0x00,0xff,0x99,0x00,0xff,0x00,0x00,
 0x00,0x66,0x00,0xff,0x66,0x00,0xff,0x66,
 0x00,0xff,0x66,0x00,0xff,0x66,0x00,0xff,
 0x66,0x00,0xff,0x66,0x00,0xff,0x66,0x00,
 0xff,0x66,0x00,0xff,0x00,0x00,0x00,0x33,
 0x00,0xff,0x33,0x00,0xff,0x33,0x00,0xff,
 0x33,0x00,0xff,0x33,0x00,0xff,0x33,0x00,
 0xff,0x33,0x00,0xff,0x33,0x00,0xff,0x33,
 0x00,0xff,0x00,0x00,0x00,0x00,0x00,0xff,
 0x00,0x00,0xff,0x00,0x00,0xff,0x00,0x00,
 0xff,0x00,0x00,0xff,0x00,0x00,0xff,0x00,
 0x00,0xff,0x00,0x00,0xff,0x00,0x00,0xff,
 0x00,0x00,0x00,0x00,0x00,0x99,0x00,0x00,
 0x99,0x00,0x00,0x99,0x00,0x00,0x99,0x00,
 0x00,0x99,0x00,0x00,0x99,0x00,0x00,0x99,
 0x00,0x00,0x99,0x00,0x00,0x99,0x00,0x00,
 0x00,0x33,0x00,0x99,0x33,0x00,0x99,0x33,
 0x00,0x99,0x33,0x00,0x99,0x33,0x00,0x99,
 0x33,0x00,0x99,0x33,0x00,0x99,0x33,0x00,
 0x99,0x33,0x00,0x99,0x00,0x00,0x00,0x66,
 0x00,0x99,0x66,0x00,0x99,0x66,0x00,0x99,
 0x66,0x00,0x99,0x66,0x00,0x99,0x66,0x00,
 0x99,0x66,0x00,0x99,0x66,0x00,0x99,0x66,
 0x00,0x99,0x00,0x00,0x00,0x99,0x00,0x99,
 0x99,0x00,0x99,0x99,0x00,0x99,0x99,0x00,
 0x99,0x99,0x00,0x99,0x99,0x00,0x99,0x99,
 0x00,0x99,0x99,0x00,0x99,0x99,0x00,0x99,
 0x00,0x00,0x00,0xcc,0x00,0x99,0xcc,0x00,
 0x99,0xcc,0x00,0x99,0xcc,0x00,0x99,0xcc,
 0x00,0x99,0xcc,0x00,0x99,0xcc,0x00,0x99,
 0xcc,0x00,0x99,0xcc,0x00,0x99,0x00,0x00,
 0x00,0xff,0x00,0x99,0xff,0x00,0x99,0xff,
 0x00,0x99,0xff,0x00,0x99,0xff,0x00,0x99,
 0xff,0x00,0x99,0xff,0x00,0x99,0xff,0x00,
 0x99,0xff,0x00,0x99,0x00,0x00,0x00,0xff,
 0x00,0x33,0xff,0x00,0x33,0xff,0x00,0x33,
 0xff,0x00,0x33,0xff,0x00,0x33,0xff,0x00,
 0x33,0xff,0x00,0x33,0xff,0x00,0x33,0xff,
 0x00,0x33,0x00,0x00,0x00,0xcc,0x00,0x33,
 0xcc,0x00,0x33,0xcc,0x00,0x33,0xcc,0x00,
 0x33,0xcc,0x00,0x33,0xcc,0x00,0x33,0xcc,
 0x00,0x33,0xcc,0x00,0x33,0xcc,0x00,0x33,
 0x00,0x00,0x00,0x99,0x00,0x33,0x99,0x00,
 0x33,0x99,0x00,0x33,0x99,0x00,0x33,0x99,
 0x00,0x33,0x99,0x00,0x33,0x99,0x00,0x33,
 0x99,0x00,0x33,0x99,0x00,0x33,0x00,0x00,
 0x00,0x66,0x00,0x33,0x66,0x00,0x33,0x66,
 0x00,0x33,0x66,0x00,0x33,0x66,0x00,0x33,
 0x66,0x00,0x33,0x66,0x00,0x33,0x66,0x00,
 0x33,0x66,0x00,0x33,0x00,0x00,0x00,0x33,
 0x00,0x33,0x33,0x00,0x33,0x33,0x00,0x33,
 0x33,0x00,0x33,0x33,0x00,0x33,0x33,0x00,
 0x33,0x33,0x00,0x33,0x33,0x00,0x33,0x33,
 0x00,0x33,0x00,0x00,0x00,0x00,0x00,0x33,
 0x00,0x00,0x33,0x00,0x00,0x33,0x00,0x00,
 0x33,0x00,0x00,0x33,0x00,0x00,0x33,0x00,
 0x00,0x33,0x00,0x00,0x33,0x00,0x00,0x33,
 0x00,0x00,0x00,0x00,0x00,0x00,0x00,0x00,
 0x00,0x00,0x00,0xff,0x00,0x00,0xff,0x00,
 0x00,0xff,0x00,0x00,0xff,0x00,0x00,0xff,
 0x00,0x00,0xff,0x00,0x00,0xff,0x00,0x00,
 0xff,0x00,0x00,0xff,0x00,0x00,0x00,0xff,
 0x00,0xff,0xff,0x00,0xff,0xff,0x00,0xff,
 0xff,0x00,0xff,0xff,0x00,0xff,0xff,0x00,
 0xff,0xff,0x00,0xff,0xff,0x00,0xff,0xff,
 0x00,0xff,0x00,0x00,0x00,0xcc,0x00,0xff,
 0xcc,0x00,0xff,0xcc,0x00,0xff,0xcc,0x00,
 0xff,0xcc,0x00,0xff,0xcc,0x00,0xff,0xcc,
 0x00,0xff,0xcc,0x00,0xff,0xcc,0x00,0xff,
 0x00,0x00,0x00,0x99,0x00,0xff,0x99,0x00,
 0xff,0x99,0x00,0xff,0x99,0x00,0xff,0x99,
 0x00,0xff,0x99,0x00,0xff,0x99,0x00,0xff,
 0x99,0x00,0xff,0x99,0x00,0xff,0x00,0x00,
 0x00,0x66,0x00,0xff,0x66,0x00,0xff,0x66,
 0x00,0xff,0x66,0x00,0xff,0x66,0x00,0xff,
 0x66,0x00,0xff,0x66,0x00,0xff,0x66,0x00,
 0xff,0x66,0x00,0xff,0x00,0x00,0x00,0x33,
 0x00,0xff,0x33,0x00,0xff,0x33,0x00,0xff,
 0x33,0x00,0xff,0x33,0x00,0xff,0x33,0x00,
 0xff,0x33,0x00,0xff,0x33,0x00,0xff,0x33,
 0x00,0xff,0x00,0x00,0x00,0x00,0x00,0xff,
 0x00,0x00,0xff,0x00,0x00,0xff,0x00,0x00,
 0xff,0x00,0x00,0xff,0x00,0x00,0xff,0x00,
 0x00,0xff,0x00,0x00,0xff,0x00,0x00,0xff,
 0x00,0x00,0x00,0x00,0x00,0x99,0x00,0x00,
 0x99,0x00,0x00,0x99,0x00,0x00,0x99,0x00,
 0x00,0x99,0x00,0x00,0x99,0x00,0x00,0x99,
 0x00,0x00,0x99,0x00,0x00,0x99,0x00,0x00,
 0x00,0x33,0x00,0x99,0x33,0x00,0x99,0x33,
 0x00,0x99,0x33,0x00,0x99,0x33,0x00,0x99,
 0x33,0x00,0x99,0x33,0x00,0x99,0x33,0x00,
 0x99,0x33,0x00,0x99,0x00,0x00,0x00,0x66,
 0x00,0x99,0x66,0x00,0x99,0x66,0x00,0x99,
 0x66,0x00,0x99,0x66,0x00,0x99,0x66,0x00,
 0x99,0x66,0x00,0x99,0x66,0x00,0x99,0x66,
 0x00,0x99,0x00,0x00,0x00,0x99,0x00,0x99,
 0x99,0x00,0x99,0x99,0x00,0x99,0x99,0x00,
 0x99,0x99,0x00,0x99,0x99,0x00,0x99,0x99,
 0x00,0x99,0x99,0x00,0x99,0x99,0x00,0x99,
 0x00,0x00,0x00,0xcc,0x00,0x99,0xcc,0x00,
 0x99,0xcc,0x00,0x99,0xcc,0x00,0x99,0xcc,
 0x00,0x99,0xcc,0x00,0x99,0xcc,0x00,0x99,
 0xcc,0x00,0x99,0xcc,0x00,0x99,0x00,0x00,
 0x00,0xff,0x00,0x99,0xff,0x00,0x99,0xff,
 0x00,0x99,0xff,0x00,0x99,0xff,0x00,0x99,
 0xff,0x00,0x99,0xff,0x00,0x99,0xff,0x00,
 0x99,0xff,0x00,0x99,0x00,0x00,0x00,0xff,
 0x00,0x33,0xff,0x00,0x33,0xff,0x00,0x33,
 0xff,0x00,0x33,0xff,0x00,0x33,0xff,0x00,
 0x33,0xff,0x00,0x33,0xff,0x00,0x33,0xff,
 0x00,0x33,0x00,0x00,0x00,0xcc,0x00,0x33,
 0xcc,0x00,0x33,0xcc,0x00,0x33,0xcc,0x00,
 0x33,0xcc,0x00,0x33,0xcc,0x00,0x33,0xcc,
 0x00,0x33,0xcc,0x00,0x33,0xcc,0x00,0x33,
 0x00,0x00,0x00,0x99,0x00,0x33,0x99,0x00,
 0x33,0x99,0x00,0x33,0x99,0x00,0x33,0x99,
 0x00,0x33,0x99,0x00,0x33,0x99,0x00,0x33,
 0x99,0x00,0x33,0x99,0x00,0x33,0x00,0x00,
 0x00,0x66,0x00,0x33,0x66,0x00,0x33,0x66,
 0x00,0x33,0x66,0x00,0x33,0x66,0x00,0x33,
 0x66,0x00,0x33,0x66,0x00,0x33,0x66,0x00,
 0x33,0x66,0x00,0x33,0x00,0x00,0x00,0x33,
 0x00,0x33,0x33,0x00,0x33,0x33,0x00,0x33,
 0x33,0x00,0x33,0x33,0x00,0x33,0x33,0x00,
 0x33,0x33,0x00,0x33,0x33,0x00,0x33,0x33,
 0x00,0x33,0x00,0x00,0x00,0x00,0x00,0x33,
 0x00,0x00,0x33,0x00,0x00,0x33,0x00,0x00,
 0x33,0x00,0x00,0x33,0x00,0x00,0x33,0x00,
 0x00,0x33,0x00,0x00,0x33,0x00,0x00,0x33,
 0x00,0x00,0x00,0x00,0x00,0x00,0x00,0x00,
 0x00,0x00,0x00,0xff,0x00,0x00,0xff,0x00,
 0x00,0xff,0x00,0x00,0xff,0x00,0x00,0xff,
 0x00,0x00,0xff,0x00,0x00,0xff,0x00,0x00,
 0xff,0x00,0x00,0xff,0x00,0x00,0x00,0xff,
 0x00,0xff,0xff,0x00,0xff,0xff,0x00,0xff,
 0xff,0x00,0xff,0xff,0x00,0xff,0xff,0x00,
 0xff,0xff,0x00,0xff,0xff,0x00,0xff,0xff,
 0x00,0xff,0x00,0x00,0x00,0xcc,0x00,0xff,
 0xcc,0x00,0xff,0xcc,0x00,0xff,0xcc,0x00,
 0xff,0xcc,0x00,0xff,0xcc,0x00,0xff,0xcc,
 0x00,0xff,0xcc,0x00,0xff,0xcc,0x00,0xff,
 0x00,0x00,0x00,0x99,0x00,0xff,0x99,0x00,
 0xff,0x99,0x00,0xff,0x99,0x00,0xff,0x99,
 0x00,0xff,0x99,0x00,0xff,0x99,0x00,0xff,
 0x99,0x00,0xff,0x99,0x00,0xff,0x00,0x00,
 0x00,0x66,0x00,0xff,0x66,0x00,0xff,0x66,
 0x00,0xff,0x66,0x00,0xff,0x66,0x00,0xff,
 0x66,0x00,0xff,0x66,0x00,0xff,0x66,0x00,
 0xff,0x66,0x00,0xff,0x00,0x00,0x00,0x33,
 0x00,0xff,0x33,0x00,0xff,0x33,0x00,0xff,
 0x33,0x00,0xff,0x33,0x00,0xff,0x33,0x00,
 0xff,0x33,0x00,0xff,0x33,0x00,0xff,0x33,
 0x00,0xff,0x00,0x00,0x00,0x00,0x00,0xff,
 0x00,0x00,0xff,0x00,0x00,0xff,0x00,0x00,
 0xff,0x00,0x00,0xff,0x00,0x00,0xff,0x00,
 0x00,0xff,0x00,0x00,0xff,0x00,0x00,0xff,
 0x00,0x00,0x00,0x00,0x00,0x99,0x00,0x00,
 0x99,0x00,0x00,0x99,0x00,0x00,0x99,0x00,
 0x00,0x99,0x00,0x00,0x99,0x00,0x00,0x99,
 0x00,0x00,0x99,0x00,0x00,0x99,0x00,0x00,
 0x00,0x33,0x00,0x99,0x33,0x00,0x99,0x33,
 0x00,0x99,0x33,0x00,0x99,0x33,0x00,0x99,
 0x33,0x00,0x99,0x33,0x00,0x99,0x33,0x00,
 0x99,0x33,0x00,0x99,0x00,0x00,0x00,0x66,
 0x00,0x99,0x66,0x00,0x99,0x66,0x00,0x99,
 0x66,0x00,0x99,0x66,0x00,0x99,0x66,0x00,
 0x99,0x66,0x00,0x99,0x66,0x00,0x99,0x66,
 0x00,0x99,0x00,0x00,0x00,0x99,0x00,0x99,
 0x99,0x00,0x99,0x99,0x00,0x99,0x99,0x00,
 0x99,0x99,0x00,0x99,0x99,0x00,0x99,0x99,
 0x00,0x99,0x99,0x00,0x99,0x99,0x00,0x99,
 0x00,0x00,0x00,0xcc,0x00,0x99,0xcc,0x00,
 0x99,0xcc,0x00,0x99,0xcc,0x00,0x99,0xcc,
 0x00,0x99,0xcc,0x00,0x99,0xcc,0x00,0x99,
 0xcc,0x00,0x99,0xcc,0x00,0x99,0x00,0x00,
 0x00,0xff,0x00,0x99,0xff,0x00,0x99,0xff,
 0x00,0x99,0xff,0x00,0x99,0xff,0x00,0x99,
 0xff,0x00,0x99,0xff,0x00,0x99,0xff,0x00,
 0x99,0xff,0x00,0x99,0x00,0x00,0x00,0xff,
 0x00,0x33,0xff,0x00,0x33,0xff,0x00,0x33,
 0xff,0x00,0x33,0xff,0x00,0x33,0xff,0x00,
 0x33,0xff,0x00,0x33,0xff,0x00,0x33,0xff,
 0x00,0x33,0x00,0x00,0x00,0xcc,0x00,0x33,
 0xcc,0x00,0x33,0xcc,0x00,0x33,0xcc,0x00,
 0x33,0xcc,0x00,0x33,0xcc,0x00,0x33,0xcc,
 0x00,0x33,0xcc,0x00,0x33,0xcc,0x00,0x33,
 0x00,0x00,0x00,0x99,0x00,0x33,0x99,0x00,
 0x33,0x99,0x00,0x33,0x99,0x00,0x33,0x99,
 0x00,0x33,0x99,0x00,0x33,0x99,0x00,0x33,
 0x99,0x00,0x33,0x99,0x00,0x33,0x00,0x00,
 0x00,0x66,0x00,0x33,0x66,0x00,0x33,0x66,
 0x00,0x33,0x66,0x00,0x33,0x66,0x00,0x33,
 0x66,0x00,0x33,0x66,0x00,0x33,0x66,0x00,
 0x33,0x66,0x00,0x33,0x00,0x00,0x00,0x33,
 0x00,0x33,0x33,0x00,0x33,0x33,0x00,0x33,
 0x33,0x00,0x33,0x33,0x00,0x33,0x33,0x00,
 0x33,0x33,0x00,0x33,0x33,0x00,0x33,0x33,
 0x00,0x33,0x00,0x00,0x00,0x00,0x00,0x33,
 0x00,0x00,0x33,0x00,0x00,0x33,0x00,0x00,
 0x33,0x00,0x00,0x33,0x00,0x00,0x33,0x00,
 0x00,0x33,0x00,0x00,0x33,0x00,0x00,0x33,
 0x00,0x00,0x00,0x00,0x00,0x00,0x00,0x00,
 0x00,0x00,0x00,0xff,0x00,0x00,0xff,0x00,
 0x00,0xff,0x00,0x00,0xff,0x00,0x00,0xff,
 0x00,0x00,0xff,0x00,0x00,0xff,0x00,0x00,
 0xff,0x00,0x00,0xff,0x00,0x00,0x00,0xff,
 0x00,0xff,0xff,0x00,0xff,0xff,0x00,0xff,
 0xff,0x00,0xff,0xff,0x00,0xff,0xff,0x00,
 0xff,0xff,0x00,0xff,0xff,0x00,0xff,0xff,
 0x00,0xff,0x00,0x00,0x00,0xcc,0x00,0xff,
 0xcc,0x00,0xff,0xcc,0x00,0xff,0xcc,0x00,
 0xff,0xcc,0x00,0xff,0xcc,0x00,0xff,0xcc,
 0x00,0xff,0xcc,0x00,0xff,0xcc,0x00,0xff,
 0x00,0x00,0x00,0x99,0x00,0xff,0x99,0x00,
 0xff,0x99,0x00,0xff,0x99,0x00,0xff,0x99,
 0x00,0xff,0x99,0x00,0xff,0x99,0x00,0xff,
 0x99,0x00,0xff,0x99,0x00,0xff,0x00,0x00,
 0x00,0x66,0x00,0xff,0x66,0x00,0xff,0x66,
 0x00,0xff,0x66,0x00,0xff,0x66,0x00,0xff,
 0x66,0x00,0xff,0x66,0x00,0xff,0x66,0x00,
 0xff,0x66,0x00,0xff,0x00,0x00,0x00,0x33,
 0x00,0xff,0x33,0x00,0xff,0x33,0x00,0xff,
 0x33,0x00,0xff,0x33,0x00,0xff,0x33,0x00,
 0xff,0x33,0x00,0xff,0x33,0x00,0xff,0x33,
 0x00,0xff,0x00,0x00,0x00,0x00,0x00,0xff,
 0x00,0x00,0xff,0x00,0x00,0xff,0x00,0x00,
 0xff,0x00,0x00,0xff,0x00,0x00,0xff,0x00,
 0x00,0xff,0x00,0x00,0xff,0x00,0x00,0xff,
 0x00,0x00,0x00,0x00,0x00,0x99,0x00,0x00,
 0x99,0x00,0x00,0x99,0x00,0x00,0x99,0x00,
 0x00,0x99,0x00,0x00,0x99,0x00,0x00,0x99,
 0x00,0x00,0x99,0x00,0x00,0x99,0x00,0x00,
 0x00,0x33,0x00,0x99,0x33,0x00,0x99,0x33,
 0x00,0x99,0x33,0x00,0x99,0x33,0x00,0x99,
 0x33,0x00,0x99,0x33,0x00,0x99,0x33,0x00,
 0x99,0x33,0x00,0x99,0x00,0x00,0x00,0x66,
 0x00,0x99,0x66,0x00,0x99,0x66,0x00,0x99,
 0x66,0x00,0x99,0x66,0x00,0x99,0x66,0x00,
 0x99,0x66,0x00,0x99,0x66,0x00,0x99,0x66,
 0x00,0x99,0x00,0x00,0x00,0x99,0x00,0x99,
 0x99,0x00,0x99,0x99,0x00,0x99,0x99,0x00,
 0x99,0x99,0x00,0x99,0x99,0x00,0x99,0x99,
 0x00,0x99,0x99,0x00,0x99,0x99,0x00,0x99,
 0x00,0x00,0x00,0xcc,0x00,0x99,0xcc,0x00,
 0x99,0xcc,0x00,0x99,0xcc,0x00,0x99,0xcc,
 0x00,0x99,0xcc,0x00,0x99,0xcc,0x00,0x99,
 0xcc,0x00,0x99,0xcc,0x00,0x99,0x00,0x00,
 0x00,0xff,0x00,0x99,0xff,0x00,0x99,0xff,
 0x00,0x99,0xff,0x00,0x99,0xff,0x00,0x99,
 0xff,0x00,0x99,0xff,0x00,0x99,0xff,0x00,
 0x99,0xff,0x00,0x99,0x00,0x00,0x00,0xff,
 0x00,0x33,0xff,0x00,0x33,0xff,0x00,0x33,
 0xff,0x00,0x33,0xff,0x00,0x33,0xff,0x00,
 0x33,0xff,0x00,0x33,0xff,0x00,0x33,0xff,
 0x00,0x33,0x00,0x00,0x00,0xcc,0x00,0x33,
 0xcc,0x00,0x33,0xcc,0x00,0x33,0xcc,0x00,
 0x33,0xcc,0x00,0x33,0xcc,0x00,0x33,0xcc,
 0x00,0x33,0xcc,0x00,0x33,0xcc,0x00,0x33,
 0x00,0x00,0x00,0x99,0x00,0x33,0x99,0x00,
 0x33,0x99,0x00,0x33,0x99,0x00,0x33,0x99,
 0x00,0x33,0x99,0x00,0x33,0x99,0x00,0x33,
 0x99,0x00,0x33,0x99,0x00,0x33,0x00,0x00,
 0x00,0x66,0x00,0x33,0x66,0x00,0x33,0x66,
 0x00,0x33,0x66,0x00,0x33,0x66,0x00,0x33,
 0x66,0x00,0x33,0x66,0x00,0x33,0x66,0x00,
 0x33,0x66,0x00,0x33,0x00,0x00,0x00,0x33,
 0x00,0x33,0x33,0x00,0x33,0x33,0x00,0x33,
 0x33,0x00,0x33,0x33,0x00,0x33,0x33,0x00,
 0x33,0x33,0x00,0x33,0x33,0x00,0x33,0x33,
 0x00,0x33,0x00,0x00,0x00,0x00,0x00,0x33,
 0x00,0x00,0x33,0x00,0x00,0x33,0x00,0x00,
 0x33,0x00,0x00,0x33,0x00,0x00,0x33,0x00,
 0x00,0x33,0x00,0x00,0x33,0x00,0x00,0x33,
 0x00,0x00,0x00,0x00,0x00,0x00,0x00,0x00,
 0x00,0x00,0x00,0xff,0x00,0x00,0xff,0x00,
 0x00,0xff,0x00,0x00,0xff,0x00,0x00,0xff,
 0x00,0x00,0xff,0x00,0x00,0xff,0x00,0x00,
 0xff,0x00,0x00,0xff,0x00,0x00,0x00,0xff,
 0x00,0xff,0xff,0x00,0xff,0xff,0x00,0xff,
 0xff,0x00,0xff,0xff,0x00,0xff,0xff,0x00,
 0xff,0xff,0x00,0xff,0xff,0x00,0xff,0xff,
 0x00,0xff,0x00,0x00,0x00,0xcc,0x00,0xff,
 0xcc,0x00,0xff,0xcc,0x00,0xff,0xcc,0x00,
 0xff,0xcc,0x00,0xff,0xcc,0x00,0xff,0xcc,
 0x00,0xff,0xcc,0x00,0xff,0xcc,0x00,0xff,
 0x00,0x00,0x00,0x99,0x00,0xff,0x99,0x00,
 0xff,0x99,0x00,0xff,0x99,0x00,0xff,0x99,
 0x00,0xff,0x99,0x00,0xff,0x99,0x00,0xff,
 0x99,0x00,0xff,0x99,0x00,0xff,0x00,0x00,
 0x00,0x66,0x00,0xff,0x66,0x00,0xff,0x66,
 0x00,0xff,0x66,0x00,0xff,0x66,0x00,0xff,
 0x66,0x00,0xff,0x66,0x00,0xff,0x66,0x00,
 0xff,0x66,0x00,0xff,0x00,0x00,0x00,0x33,
 0x00,0xff,0x33,0x00,0xff,0x33,0x00,0xff,
 0x33,0x00,0xff,0x33,0x00,0xff,0x33,0x00,
 0xff,0x33,0x00,0xff,0x33,0x00,0xff,0x33,
 0x00,0xff,0x00,0x00,0x00,0x00,0x00,0xff,
 0x00,0x00,0xff,0x00,0x00,0xff,0x00,0x00,
 0xff,0x00,0x00,0xff,0x00,0x00,0xff,0x00,
 0x00,0xff,0x00,0x00,0xff,0x00,0x00,0xff,
 0x00,0x00,0x00,0x00,0x00,0x99,0x00,0x00,
 0x99,0x00,0x00,0x99,0x00,0x00,0x99,0x00,
 0x00,0x99,0x00,0x00,0x99,0x00,0x00,0x99,
 0x00,0x00,0x99,0x00,0x00,0x99,0x00,0x00,
 0x00,0x33,0x00,0x99,0x33,0x00,0x99,0x33,
 0x00,0x99,0x33,0x00,0x99,0x33,0x00,0x99,
 0x33,0x00,0x99,0x33,0x00,0x99,0x33,0x00,
 0x99,0x33,0x00,0x99,0x00,0x00,0x00,0x66,
 0x00,0x99,0x66,0x00,0x99,0x66,0x00,0x99,
 0x66,0x00,0x99,0x66,0x00,0x99,0x66,0x00,
 0x99,0x66,0x00,0x99,0x66,0x00,0x99,0x66,
 0x00,0x99,0x00,0x00,0x00,0x99,0x00,0x99,
 0x99,0x00,0x99,0x99,0x00,0x99,0x99,0x00,
 0x99,0x99,0x00,0x99,0x99,0x00,0x99,0x99,
 0x00,0x99,0x99,0x00,0x99,0x99,0x00,0x99,
 0x00,0x00,0x00,0xcc,0x00,0x99,0xcc,0x00,
 0x99,0xcc,0x00,0x99,0xcc,0x00,0x99,0xcc,
 0x00,0x99,0xcc,0x00,0x99,0xcc,0x00,0x99,
 0xcc,0x00,0x99,0xcc,0x00,0x99,0x00,0x00,
 0x00,0xff,0x00,0x99,0xff,0x00,0x99,0xff,
 0x00,0x99,0xff,0x00,0x99,0xff,0x00,0x99,
 0xff,0x00,0x99,0xff,0x00,0x99,0xff,0x00,
 0x99,0xff,0x00,0x99,0x00,0x00,0x00,0xff,
 0x00,0x33,0xff,0x00,0x33,0xff,0x00,0x33,
 0xff,0x00,0x33,0xff,0x00,0x33,0xff,0x00,
 0x33,0xff,0x00,0x33,0xff,0x00,0x33,0xff,
 0x00,0x33,0x00,0x00,0x00,0xcc,0x00,0x33,
 0xcc,0x00,0x33,0xcc,0x00,0x33,0xcc,0x00,
 0x33,0xcc,0x00,0x33,0xcc,0x00,0x33,0xcc,
 0x00,0x33,0xcc,0x00,0x33,0xcc,0x00,0x33,
 0x00,0x00,0x00,0x99,0x00,0x33,0x99,0x00,
 0x33,0x99,0x00,0x33,0x99,0x00,0x33,0x99,
 0x00,0x33,0x99,0x00,0x33,0x99,0x00,0x33,
 0x99,0x00,0x33,0x99,0x00,0x33,0x00,0x00,
 0x00,0x66,0x00,0x33,0x66,0x00,0x33,0x66,
 0x00,0x33,0x66,0x00,0x33,0x66,0x00,0x33,
 0x66,0x00,0x33,0x66,0x00,0x33,0x66,0x00,
 0x33,0x66,0x00,0x33,0x00,0x00,0x00,0x33,
 0x00,0x33,0x33,0x00,0x33,0x33,0x00,0x33,
 0x33,0x00,0x33,0x33,0x00,0x33,0x33,0x00,
 0x33,0x33,0x00,0x33,0x33,0x00,0x33,0x33,
 0x00,0x33,0x00,0x00,0x00,0x00,0x00,0x33,
 0x00,0x00,0x33,0x00,0x00,0x33,0x00,0x00,
 0x33,0x00,0x00,0x33,0x00,0x00,0x33,0x00,
 0x00,0x33,0x00,0x00,0x33,0x00,0x00,0x33,
 0x00,0x00,0x00,0x00,0x00,0x00,0x00,0x00,
 0x00,0x00,0x00,0xff,0x00,0x00,0xff,0x00,
 0x00,0xff,0x00,0x00,0xff,0x00,0x00,0xff,
 0x00,0x00,0xff,0x00,0x00,0xff,0x00,0x00,
 0xff,0x00,0x00,0xff,0x00,0x00,0x00,0xff,
 0x00,0xff,0xff,0x00,0xff,0xff,0x00,0xff,
 0xff,0x00,0xff,0xff,0x00,0xff,0xff,0x00,
 0xff,0xff,0x00,0xff,0xff,0x00,0xff,0xff,
 0x00,0xff,0x00,0x00,0x00,0xcc,0x00,0xff,
 0xcc,0x00,0xff,0xcc,0x00,0xff,0xcc,0x00,
 0xff,0xcc,0x00,0xff,0xcc,0x00,0xff,0xcc,
 0x00,0xff,0xcc,0x00,0xff,0xcc,0x00,0xff,
 0x00,0x00,0x00,0x99,0x00,0xff,0x99,0x00,
 0xff,0x99,0x00,0xff,0x99,0x00,0xff,0x99,
 0x00,0xff,0x99,0x00,0xff,0x99,0x00,0xff,
 0x99,0x00,0xff,0x99,0x00,0xff,0x00,0x00,
 0x00,0x66,0x00,0xff,0x66,0x00,0xff,0x66,
 0x00,0xff,0x66,0x00,0xff,0x66,0x00,0xff,
 0x66,0x00,0xff,0x66,0x00,0xff,0x66,0x00,
 0xff,0x66,0x00,0xff,0x00,0x00,0x00,0x33,
 0x00,0xff,0x33,0x00,0xff,0x33,0x00,0xff,
 0x33,0x00,0xff,0x33,0x00,0xff,0x33,0x00,
 0xff,0x33,0x00,0xff,0x33,0x00,0xff,0x33,
 0x00,0xff,0x00,0x00,0x00,0x00,0x00,0xff,
 0x00,0x00,0xff,0x00,0x00,0xff,0x00,0x00,
 0xff,0x00,0x00,0xff,0x00,0x00,0xff,0x00,
 0x00,0xff,0x00,0x00,0xff,0x00,0x00,0xff,
 0x00,0x00,0x00,0x00,0x00,0x99,0x00,0x00,
 0x99,0x00,0x00,0x99,0x00,0x00,0x99,0x00,
 0x00,0x99,0x00,0x00,0x99,0x00,0x00,0x99,
 0x00,0x00,0x99,0x00,0x00,0x99,0x00,0x00,
 0x00,0x33,0x00,0x99,0x33,0x00,0x99,0x33,
 0x00,0x99,0x33,0x00,0x99,0x33,0x00,0x99,
 0x33,0x00,0x99,0x33,0x00,0x99,0x33,0x00,
 0x99,0x33,0x00,0x99,0x00,0x00,0x00,0x66,
 0x00,0x99,0x66,0x00,0x99,0x66,0x00,0x99,
 0x66,0x00,0x99,0x66,0x00,0x99,0x66,0x00,
 0x99,0x66,0x00,0x99,0x66,0x00,0x99,0x66,
 0x00,0x99,0x00,0x00,0x00,0x99,0x00,0x99,
 0x99,0x00,0x99,0x99,0x00,0x99,0x99,0x00,
 0x99,0x99,0x00,0x99,0x99,0x00,0x99,0x99,
 0x00,0x99,0x99,0x00,0x99,0x99,0x00,0x99,
 0x00,0x00,0x00,0xcc,0x00,0x99,0xcc,0x00,
 0x99,0xcc,0x00,0x99,0xcc,0x00,0x99,0xcc,
 0x00,0x99,0xcc,0x00,0x99,0xcc,0x00,0x99,
 0xcc,0x00,0x99,0xcc,0x00,0x99,0x00,0x00,
 0x00,0xff,0x00,0x99,0xff,0x00,0x99,0xff,
 0x00,0x99,0xff,0x00,0x99,0xff,0x00,0x99,
 0xff,0x00,0x99,0xff,0x00,0x99,0xff,0x00,
 0x99,0xff,0x00,0x99,0x00,0x00,0x00,0xff,
 0x00,0x33,0xff,0x00,0x33,0xff,0x00,0x33,
 0xff,0x00,0x33,0xff,0x00,0x33,0xff,0x00,
 0x33,0xff,0x00,0x33,0xff,0x00,0x33,0xff,
 0x00,0x33,0x00,0x00,0x00,0xcc,0x00,0x33,
 0xcc,0x00,0x33,0xcc,0x00,0x33,0xcc,0x00,
 0x33,0xcc,0x00,0x33,0xcc,0x00,0x33,0xcc,
 0x00,0x33,0xcc,0x00,0x33,0xcc,0x00,0x33,
 0x00,0x00,0x00,0x99,0x00,0x33,0x99,0x00,
 0x33,0x99,0x00,0x33,0x99,0x00,0x33,0x99,
 0x00,0x33,0x99,0x00,0x33,0x99,0x00,0x33,
 0x99,0x00,0x33,0x99,0x00,0x33,0x00,0x00,
 0x00,0x66,0x00,0x33,0x66,0x00,0x33,0x66,
 0x00,0x33,0x66,0x00,0x33,0x66,0x00,0x33,
 0x66,0x00,0x33,0x66,0x00,0x33,0x66,0x00,
 0x33,0x66,0x00,0x33,0x00,0x00,0x00,0x33,
 0x00,0x33,0x33,0x00,0x33,0x33,0x00,0x33,
 0x33,0x00,0x33,0x33,0x00,0x33,0x33,0x00,
 0x33,0x33,0x00,0x33,0x33,0x00,0x33,0x33,
 0x00,0x33,0x00,0x00,0x00,0x00,0x00,0x33,
 0x00,0x00,0x33,0x00,0x00,0x33,0x00,0x00,
 0x33,0x00,0x00,0x33,0x00,0x00,0x33,0x00,
 0x00,0x33,0x00,0x00,0x33,0x00,0x00,0x33,
 0x00,0x00,0x00,0x00,0x00,0x00,0x00,0x00,
 0x00,0x00,0x00,0xff,0x00,0x00,0xff,0x00,
 0x00,0xff,0x00,0x00,0xff,0x00,0x00,0xff,
 0x00,0x00,0xff,0x00,0x00,0xff,0x00,0x00,
 0xff,0x00,0x00,0xff,0x00,0x00,0x00,0xff,
 0x00,0xff,0xff,0x00,0xff,0xff,0x00,0xff,
 0xff,0x00,0xff,0xff,0x00,0xff,0xff,0x00,
 0xff,0xff,0x00,0xff,0xff,0x00,0xff,0xff,
 0x00,0xff,0x00,0x00,0x00,0xcc,0x00,0xff,
 0xcc,0x00,0xff,0xcc,0x00,0xff,0xcc,0x00,
 0xff,0xcc,0x00,0xff,0xcc,0x00,0xff,0xcc,
 0x00,0xff,0xcc,0x00,0xff,0xcc,0x00,0xff,
 0x00,0x00,0x00,0x99,0x00,0xff,0x99,0x00,
 0xff,0x99,0x00,0xff,0x99,0x00,0xff,0x99,
 0x00,0xff,0x99,0x00,0xff,0x99,0x00,0xff,
 0x99,0x00,0xff,0x99,0x00,0xff,0x00,0x00,
 0x00,0x66,0x00,0xff,0x66,0x00,0xff,0x66,
 0x00,0xff,0x66,0x00,0xff,0x66,0x00,0xff,
 0x66,0x00,0xff,0x66,0x00,0xff,0x66,0x00,
 0xff,0x66,0x00,0xff,0x00,0x00,0x00,0x33,
 0x00,0xff,0x33,0x00,0xff,0x33,0x00,0xff,
 0x33,0x00,0xff,0x33,0x00,0xff,0x33,0x00,
 0xff,0x33,0x00,0xff,0x33,0x00,0xff,0x33,
 0x00,0xff,0x00,0x00,0x00,0x00,0x00,0xff,
 0x00,0x00,0xff,0x00,0x00,0xff,0x00,0x00,
 0xff,0x00,0x00,0xff,0x00,0x00,0xff,0x00,
 0x00,0xff,0x00,0x00,0xff,0x00,0x00,0xff,
 0x00,0x00,0x00,0x00,0x00,0x99,0x00,0x00,
 0x99,0x00,0x00,0x99,0x00,0x00,0x99,0x00,
 0x00,0x99,0x00,0x00,0x99,0x00,0x00,0x99,
 0x00,0x00,0x99,0x00,0x00,0x99,0x00,0x00,
 0x00,0x33,0x00,0x99,0x33,0x00,0x99,0x33,
 0x00,0x99,0x33,0x00,0x99,0x33,0x00,0x99,
 0x33,0x00,0x99,0x33,0x00,0x99,0x33,0x00,
 0x99,0x33,0x00,0x99,0x00,0x00,0x00,0x66,
 0x00,0x99,0x66,0x00,0x99,0x66,0x00,0x99,
 0x66,0x00,0x99,0x66,0x00,0x99,0x66,0x00,
 0x99,0x66,0x00,0x99,0x66,0x00,0x99,0x66,
 0x00,0x99,0x00,0x00,0x00,0x99,0x00,0x99,
 0x99,0x00,0x99,0x99,0x00,0x99,0x99,0x00,
 0x99,0x99,0x00,0x99,0x99,0x00,0x99,0x99,
 0x00,0x99,0x99,0x00,0x99,0x99,0x00,0x99,
 0x00,0x00,0x00,0xcc,0x00,0x99,0xcc,0x00,
 0x99,0xcc,0x00,0x99,0xcc,0x00,0x99,0xcc,
 0x00,0x99,0xcc,0x00,0x99,0xcc,0x00,0x99,
 0xcc,0x00,0x99,0xcc,0x00,0x99,0x00,0x00,
 0x00,0xff,0x00,0x99,0xff,0x00,0x99,0xff,
 0x00,0x99,0xff,0x00,0x99,0xff,0x00,0x99,
 0xff,0x00,0x99,0xff,0x00,0x99,0xff,0x00,
 0x99,0xff,0x00,0x99,0x00,0x00,0x00,0xff,
 0x00,0x33,0xff,0x00,0x33,0xff,0x00,0x33,
 0xff,0x00,0x33,0xff,0x00,0x33,0xff,0x00,
 0x33,0xff,0x00,0x33,0xff,0x00,0x33,0xff,
 0x00,0x33,0x00,0x00,0x00,0xcc,0x00,0x33,
 0xcc,0x00,0x33,0xcc,0x00,0x33,0xcc,0x00,
 0x33,0xcc,0x00,0x33,0xcc,0x00,0x33,0xcc,
 0x00,0x33,0xcc,0x00,0x33,0xcc,0x00,0x33,
 0x00,0x00,0x00,0x99,0x00,0x33,0x99,0x00,
 0x33,0x99,0x00,0x33,0x99,0x00,0x33,0x99,
 0x00,0x33,0x99,0x00,0x33,0x99,0x00,0x33,
 0x99,0x00,0x33,0x99,0x00,0x33,0x00,0x00,
 0x00,0x66,0x00,0x33,0x66,0x00,0x33,0x66,
 0x00,0x33,0x66,0x00,0x33,0x66,0x00,0x33,
 0x66,0x00,0x33,0x66,0x00,0x33,0x66,0x00,
 0x33,0x66,0x00,0x33,0x00,0x00,0x00,0x33,
 0x00,0x33,0x33,0x00,0x33,0x33,0x00,0x33,
 0x33,0x00,0x33,0x33,0x00,0x33,0x33,0x00,
 0x33,0x33,0x00,0x33,0x33,0x00,0x33,0x33,
 0x00,0x33,0x00,0x00,0x00,0x00,0x00,0x33,
 0x00,0x00,0x33,0x00,0x00,0x33,0x00,0x00,
 0x33,0x00,0x00,0x33,0x00,0x00,0x33,0x00,
 0x00,0x33,0x00,0x00,0x33,0x00,0x00,0x33,
 0x00,0x00,0x00,0x00,0x00,0x00,0x00,0x00,
 0x00,0x00,0x00,0xff,0x00,0x00,0xff,0x00,
 0x00,0xff,0x00,0x00,0xff,0x00,0x00,0xff,
 0x00,0x00,0xff,0x00,0x00,0xff,0x00,0x00,
 0xff,0x00,0x00,0xff,0x00,0x00,0x00,0xff,
 0x00,0xff,0xff,0x00,0xff,0xff,0x00,0xff,
 0xff,0x00,0xff,0xff,0x00,0xff,0xff,0x00,
 0xff,0xff,0x00,0xff,0xff,0x00,0xff,0xff,
 0x00,0xff,0x00,0x00,0x00,0xcc,0x00,0xff,
 0xcc,0x00,0xff,0xcc,0x00,0xff,0xcc,0x00,
 0xff,0xcc,0x00,0xff,0xcc,0x00,0xff,0xcc,
 0x00,0xff,0xcc,0x00,0xff,0xcc,0x00,0xff,
 0x00,0x00,0x00,0x99,0x00,0xff,0x99,0x00,
 0xff,0x99,0x00,0xff,0x99,0x00,0xff,0x99,
 0x00,0xff,0x99,0x00,0xff,0x99,0x00,0xff,
 0x99,0x00,0xff,0x99,0x00,0xff,0x00,0x00,
 0x00,0x66,0x00,0xff,0x66,0x00,0xff,0x66,
 0x00,0xff,0x66,0x00,0xff,0x66,0x00,0xff,
 0x66,0x00,0xff,0x66,0x00,0xff,0x66,0x00,
 0xff,0x66,0x00,0xff,0x00,0x00,0x00,0x33,
 0x00,0xff,0x33,0x00,0xff,0x33,0x00,0xff,
 0x33,0x00,0xff,0x33,0x00,0xff,0x33,0x00,
 0xff,0x33,0x00,0xff,0x33,0x00,0xff,0x33,
 0x00,0xff,0x00,0x00,0x00,0x00,0x00,0xff,
 0x00,0x00,0xff,0x00,0x00,0xff,0x00,0x00,
 0xff,0x00,0x00,0xff,0x00,0x00,0xff,0x00,
 0x00,0xff,0x00,0x00,0xff,0x00,0x00,0xff,
 0x00,0x00,0x00,0x00,0x00,0x99,0x00,0x00,
 0x99,0x00,0x00,0x99,0x00,0x00,0x99,0x00,
 0x00,0x99,0x00,0x00,0x99,0x00,0x00,0x99,
 0x00,0x00,0x99,0x00,0x00,0x99,0x00,0x00,
 0x00,0x33,0x00,0x99,0x33,0x00,0x99,0x33,
 0x00,0x99,0x33,0x00,0x99,0x33,0x00,0x99,
 0x33,0x00,0x99,0x33,0x00,0x99,0x33,0x00,
 0x99,0x33,0x00,0x99,0x00,0x00,0x00,0x66,
 0x00,0x99,0x66,0x00,0x99,0x66,0x00,0x99,
 0x66,0x00,0x99,0x66,0x00,0x99,0x66,0x00,
 0x99,0x66,0x00,0x99,0x66,0x00,0x99,0x66,
 0x00,0x99,0x00,0x00,0x00,0x99,0x00,0x99,
 0x99,0x00,0x99,0x99,0x00,0x99,0x99,0x00,
 0x99,0x99,0x00,0x99,0x99,0x00,0x99,0x99,
 0x00,0x99,0x99,0x00,0x99,0x99,0x00,0x99,
 0x00,0x00,0x00,0xcc,0x00,0x99,0xcc,0x00,
 0x99,0xcc,0x00,0x99,0xcc,0x00,0x99,0xcc,
 0x00,0x99,0xcc,0x00,0x99,0xcc,0x00,0x99,
 0xcc,0x00,0x99,0xcc,0x00,0x99,0x00,0x00,
 0x00,0xff,0x00,0x99,0xff,0x00,0x99,0xff,
 0x00,0x99,0xff,0x00,0x99,0xff,0x00,0x99,
 0xff,0x00,0x99,0xff,0x00,0x99,0xff,0x00,
 0x99,0xff,0x00,0x99,0x00,0x00,0x00,0xff,
 0x00,0x33,0xff,0x00,0x33,0xff,0x00,0x33,
 0xff,0x00,0x33,0xff,0x00,0x33,0xff,0x00,
 0x33,0xff,0x00,0x33,0xff,0x00,0x33,0xff,
 0x00,0x33,0x00,0x00,0x00,0xcc,0x00,0x33,
 0xcc,0x00,0x33,0xcc,0x00,0x33,0xcc,0x00,
 0x33,0xcc,0x00,0x33,0xcc,0x00,0x33,0xcc,
 0x00,0x33,0xcc,0x00,0x33,0xcc,0x00,0x33,
 0x00,0x00,0x00,0x99,0x00,0x33,0x99,0x00,
 0x33,0x99,0x00,0x33,0x99,0x00,0x33,0x99,
 0x00,0x33,0x99,0x00,0x33,0x99,0x00,0x33,
 0x99,0x00,0x33,0x99,0x00,0x33,0x00,0x00,
 0x00,0x66,0x00,0x33,0x66,0x00,0x33,0x66,
 0x00,0x33,0x66,0x00,0x33,0x66,0x00,0x33,
 0x66,0x00,0x33,0x66,0x00,0x33,0x66,0x00,
 0x33,0x66,0x00,0x33,0x00,0x00,0x00,0x33,
 0x00,0x33,0x33,0x00,0x33,0x33,0x00,0x33,
 0x33,0x00,0x33,0x33,0x00,0x33,0x33,0x00,
 0x33,0x33,0x00,0x33,0x33,0x00,0x33,0x33,
 0x00,0x33,0x00,0x00,0x00,0x00,0x00,0x33,
 0x00,0x00,0x33,0x00,0x00,0x33,0x00,0x00,
 0x33,0x00,0x00,0x33,0x00,0x00,0x33,0x00,
 0x00,0x33,0x00,0x00,0x33,0x00,0x00,0x33,
 0x00,0x00,0x00,0x00,0x00,0x00,0x00,0x00,
 0x00,0x00,0x00,0x00,0x00,0x00,0x00,0x00,
 0x00,0x00,0x00,0x00,0x00,0x00,0x00,0x00,
 0x00,0x00,0x00,0x00,0x00,0x00,0x00,0x00,
 0x00,0x00,0x00,0x00,0x00,0x00,0x00,0x00,
 0x00,0x00,0x00,0x00,0x00,0x00,0x00,0x00,
 0x00,0x00,0x00,0x00,0x00,0x00,0x00,0x00,
 0x00,0x00,0x00,0x00,0x00,0x00,0x00,0x00,
 0x00,0x00,0x00,0x00,0x00,0x00,0x00,0x00,
 0x00,0x00,0x00,0x00,0x00,0x00,0x00,0x00,
 0x00,0x00,0x00,0x00,0x00,0x00,0x00,0x00,
 0x00,0x00,0x00,0x00,0x00,0x00,0x00,0x00,
 0x00,0x00,0x00,0x00,0x00,0x00,0x00,0x00,
 0x00,0x00,0x00,0x00,0x00,0x00,0x00,0x00,
 0x00,0x00,0x00,0x00,0x00,0x00,0x00,0x00,
 0x00,0x00,0x00,0x00,0x00,0x00,0x00,0x00,
 0x00,0x00,0x00,0x00,0x00,0x00,0x00,0x00,
 0x00,0x00,0x00,0x00,0x00,0x00,0x00,0x00,
 0x00,0x00,0x00,0x00,0x00,0x00,0x00,0x00,
 0x00,0x00,0x00,0x00,0x00,0x00,0x00,0x00,
 0x00,0x00,0x00,0x00,0x00,0x00,0x00,0x00,
 0x00,0x00,0x00,0x00,0x00,0x00,0x00,0x00,
 0x00,0x00,0x00,0x00,0x00,0x00,0x00,0x00,
 0x00,0x00,0x00,0x00,0x00,0x00,0x00,0x00,
 0x00,0x00,0x00,0x00,0x00,0x00,0x00,0x00,
 0x00,0x00,0x00,0x00,0x00,0x00,0x00,0x00,
 0x00,0x00,0x00,0x00,0x00,0x00,0x00,0x00,
 0x00,0x00,0x00,0x00,0x00,0x00,0x00,0x00,
 0x00,0x00,0x00,0x00,0x00,0x00,0x00,0x00,
 0x00,0x00,0x00,0x00,0x00,0x00,0x00,0x00,
 0x00,0x00,0x00,0x00,0x00,0x00,0x00,0x00,
 0x00,0x00,0x00,0x00,0x00,0x00,0x00,0x00,
 0x00,0x00,0x00,0x00,0x00,0x00,0x00,0x00,
 0x00,0x00,0x00,0x00,0x00,0x00,0x00,0x00,
 0x00,0x00,0x00,0x00,0x00,0x00,0x00,0x00,
 0x00,0x00,0x00,0x00,0x00,0x00,0x00,0x00,
 0x00,0x00,0x00,0x00,0x00,0x00,0x00,0x00,
 0x00,0x00,0x00,0x00,0x00,0x00,0x00,0x00,
 0x00,0x00,0x00,0x00,0x00,0x00,0x00,0x00,
 0x00,0x00,0x00,0x00,0x00,0x00,0x00,0x00,
 0x00,0x00,0x00,0x00,0x00,0x00,0x00,0x00,
 0x00,0x00,0x00,0x00,0x00,0x00,0x00,0x00,
 0x00,0x00,0x00,0x00,0x00,0x00,0x00,0x00,
 0x00,0x00,0x00,0x00,0x00,0x00,0x00,0x00,
 0x00,0x00,0x00,0x00,0x00,0x00,0x00,0x00,
 0x00,0x00,0x00,0x00,0x00,0x00,0x00,0x00,
 0x00,0x00,0x00,0x00,0x00,0x00,0x00,0x00,
 0x00,0x00,0x00,0x00,0x00,0x00,0x00,0x00,
 0x00,0x00,0x00,0x00,0x00,0x00,0x00,0x00,
 0x00,0x00,0x00,0x00,0x00,0x00,0x00,0x00,
 0x00,0x00,0x00,0x00,0x00,0x00,0x00,0x00,
 0x00,0x00,0x00,0x00,0x00,0x00,0x00,0x00,
 0x00,0x00,0x00,0x00,0x00,0x00,0x00,0x00,
 0x00,0x00,0x00,0x00,0x00,0x00,0x00,0x00,
 0x00,0x00,0x00,0x00,0x00,0x00,0x00,0x00,
 0x00,0x00,0x00,0x00,0x00,0x00,0x00,0x00,
 0x00,0x00,0x00,0x00,0x00,0x00,0x00,0x00,
 0x00,0x00,0x00,0x00,0x00,0x00,0x00,0x00,
 0x00,0x00,0x00,0x00,0x00,0x00,0x00,0x00,
 0x00,0x00,0x00,0x00,0x00,0x00,0x00,0x00,
 0x00,0x00,0x00,0x00,0x00,0x00,0x00,0x00,
 0x00,0x00,0x00,0x00,0x00,0x00,0x00,0x00,
 0x00,0x00,0x00,0x00,0x00,0x00,0x00,0x00,
 0x00,0x00,0x00,0x00,0x00,0x00,0x00,0x00,
 0x00,0x00,0x00,0x00,0x00,0x00,0x00,0x00,
 0x00,0x00,0x00,0x00,0x00,0x00,0x00,0x00,
 0x00,0x00,0x00,0x00,0x00,0x00,0x00,0x00,
 0x00,0x00,0x00,0x00,0x00,0x00,0x00,0x00,
 0x00,0x00,0x00,0x00,0x00,0x00,0x00,0x00,
 0x00,0x00,0x00,0x00,0x00,0x00,0x00,0x00,
 0x00,0x00,0x00,0x00,0x00,0x00,0x00,0x00,
 0x00,0x00,0x00,0x00,0x00,0x00,0x00,0x00,
 0x00,0x00,0x00,0x00,0x00,0x00,0x00,0x00,
 0x00,0xff,0xff,0xff,0xff,0xff,0xff,0xff,
 0xff,0xff,0xff,0xff,0xff,0xff,0xff,0xff,
 0xff,0xff,0xff,0xff,0xff,0xff,0xff,0xff,
 0xff,0xff,0xff,0xff,0x00,0x00,0x00,0xff,
 0x00,0xcc,0xff,0x00,0xcc,0xff,0x00,0xcc,
 0xff,0x00,0xcc,0xff,0x00,0xcc,0xff,0x00,
 0xcc,0xff,0x00,0xcc,0xff,0x00,0xcc,0xff,
 0x00,0xcc,0x00,0x00,0x00,0xcc,0x00,0xcc,
 0xcc,0x00,0xcc,0xcc,0x00,0xcc,0xcc,0x00,
 0xcc,0xcc,0x00,0xcc,0xcc,0x00,0xcc,0xcc,
 0x00,0xcc,0xcc,0x00,0xcc,0xcc,0x00,0xcc,
 0x00,0x00,0x00,0x99,0x00,0xcc,0x99,0x00,
 0xcc,0x99,0x00,0xcc,0x99,0x00,0xcc,0x99,
 0x00,0xcc,0x99,0x00,0xcc,0x99,0x00,0xcc,
 0x99,0x00,0xcc,0x99,0x00,0xcc,0x00,0x00,
 0x00,0x66,0x00,0xcc,0x66,0x00,0xcc,0x66,
 0x00,0xcc,0x66,0x00,0xcc,0x66,0x00,0xcc,
 0x66,0x00,0xcc,0x66,0x00,0xcc,0x66,0x00,
 0xcc,0x66,0x00,0xcc,0x00,0x00,0x00,0x33,
 0x00,0xcc,0x33,0x00,0xcc,0x33,0x00,0xcc,
 0x33,0x00,0xcc,0x33,0x00,0xcc,0x33,0x00,
 0xcc,0x33,0x00,0xcc,0x33,0x00,0xcc,0x33,
 0x00,0xcc,0x00,0x00,0x00,0x00,0x00,0xcc,
 0x00,0x00,0xcc,0x00,0x00,0xcc,0x00,0x00,
 0xcc,0x00,0x00,0xcc,0x00,0x00,0xcc,0x00,
 0x00,0xcc,0x00,0x00,0xcc,0x00,0x00,0xcc,
 0x00,0x00,0x00,0x00,0x00,0x66,0x00,0x00,
 0x66,0x00,0x00,0x66,0x00,0x00,0x66,0x00,
 0x00,0x66,0x00,0x00,0x66,0x00,0x00,0x66,
 0x00,0x00,0x66,0x00,0x00,0x66,0x00,0x00,
 0x00,0x33,0x00,0x66,0x33,0x00,0x66,0x33,
 0x00,0x66,0x33,0x00,0x66,0x33,0x00,0x66,
 0x33,0x00,0x66,0x33,0x00,0x66,0x33,0x00,
 0x66,0x33,0x00,0x66,0x00,0x00,0x00,0x66,
 0x00,0x66,0x66,0x00,0x66,0x66,0x00,0x66,
 0x66,0x00,0x66,0x66,0x00,0x66,0x66,0x00,
 0x66,0x66,0x00,0x66,0x66,0x00,0x66,0x66,
 0x00,0x66,0x00,0x00,0x00,0x99,0x00,0x66,
 0x99,0x00,0x66,0x99,0x00,0x66,0x99,0x00,
 0x66,0x99,0x00,0x66,0x99,0x00,0x66,0x99,
 0x00,0x66,0x99,0x00,0x66,0x99,0x00,0x66,
 0x00,0x00,0x00,0xcc,0x00,0x66,0xcc,0x00,
 0x66,0xcc,0x00,0x66,0xcc,0x00,0x66,0xcc,
 0x00,0x66,0xcc,0x00,0x66,0xcc,0x00,0x66,
 0xcc,0x00,0x66,0xcc,0x00,0x66,0x00,0x00,
 0x00,0xff,0x00,0x66,0xff,0x00,0x66,0xff,
 0x00,0x66,0xff,0x00,0x66,0xff,0x00,0x66,
 0xff,0x00,0x66,0xff,0x00,0x66,0xff,0x00,
 0x66,0xff,0x00,0x66,0x00,0x00,0x00,0xff,
 0x00,0x00,0xff,0x00,0x00,0xff,0x00,0x00,
 0xff,0x00,0x00,0xff,0x00,0x00,0xff,0x00,
 0x00,0xff,0x00,0x00,0xff,0x00,0x00,0xff,
 0x00,0x00,0x00,0x00,0x00,0xcc,0x00,0x00,
 0xcc,0x00,0x00,0xcc,0x00,0x00,0xcc,0x00,
 0x00,0xcc,0x00,0x00,0xcc,0x00,0x00,0xcc,
 0x00,0x00,0xcc,0x00,0x00,0xcc,0x00,0x00,
 0x00,0x00,0x00,0x99,0x00,0x00,0x99,0x00,
 0x00,0x99,0x00,0x00,0x99,0x00,0x00,0x99,
 0x00,0x00,0x99,0x00,0x00,0x99,0x00,0x00,
 0x99,0x00,0x00,0x99,0x00,0x00,0x00,0x00,
 0x00,0x66,0x00,0x00,0x66,0x00,0x00,0x66,
 0x00,0x00,0x66,0x00,0x00,0x66,0x00,0x00,
 0x66,0x00,0x00,0x66,0x00,0x00,0x66,0x00,
 0x00,0x66,0x00,0x00,0x00,0x00,0x00,0x33,
 0x00,0x00,0x33,0x00,0x00,0x33,0x00,0x00,
 0x33,0x00,0x00,0x33,0x00,0x00,0x33,0x00,
 0x00,0x33,0x00,0x00,0x33,0x00,0x00,0x33,
 0x00,0x00,0x00,0x00,0x00,0x00,0x00,0x00,
 0x00,0x00,0x00,0x00,0x00,0x00,0x00,0x00,
 0x00,0x00,0x00,0x00,0x00,0x00,0x00,0x00,
 0x00,0x00,0x00,0x00,0x00,0x00,0x00,0x00,
 0x00,0x00,0x00,0x00,0x00,0x00,0x00,0x00,
 0x00,0xff,0xff,0xff,0xff,0xff,0xff,0xff,
 0xff,0xff,0xff,0xff,0xff,0xff,0xff,0xff,
 0xff,0xff,0xff,0xff,0xff,0xff,0xff,0xff,
 0xff,0xff,0xff,0xff,0x00,0x00,0x00,0xff,
 0x00,0xcc,0xff,0x00,0xcc,0xff,0x00,0xcc,
 0xff,0x00,0xcc,0xff,0x00,0xcc,0xff,0x00,
 0xcc,0xff,0x00,0xcc,0xff,0x00,0xcc,0xff,
 0x00,0xcc,0x00,0x00,0x00,0xcc,0x00,0xcc,
 0xcc,0x00,0xcc,0xcc,0x00,0xcc,0xcc,0x00,
 0xcc,0xcc,0x00,0xcc,0xcc,0x00,0xcc,0xcc,
 0x00,0xcc,0xcc,0x00,0xcc,0xcc,0x00,0xcc,
 0x00,0x00,0x00,0x99,0x00,0xcc,0x99,0x00,
 0xcc,0x99,0x00,0xcc,0x99,0x00,0xcc,0x99,
 0x00,0xcc,0x99,0x00,0xcc,0x99,0x00,0xcc,
 0x99,0x00,0xcc,0x99,0x00,0xcc,0x00,0x00,
 0x00,0x66,0x00,0xcc,0x66,0x00,0xcc,0x66,
 0x00,0xcc,0x66,0x00,0xcc,0x66,0x00,0xcc,
 0x66,0x00,0xcc,0x66,0x00,0xcc,0x66,0x00,
 0xcc,0x66,0x00,0xcc,0x00,0x00,0x00,0x33,
 0x00,0xcc,0x33,0x00,0xcc,0x33,0x00,0xcc,
 0x33,0x00,0xcc,0x33,0x00,0xcc,0x33,0x00,
 0xcc,0x33,0x00,0xcc,0x33,0x00,0xcc,0x33,
 0x00,0xcc,0x00,0x00,0x00,0x00,0x00,0xcc,
 0x00,0x00,0xcc,0x00,0x00,0xcc,0x00,0x00,
 0xcc,0x00,0x00,0xcc,0x00,0x00,0xcc,0x00,
 0x00,0xcc,0x00,0x00,0xcc,0x00,0x00,0xcc,
 0x00,0x00,0x00,0x00,0x00,0x66,0x00,0x00,
 0x66,0x00,0x00,0x66,0x00,0x00,0x66,0x00,
 0x00,0x66,0x00,0x00,0x66,0x00,0x00,0x66,
 0x00,0x00,0x66,0x00,0x00,0x66,0x00,0x00,
 0x00,0x33,0x00,0x66,0x33,0x00,0x66,0x33,
 0x00,0x66,0x33,0x00,0x66,0x33,0x00,0x66,
 0x33,0x00,0x66,0x33,0x00,0x66,0x33,0x00,
 0x66,0x33,0x00,0x66,0x00,0x00,0x00,0x66,
 0x00,0x66,0x66,0x00,0x66,0x66,0x00,0x66,
 0x66,0x00,0x66,0x66,0x00,0x66,0x66,0x00,
 0x66,0x66,0x00,0x66,0x66,0x00,0x66,0x66,
 0x00,0x66,0x00,0x00,0x00,0x99,0x00,0x66,
 0x99,0x00,0x66,0x99,0x00,0x66,0x99,0x00,
 0x66,0x99,0x00,0x66,0x99,0x00,0x66,0x99,
 0x00,0x66,0x99,0x00,0x66,0x99,0x00,0x66,
 0x00,0x00,0x00,0xcc,0x00,0x66,0xcc,0x00,
 0x66,0xcc,0x00,0x66,0xcc,0x00,0x66,0xcc,
 0x00,0x66,0xcc,0x00,0x66,0xcc,0x00,0x66,
 0xcc,0x00,0x66,0xcc,0x00,0x66,0x00,0x00,
 0x00,0xff,0x00,0x66,0xff,0x00,0x66,0xff,
 0x00,0x66,0xff,0x00,0x66,0xff,0x00,0x66,
 0xff,0x00,0x66,0xff,0x00,0x66,0xff,0x00,
 0x66,0xff,0x00,0x66,0x00,0x00,0x00,0xff,
 0x00,0x00,0xff,0x00,0x00,0xff,0x00,0x00,
 0xff,0x00,0x00,0xff,0x00,0x00,0xff,0x00,
 0x00,0xff,0x00,0x00,0xff,0x00,0x00,0xff,
 0x00,0x00,0x00,0x00,0x00,0xcc,0x00,0x00,
 0xcc,0x00,0x00,0xcc,0x00,0x00,0xcc,0x00,
 0x00,0xcc,0x00,0x00,0xcc,0x00,0x00,0xcc,
 0x00,0x00,0xcc,0x00,0x00,0xcc,0x00,0x00,
 0x00,0x00,0x00,0x99,0x00,0x00,0x99,0x00,
 0x00,0x99,0x00,0x00,0x99,0x00,0x00,0x99,
 0x00,0x00,0x99,0x00,0x00,0x99,0x00,0x00,
 0x99,0x00,0x00,0x99,0x00,0x00,0x00,0x00,
 0x00,0x66,0x00,0x00,0x66,0x00,0x00,0x66,
 0x00,0x00,0x66,0x00,0x00,0x66,0x00,0x00,
 0x66,0x00,0x00,0x66,0x00,0x00,0x66,0x00,
 0x00,0x66,0x00,0x00,0x00,0x00,0x00,0x33,
 0x00,0x00,0x33,0x00,0x00,0x33,0x00,0x00,
 0x33,0x00,0x00,0x33,0x00,0x00,0x33,0x00,
 0x00,0x33,0x00,0x00,0x33,0x00,0x00,0x33,
 0x00,0x00,0x00,0x00,0x00,0x00,0x00,0x00,
 0x00,0x00,0x00,0x00,0x00,0x00,0x00,0x00,
 0x00,0x00,0x00,0x00,0x00,0x00,0x00,0x00,
 0x00,0x00,0x00,0x00,0x00,0x00,0x00,0x00,
 0x00,0x00,0x00,0x00,0x00,0x00,0x00,0x00,
 0x00,0xff,0xff,0xff,0xff,0xff,0xff,0xff,
 0xff,0xff,0xff,0xff,0xff,0xff,0xff,0xff,
 0xff,0xff,0xff,0xff,0xff,0xff,0xff,0xff,
 0xff,0xff,0xff,0xff,0x00,0x00,0x00,0xff,
 0x00,0xcc,0xff,0x00,0xcc,0xff,0x00,0xcc,
 0xff,0x00,0xcc,0xff,0x00,0xcc,0xff,0x00,
 0xcc,0xff,0x00,0xcc,0xff,0x00,0xcc,0xff,
 0x00,0xcc,0x00,0x00,0x00,0xcc,0x00,0xcc,
 0xcc,0x00,0xcc,0xcc,0x00,0xcc,0xcc,0x00,
 0xcc,0xcc,0x00,0xcc,0xcc,0x00,0xcc,0xcc,
 0x00,0xcc,0xcc,0x00,0xcc,0xcc,0x00,0xcc,
 0x00,0x00,0x00,0x99,0x00,0xcc,0x99,0x00,
 0xcc,0x99,0x00,0xcc,0x99,0x00,0xcc,0x99,
 0x00,0xcc,0x99,0x00,0xcc,0x99,0x00,0xcc,
 0x99,0x00,0xcc,0x99,0x00,0xcc,0x00,0x00,
 0x00,0x66,0x00,0xcc,0x66,0x00,0xcc,0x66,
 0x00,0xcc,0x66,0x00,0xcc,0x66,0x00,0xcc,
 0x66,0x00,0xcc,0x66,0x00,0xcc,0x66,0x00,
 0xcc,0x66,0x00,0xcc,0x00,0x00,0x00,0x33,
 0x00,0xcc,0x33,0x00,0xcc,0x33,0x00,0xcc,
 0x33,0x00,0xcc,0x33,0x00,0xcc,0x33,0x00,
 0xcc,0x33,0x00,0xcc,0x33,0x00,0xcc,0x33,
 0x00,0xcc,0x00,0x00,0x00,0x00,0x00,0xcc,
 0x00,0x00,0xcc,0x00,0x00,0xcc,0x00,0x00,
 0xcc,0x00,0x00,0xcc,0x00,0x00,0xcc,0x00,
 0x00,0xcc,0x00,0x00,0xcc,0x00,0x00,0xcc,
 0x00,0x00,0x00,0x00,0x00,0x66,0x00,0x00,
 0x66,0x00,0x00,0x66,0x00,0x00,0x66,0x00,
 0x00,0x66,0x00,0x00,0x66,0x00,0x00,0x66,
 0x00,0x00,0x66,0x00,0x00,0x66,0x00,0x00,
 0x00,0x33,0x00,0x66,0x33,0x00,0x66,0x33,
 0x00,0x66,0x33,0x00,0x66,0x33,0x00,0x66,
 0x33,0x00,0x66,0x33,0x00,0x66,0x33,0x00,
 0x66,0x33,0x00,0x66,0x00,0x00,0x00,0x66,
 0x00,0x66,0x66,0x00,0x66,0x66,0x00,0x66,
 0x66,0x00,0x66,0x66,0x00,0x66,0x66,0x00,
 0x66,0x66,0x00,0x66,0x66,0x00,0x66,0x66,
 0x00,0x66,0x00,0x00,0x00,0x99,0x00,0x66,
 0x99,0x00,0x66,0x99,0x00,0x66,0x99,0x00,
 0x66,0x99,0x00,0x66,0x99,0x00,0x66,0x99,
 0x00,0x66,0x99,0x00,0x66,0x99,0x00,0x66,
 0x00,0x00,0x00,0xcc,0x00,0x66,0xcc,0x00,
 0x66,0xcc,0x00,0x66,0xcc,0x00,0x66,0xcc,
 0x00,0x66,0xcc,0x00,0x66,0xcc,0x00,0x66,
 0xcc,0x00,0x66,0xcc,0x00,0x66,0x00,0x00,
 0x00,0xff,0x00,0x66,0xff,0x00,0x66,0xff,
 0x00,0x66,0xff,0x00,0x66,0xff,0x00,0x66,
 0xff,0x00,0x66,0xff,0x00,0x66,0xff,0x00,
 0x66,0xff,0x00,0x66,0x00,0x00,0x00,0xff,
 0x00,0x00,0xff,0x00,0x00,0xff,0x00,0x00,
 0xff,0x00,0x00,0xff,0x00,0x00,0xff,0x00,
 0x00,0xff,0x00,0x00,0xff,0x00,0x00,0xff,
 0x00,0x00,0x00,0x00,0x00,0xcc,0x00,0x00,
 0xcc,0x00,0x00,0xcc,0x00,0x00,0xcc,0x00,
 0x00,0xcc,0x00,0x00,0xcc,0x00,0x00,0xcc,
 0x00,0x00,0xcc,0x00,0x00,0xcc,0x00,0x00,
 0x00,0x00,0x00,0x99,0x00,0x00,0x99,0x00,
 0x00,0x99,0x00,0x00,0x99,0x00,0x00,0x99,
 0x00,0x00,0x99,0x00,0x00,0x99,0x00,0x00,
 0x99,0x00,0x00,0x99,0x00,0x00,0x00,0x00,
 0x00,0x66,0x00,0x00,0x66,0x00,0x00,0x66,
 0x00,0x00,0x66,0x00,0x00,0x66,0x00,0x00,
 0x66,0x00,0x00,0x66,0x00,0x00,0x66,0x00,
 0x00,0x66,0x00,0x00,0x00,0x00,0x00,0x33,
 0x00,0x00,0x33,0x00,0x00,0x33,0x00,0x00,
 0x33,0x00,0x00,0x33,0x00,0x00,0x33,0x00,
 0x00,0x33,0x00,0x00,0x33,0x00,0x00,0x33,
 0x00,0x00,0x00,0x00,0x00,0x00,0x00,0x00,
 0x00,0x00,0x00,0x00,0x00,0x00,0x00,0x00,
 0x00,0x00,0x00,0x00,0x00,0x00,0x00,0x00,
 0x00,0x00,0x00,0x00,0x00,0x00,0x00,0x00,
 0x00,0x00,0x00,0x00,0x00,0x00,0x00,0x00,
 0x00,0xff,0xff,0xff,0xff,0xff,0xff,0xff,
 0xff,0xff,0xff,0xff,0xff,0xff,0xff,0xff,
 0xff,0xff,0xff,0xff,0xff,0xff,0xff,0xff,
 0xff,0xff,0xff,0xff,0x00,0x00,0x00,0xff,
 0x00,0xcc,0xff,0x00,0xcc,0xff,0x00,0xcc,
 0xff,0x00,0xcc,0xff,0x00,0xcc,0xff,0x00,
 0xcc,0xff,0x00,0xcc,0xff,0x00,0xcc,0xff,
 0x00,0xcc,0x00,0x00,0x00,0xcc,0x00,0xcc,
 0xcc,0x00,0xcc,0xcc,0x00,0xcc,0xcc,0x00,
 0xcc,0xcc,0x00,0xcc,0xcc,0x00,0xcc,0xcc,
 0x00,0xcc,0xcc,0x00,0xcc,0xcc,0x00,0xcc,
 0x00,0x00,0x00,0x99,0x00,0xcc,0x99,0x00,
 0xcc,0x99,0x00,0xcc,0x99,0x00,0xcc,0x99,
 0x00,0xcc,0x99,0x00,0xcc,0x99,0x00,0xcc,
 0x99,0x00,0xcc,0x99,0x00,0xcc,0x00,0x00,
 0x00,0x66,0x00,0xcc,0x66,0x00,0xcc,0x66,
 0x00,0xcc,0x66,0x00,0xcc,0x66,0x00,0xcc,
 0x66,0x00,0xcc,0x66,0x00,0xcc,0x66,0x00,
 0xcc,0x66,0x00,0xcc,0x00,0x00,0x00,0x33,
 0x00,0xcc,0x33,0x00,0xcc,0x33,0x00,0xcc,
 0x33,0x00,0xcc,0x33,0x00,0xcc,0x33,0x00,
 0xcc,0x33,0x00,0xcc,0x33,0x00,0xcc,0x33,
 0x00,0xcc,0x00,0x00,0x00,0x00,0x00,0xcc,
 0x00,0x00,0xcc,0x00,0x00,0xcc,0x00,0x00,
 0xcc,0x00,0x00,0xcc,0x00,0x00,0xcc,0x00,
 0x00,0xcc,0x00,0x00,0xcc,0x00,0x00,0xcc,
 0x00,0x00,0x00,0x00,0x00,0x66,0x00,0x00,
 0x66,0x00,0x00,0x66,0x00,0x00,0x66,0x00,
 0x00,0x66,0x00,0x00,0x66,0x00,0x00,0x66,
 0x00,0x00,0x66,0x00,0x00,0x66,0x00,0x00,
 0x00,0x33,0x00,0x66,0x33,0x00,0x66,0x33,
 0x00,0x66,0x33,0x00,0x66,0x33,0x00,0x66,
 0x33,0x00,0x66,0x33,0x00,0x66,0x33,0x00,
 0x66,0x33,0x00,0x66,0x00,0x00,0x00,0x66,
 0x00,0x66,0x66,0x00,0x66,0x66,0x00,0x66,
 0x66,0x00,0x66,0x66,0x00,0x66,0x66,0x00,
 0x66,0x66,0x00,0x66,0x66,0x00,0x66,0x66,
 0x00,0x66,0x00,0x00,0x00,0x99,0x00,0x66,
 0x99,0x00,0x66,0x99,0x00,0x66,0x99,0x00,
 0x66,0x99,0x00,0x66,0x99,0x00,0x66,0x99,
 0x00,0x66,0x99,0x00,0x66,0x99,0x00,0x66,
 0x00,0x00,0x00,0xcc,0x00,0x66,0xcc,0x00,
 0x66,0xcc,0x00,0x66,0xcc,0x00,0x66,0xcc,
 0x00,0x66,0xcc,0x00,0x66,0xcc,0x00,0x66,
 0xcc,0x00,0x66,0xcc,0x00,0x66,0x00,0x00,
 0x00,0xff,0x00,0x66,0xff,0x00,0x66,0xff,
 0x00,0x66,0xff,0x00,0x66,0xff,0x00,0x66,
 0xff,0x00,0x66,0xff,0x00,0x66,0xff,0x00,
 0x66,0xff,0x00,0x66,0x00,0x00,0x00,0xff,
 0x00,0x00,0xff,0x00,0x00,0xff,0x00,0x00,
 0xff,0x00,0x00,0xff,0x00,0x00,0xff,0x00,
 0x00,0xff,0x00,0x00,0xff,0x00,0x00,0xff,
 0x00,0x00,0x00,0x00,0x00,0xcc,0x00,0x00,
 0xcc,0x00,0x00,0xcc,0x00,0x00,0xcc,0x00,
 0x00,0xcc,0x00,0x00,0xcc,0x00,0x00,0xcc,
 0x00,0x00,0xcc,0x00,0x00,0xcc,0x00,0x00,
 0x00,0x00,0x00,0x99,0x00,0x00,0x99,0x00,
 0x00,0x99,0x00,0x00,0x99,0x00,0x00,0x99,
 0x00,0x00,0x99,0x00,0x00,0x99,0x00,0x00,
 0x99,0x00,0x00,0x99,0x00,0x00,0x00,0x00,
 0x00,0x66,0x00,0x00,0x66,0x00,0x00,0x66,
 0x00,0x00,0x66,0x00,0x00,0x66,0x00,0x00,
 0x66,0x00,0x00,0x66,0x00,0x00,0x66,0x00,
 0x00,0x66,0x00,0x00,0x00,0x00,0x00,0x33,
 0x00,0x00,0x33,0x00,0x00,0x33,0x00,0x00,
 0x33,0x00,0x00,0x33,0x00,0x00,0x33,0x00,
 0x00,0x33,0x00,0x00,0x33,0x00,0x00,0x33,
 0x00,0x00,0x00,0x00,0x00,0x00,0x00,0x00,
 0x00,0x00,0x00,0x00,0x00,0x00,0x00,0x00,
 0x00,0x00,0x00,0x00,0x00,0x00,0x00,0x00,
 0x00,0x00,0x00,0x00,0x00,0x00,0x00,0x00,
 0x00,0x00,0x00,0x00,0x00,0x00,0x00,0x00,
 0x00,0xff,0xff,0xff,0xff,0xff,0xff,0xff,
 0xff,0xff,0xff,0xff,0xff,0xff,0xff,0xff,
 0xff,0xff,0xff,0xff,0xff,0xff,0xff,0xff,
 0xff,0xff,0xff,0xff,0x00,0x00,0x00,0xff,
 0x00,0xcc,0xff,0x00,0xcc,0xff,0x00,0xcc,
 0xff,0x00,0xcc,0xff,0x00,0xcc,0xff,0x00,
 0xcc,0xff,0x00,0xcc,0xff,0x00,0xcc,0xff,
 0x00,0xcc,0x00,0x00,0x00,0xcc,0x00,0xcc,
 0xcc,0x00,0xcc,0xcc,0x00,0xcc,0xcc,0x00,
 0xcc,0xcc,0x00,0xcc,0xcc,0x00,0xcc,0xcc,
 0x00,0xcc,0xcc,0x00,0xcc,0xcc,0x00,0xcc,
 0x00,0x00,0x00,0x99,0x00,0xcc,0x99,0x00,
 0xcc,0x99,0x00,0xcc,0x99,0x00,0xcc,0x99,
 0x00,0xcc,0x99,0x00,0xcc,0x99,0x00,0xcc,
 0x99,0x00,0xcc,0x99,0x00,0xcc,0x00,0x00,
 0x00,0x66,0x00,0xcc,0x66,0x00,0xcc,0x66,
 0x00,0xcc,0x66,0x00,0xcc,0x66,0x00,0xcc,
 0x66,0x00,0xcc,0x66,0x00,0xcc,0x66,0x00,
 0xcc,0x66,0x00,0xcc,0x00,0x00,0x00,0x33,
 0x00,0xcc,0x33,0x00,0xcc,0x33,0x00,0xcc,
 0x33,0x00,0xcc,0x33,0x00,0xcc,0x33,0x00,
 0xcc,0x33,0x00,0xcc,0x33,0x00,0xcc,0x33,
 0x00,0xcc,0x00,0x00,0x00,0x00,0x00,0xcc,
 0x00,0x00,0xcc,0x00,0x00,0xcc,0x00,0x00,
 0xcc,0x00,0x00,0xcc,0x00,0x00,0xcc,0x00,
 0x00,0xcc,0x00,0x00,0xcc,0x00,0x00,0xcc,
 0x00,0x00,0x00,0x00,0x00,0x66,0x00,0x00,
 0x66,0x00,0x00,0x66,0x00,0x00,0x66,0x00,
 0x00,0x66,0x00,0x00,0x66,0x00,0x00,0x66,
 0x00,0x00,0x66,0x00,0x00,0x66,0x00,0x00,
 0x00,0x33,0x00,0x66,0x33,0x00,0x66,0x33,
 0x00,0x66,0x33,0x00,0x66,0x33,0x00,0x66,
 0x33,0x00,0x66,0x33,0x00,0x66,0x33,0x00,
 0x66,0x33,0x00,0x66,0x00,0x00,0x00,0x66,
 0x00,0x66,0x66,0x00,0x66,0x66,0x00,0x66,
 0x66,0x00,0x66,0x66,0x00,0x66,0x66,0x00,
 0x66,0x66,0x00,0x66,0x66,0x00,0x66,0x66,
 0x00,0x66,0x00,0x00,0x00,0x99,0x00,0x66,
 0x99,0x00,0x66,0x99,0x00,0x66,0x99,0x00,
 0x66,0x99,0x00,0x66,0x99,0x00,0x66,0x99,
 0x00,0x66,0x99,0x00,0x66,0x99,0x00,0x66,
 0x00,0x00,0x00,0xcc,0x00,0x66,0xcc,0x00,
 0x66,0xcc,0x00,0x66,0xcc,0x00,0x66,0xcc,
 0x00,0x66,0xcc,0x00,0x66,0xcc,0x00,0x66,
 0xcc,0x00,0x66,0xcc,0x00,0x66,0x00,0x00,
 0x00,0xff,0x00,0x66,0xff,0x00,0x66,0xff,
 0x00,0x66,0xff,0x00,0x66,0xff,0x00,0x66,
 0xff,0x00,0x66,0xff,0x00,0x66,0xff,0x00,
 0x66,0xff,0x00,0x66,0x00,0x00,0x00,0xff,
 0x00,0x00,0xff,0x00,0x00,0xff,0x00,0x00,
 0xff,0x00,0x00,0xff,0x00,0x00,0xff,0x00,
 0x00,0xff,0x00,0x00,0xff,0x00,0x00,0xff,
 0x00,0x00,0x00,0x00,0x00,0xcc,0x00,0x00,
 0xcc,0x00,0x00,0xcc,0x00,0x00,0xcc,0x00,
 0x00,0xcc,0x00,0x00,0xcc,0x00,0x00,0xcc,
 0x00,0x00,0xcc,0x00,0x00,0xcc,0x00,0x00,
 0x00,0x00,0x00,0x99,0x00,0x00,0x99,0x00,
 0x00,0x99,0x00,0x00,0x99,0x00,0x00,0x99,
 0x00,0x00,0x99,0x00,0x00,0x99,0x00,0x00,
 0x99,0x00,0x00,0x99,0x00,0x00,0x00,0x00,
 0x00,0x66,0x00,0x00,0x66,0x00,0x00,0x66,
 0x00,0x00,0x66,0x00,0x00,0x66,0x00,0x00,
 0x66,0x00,0x00,0x66,0x00,0x00,0x66,0x00,
 0x00,0x66,0x00,0x00,0x00,0x00,0x00,0x33,
 0x00,0x00,0x33,0x00,0x00,0x33,0x00,0x00,
 0x33,0x00,0x00,0x33,0x00,0x00,0x33,0x00,
 0x00,0x33,0x00,0x00,0x33,0x00,0x00,0x33,
 0x00,0x00,0x00,0x00,0x00,0x00,0x00,0x00,
 0x00,0x00,0x00,0x00,0x00,0x00,0x00,0x00,
 0x00,0x00,0x00,0x00,0x00,0x00,0x00,0x00,
 0x00,0x00,0x00,0x00,0x00,0x00,0x00,0x00,
 0x00,0x00,0x00,0x00,0x00,0x00,0x00,0x00,
 0x00,0xff,0xff,0xff,0xff,0xff,0xff,0xff,
 0xff,0xff,0xff,0xff,0xff,0xff,0xff,0xff,
 0xff,0xff,0xff,0xff,0xff,0xff,0xff,0xff,
 0xff,0xff,0xff,0xff,0x00,0x00,0x00,0xff,
 0x00,0xcc,0xff,0x00,0xcc,0xff,0x00,0xcc,
 0xff,0x00,0xcc,0xff,0x00,0xcc,0xff,0x00,
 0xcc,0xff,0x00,0xcc,0xff,0x00,0xcc,0xff,
 0x00,0xcc,0x00,0x00,0x00,0xcc,0x00,0xcc,
 0xcc,0x00,0xcc,0xcc,0x00,0xcc,0xcc,0x00,
 0xcc,0xcc,0x00,0xcc,0xcc,0x00,0xcc,0xcc,
 0x00,0xcc,0xcc,0x00,0xcc,0xcc,0x00,0xcc,
 0x00,0x00,0x00,0x99,0x00,0xcc,0x99,0x00,
 0xcc,0x99,0x00,0xcc,0x99,0x00,0xcc,0x99,
 0x00,0xcc,0x99,0x00,0xcc,0x99,0x00,0xcc,
 0x99,0x00,0xcc,0x99,0x00,0xcc,0x00,0x00,
 0x00,0x66,0x00,0xcc,0x66,0x00,0xcc,0x66,
 0x00,0xcc,0x66,0x00,0xcc,0x66,0x00,0xcc,
 0x66,0x00,0xcc,0x66,0x00,0xcc,0x66,0x00,
 0xcc,0x66,0x00,0xcc,0x00,0x00,0x00,0x33,
 0x00,0xcc,0x33,0x00,0xcc,0x33,0x00,0xcc,
 0x33,0x00,0xcc,0x33,0x00,0xcc,0x33,0x00,
 0xcc,0x33,0x00,0xcc,0x33,0x00,0xcc,0x33,
 0x00,0xcc,0x00,0x00,0x00,0x00,0x00,0xcc,
 0x00,0x00,0xcc,0x00,0x00,0xcc,0x00,0x00,
 0xcc,0x00,0x00,0xcc,0x00,0x00,0xcc,0x00,
 0x00,0xcc,0x00,0x00,0xcc,0x00,0x00,0xcc,
 0x00,0x00,0x00,0x00,0x00,0x66,0x00,0x00,
 0x66,0x00,0x00,0x66,0x00,0x00,0x66,0x00,
 0x00,0x66,0x00,0x00,0x66,0x00,0x00,0x66,
 0x00,0x00,0x66,0x00,0x00,0x66,0x00,0x00,
 0x00,0x33,0x00,0x66,0x33,0x00,0x66,0x33,
 0x00,0x66,0x33,0x00,0x66,0x33,0x00,0x66,
 0x33,0x00,0x66,0x33,0x00,0x66,0x33,0x00,
 0x66,0x33,0x00,0x66,0x00,0x00,0x00,0x66,
 0x00,0x66,0x66,0x00,0x66,0x66,0x00,0x66,
 0x66,0x00,0x66,0x66,0x00,0x66,0x66,0x00,
 0x66,0x66,0x00,0x66,0x66,0x00,0x66,0x66,
 0x00,0x66,0x00,0x00,0x00,0x99,0x00,0x66,
 0x99,0x00,0x66,0x99,0x00,0x66,0x99,0x00,
 0x66,0x99,0x00,0x66,0x99,0x00,0x66,0x99,
 0x00,0x66,0x99,0x00,0x66,0x99,0x00,0x66,
 0x00,0x00,0x00,0xcc,0x00,0x66,0xcc,0x00,
 0x66,0xcc,0x00,0x66,0xcc,0x00,0x66,0xcc,
 0x00,0x66,0xcc,0x00,0x66,0xcc,0x00,0x66,
 0xcc,0x00,0x66,0xcc,0x00,0x66,0x00,0x00,
 0x00,0xff,0x00,0x66,0xff,0x00,0x66,0xff,
 0x00,0x66,0xff,0x00,0x66,0xff,0x00,0x66,
 0xff,0x00,0x66,0xff,0x00,0x66,0xff,0x00,
 0x66,0xff,0x00,0x66,0x00,0x00,0x00,0xff,
 0x00,0x00,0xff,0x00,0x00,0xff,0x00,0x00,
 0xff,0x00,0x00,0xff,0x00,0x00,0xff,0x00,
 0x00,0xff,0x00,0x00,0xff,0x00,0x00,0xff,
 0x00,0x00,0x00,0x00,0x00,0xcc,0x00,0x00,
 0xcc,0x00,0x00,0xcc,0x00,0x00,0xcc,0x00,
 0x00,0xcc,0x00,0x00,0xcc,0x00,0x00,0xcc,
 0x00,0x00,0xcc,0x00,0x00,0xcc,0x00,0x00,
 0x00,0x00,0x00,0x99,0x00,0x00,0x99,0x00,
 0x00,0x99,0x00,0x00,0x99,0x00,0x00,0x99,
 0x00,0x00,0x99,0x00,0x00,0x99,0x00,0x00,
 0x99,0x00,0x00,0x99,0x00,0x00,0x00,0x00,
 0x00,0x66,0x00,0x00,0x66,0x00,0x00,0x66,
 0x00,0x00,0x66,0x00,0x00,0x66,0x00,0x00,
 0x66,0x00,0x00,0x66,0x00,0x00,0x66,0x00,
 0x00,0x66,0x00,0x00,0x00,0x00,0x00,0x33,
 0x00,0x00,0x33,0x00,0x00,0x33,0x00,0x00,
 0x33,0x00,0x00,0x33,0x00,0x00,0x33,0x00,
 0x00,0x33,0x00,0x00,0x33,0x00,0x00,0x33,
 0x00,0x00,0x00,0x00,0x00,0x00,0x00,0x00,
 0x00,0x00,0x00,0x00,0x00,0x00,0x00,0x00,
 0x00,0x00,0x00,0x00,0x00,0x00,0x00,0x00,
 0x00,0x00,0x00,0x00,0x00,0x00,0x00,0x00,
 0x00,0x00,0x00,0x00,0x00,0x00,0x00,0x00,
 0x00,0xff,0xff,0xff,0xff,0xff,0xff,0xff,
 0xff,0xff,0xff,0xff,0xff,0xff,0xff,0xff,
 0xff,0xff,0xff,0xff,0xff,0xff,0xff,0xff,
 0xff,0xff,0xff,0xff,0x00,0x00,0x00,0xff,
 0x00,0xcc,0xff,0x00,0xcc,0xff,0x00,0xcc,
 0xff,0x00,0xcc,0xff,0x00,0xcc,0xff,0x00,
 0xcc,0xff,0x00,0xcc,0xff,0x00,0xcc,0xff,
 0x00,0xcc,0x00,0x00,0x00,0xcc,0x00,0xcc,
 0xcc,0x00,0xcc,0xcc,0x00,0xcc,0xcc,0x00,
 0xcc,0xcc,0x00,0xcc,0xcc,0x00,0xcc,0xcc,
 0x00,0xcc,0xcc,0x00,0xcc,0xcc,0x00,0xcc,
 0x00,0x00,0x00,0x99,0x00,0xcc,0x99,0x00,
 0xcc,0x99,0x00,0xcc,0x99,0x00,0xcc,0x99,
 0x00,0xcc,0x99,0x00,0xcc,0x99,0x00,0xcc,
 0x99,0x00,0xcc,0x99,0x00,0xcc,0x00,0x00,
 0x00,0x66,0x00,0xcc,0x66,0x00,0xcc,0x66,
 0x00,0xcc,0x66,0x00,0xcc,0x66,0x00,0xcc,
 0x66,0x00,0xcc,0x66,0x00,0xcc,0x66,0x00,
 0xcc,0x66,0x00,0xcc,0x00,0x00,0x00,0x33,
 0x00,0xcc,0x33,0x00,0xcc,0x33,0x00,0xcc,
 0x33,0x00,0xcc,0x33,0x00,0xcc,0x33,0x00,
 0xcc,0x33,0x00,0xcc,0x33,0x00,0xcc,0x33,
 0x00,0xcc,0x00,0x00,0x00,0x00,0x00,0xcc,
 0x00,0x00,0xcc,0x00,0x00,0xcc,0x00,0x00,
 0xcc,0x00,0x00,0xcc,0x00,0x00,0xcc,0x00,
 0x00,0xcc,0x00,0x00,0xcc,0x00,0x00,0xcc,
 0x00,0x00,0x00,0x00,0x00,0x66,0x00,0x00,
 0x66,0x00,0x00,0x66,0x00,0x00,0x66,0x00,
 0x00,0x66,0x00,0x00,0x66,0x00,0x00,0x66,
 0x00,0x00,0x66,0x00,0x00,0x66,0x00,0x00,
 0x00,0x33,0x00,0x66,0x33,0x00,0x66,0x33,
 0x00,0x66,0x33,0x00,0x66,0x33,0x00,0x66,
 0x33,0x00,0x66,0x33,0x00,0x66,0x33,0x00,
 0x66,0x33,0x00,0x66,0x00,0x00,0x00,0x66,
 0x00,0x66,0x66,0x00,0x66,0x66,0x00,0x66,
 0x66,0x00,0x66,0x66,0x00,0x66,0x66,0x00,
 0x66,0x66,0x00,0x66,0x66,0x00,0x66,0x66,
 0x00,0x66,0x00,0x00,0x00,0x99,0x00,0x66,
 0x99,0x00,0x66,0x99,0x00,0x66,0x99,0x00,
 0x66,0x99,0x00,0x66,0x99,0x00,0x66,0x99,
 0x00,0x66,0x99,0x00,0x66,0x99,0x00,0x66,
 0x00,0x00,0x00,0xcc,0x00,0x66,0xcc,0x00,
 0x66,0xcc,0x00,0x66,0xcc,0x00,0x66,0xcc,
 0x00,0x66,0xcc,0x00,0x66,0xcc,0x00,0x66,
 0xcc,0x00,0x66,0xcc,0x00,0x66,0x00,0x00,
 0x00,0xff,0x00,0x66,0xff,0x00,0x66,0xff,
 0x00,0x66,0xff,0x00,0x66,0xff,0x00,0x66,
 0xff,0x00,0x66,0xff,0x00,0x66,0xff,0x00,
 0x66,0xff,0x00,0x66,0x00,0x00,0x00,0xff,
 0x00,0x00,0xff,0x00,0x00,0xff,0x00,0x00,
 0xff,0x00,0x00,0xff,0x00,0x00,0xff,0x00,
 0x00,0xff,0x00,0x00,0xff,0x00,0x00,0xff,
 0x00,0x00,0x00,0x00,0x00,0xcc,0x00,0x00,
 0xcc,0x00,0x00,0xcc,0x00,0x00,0xcc,0x00,
 0x00,0xcc,0x00,0x00,0xcc,0x00,0x00,0xcc,
 0x00,0x00,0xcc,0x00,0x00,0xcc,0x00,0x00,
 0x00,0x00,0x00,0x99,0x00,0x00,0x99,0x00,
 0x00,0x99,0x00,0x00,0x99,0x00,0x00,0x99,
 0x00,0x00,0x99,0x00,0x00,0x99,0x00,0x00,
 0x99,0x00,0x00,0x99,0x00,0x00,0x00,0x00,
 0x00,0x66,0x00,0x00,0x66,0x00,0x00,0x66,
 0x00,0x00,0x66,0x00,0x00,0x66,0x00,0x00,
 0x66,0x00,0x00,0x66,0x00,0x00,0x66,0x00,
 0x00,0x66,0x00,0x00,0x00,0x00,0x00,0x33,
 0x00,0x00,0x33,0x00,0x00,0x33,0x00,0x00,
 0x33,0x00,0x00,0x33,0x00,0x00,0x33,0x00,
 0x00,0x33,0x00,0x00,0x33,0x00,0x00,0x33,
 0x00,0x00,0x00,0x00,0x00,0x00,0x00,0x00,
 0x00,0x00,0x00,0x00,0x00,0x00,0x00,0x00,
 0x00,0x00,0x00,0x00,0x00,0x00,0x00,0x00,
 0x00,0x00,0x00,0x00,0x00,0x00,0x00,0x00,
 0x00,0x00,0x00,0x00,0x00,0x00,0x00,0x00,
 0x00,0xff,0xff,0xff,0xff,0xff,0xff,0xff,
 0xff,0xff,0xff,0xff,0xff,0xff,0xff,0xff,
 0xff,0xff,0xff,0xff,0xff,0xff,0xff,0xff,
 0xff,0xff,0xff,0xff,0x00,0x00,0x00,0xff,
 0x00,0xcc,0xff,0x00,0xcc,0xff,0x00,0xcc,
 0xff,0x00,0xcc,0xff,0x00,0xcc,0xff,0x00,
 0xcc,0xff,0x00,0xcc,0xff,0x00,0xcc,0xff,
 0x00,0xcc,0x00,0x00,0x00,0xcc,0x00,0xcc,
 0xcc,0x00,0xcc,0xcc,0x00,0xcc,0xcc,0x00,
 0xcc,0xcc,0x00,0xcc,0xcc,0x00,0xcc,0xcc,
 0x00,0xcc,0xcc,0x00,0xcc,0xcc,0x00,0xcc,
 0x00,0x00,0x00,0x99,0x00,0xcc,0x99,0x00,
 0xcc,0x99,0x00,0xcc,0x99,0x00,0xcc,0x99,
 0x00,0xcc,0x99,0x00,0xcc,0x99,0x00,0xcc,
 0x99,0x00,0xcc,0x99,0x00,0xcc,0x00,0x00,
 0x00,0x66,0x00,0xcc,0x66,0x00,0xcc,0x66,
 0x00,0xcc,0x66,0x00,0xcc,0x66,0x00,0xcc,
 0x66,0x00,0xcc,0x66,0x00,0xcc,0x66,0x00,
 0xcc,0x66,0x00,0xcc,0x00,0x00,0x00,0x33,
 0x00,0xcc,0x33,0x00,0xcc,0x33,0x00,0xcc,
 0x33,0x00,0xcc,0x33,0x00,0xcc,0x33,0x00,
 0xcc,0x33,0x00,0xcc,0x33,0x00,0xcc,0x33,
 0x00,0xcc,0x00,0x00,0x00,0x00,0x00,0xcc,
 0x00,0x00,0xcc,0x00,0x00,0xcc,0x00,0x00,
 0xcc,0x00,0x00,0xcc,0x00,0x00,0xcc,0x00,
 0x00,0xcc,0x00,0x00,0xcc,0x00,0x00,0xcc,
 0x00,0x00,0x00,0x00,0x00,0x66,0x00,0x00,
 0x66,0x00,0x00,0x66,0x00,0x00,0x66,0x00,
 0x00,0x66,0x00,0x00,0x66,0x00,0x00,0x66,
 0x00,0x00,0x66,0x00,0x00,0x66,0x00,0x00,
 0x00,0x33,0x00,0x66,0x33,0x00,0x66,0x33,
 0x00,0x66,0x33,0x00,0x66,0x33,0x00,0x66,
 0x33,0x00,0x66,0x33,0x00,0x66,0x33,0x00,
 0x66,0x33,0x00,0x66,0x00,0x00,0x00,0x66,
 0x00,0x66,0x66,0x00,0x66,0x66,0x00,0x66,
 0x66,0x00,0x66,0x66,0x00,0x66,0x66,0x00,
 0x66,0x66,0x00,0x66,0x66,0x00,0x66,0x66,
 0x00,0x66,0x00,0x00,0x00,0x99,0x00,0x66,
 0x99,0x00,0x66,0x99,0x00,0x66,0x99,0x00,
 0x66,0x99,0x00,0x66,0x99,0x00,0x66,0x99,
 0x00,0x66,0x99,0x00,0x66,0x99,0x00,0x66,
 0x00,0x00,0x00,0xcc,0x00,0x66,0xcc,0x00,
 0x66,0xcc,0x00,0x66,0xcc,0x00,0x66,0xcc,
 0x00,0x66,0xcc,0x00,0x66,0xcc,0x00,0x66,
 0xcc,0x00,0x66,0xcc,0x00,0x66,0x00,0x00,
 0x00,0xff,0x00,0x66,0xff,0x00,0x66,0xff,
 0x00,0x66,0xff,0x00,0x66,0xff,0x00,0x66,
 0xff,0x00,0x66,0xff,0x00,0x66,0xff,0x00,
 0x66,0xff,0x00,0x66,0x00,0x00,0x00,0xff,
 0x00,0x00,0xff,0x00,0x00,0xff,0x00,0x00,
 0xff,0x00,0x00,0xff,0x00,0x00,0xff,0x00,
 0x00,0xff,0x00,0x00,0xff,0x00,0x00,0xff,
 0x00,0x00,0x00,0x00,0x00,0xcc,0x00,0x00,
 0xcc,0x00,0x00,0xcc,0x00,0x00,0xcc,0x00,
 0x00,0xcc,0x00,0x00,0xcc,0x00,0x00,0xcc,
 0x00,0x00,0xcc,0x00,0x00,0xcc,0x00,0x00,
 0x00,0x00,0x00,0x99,0x00,0x00,0x99,0x00,
 0x00,0x99,0x00,0x00,0x99,0x00,0x00,0x99,
 0x00,0x00,0x99,0x00,0x00,0x99,0x00,0x00,
 0x99,0x00,0x00,0x99,0x00,0x00,0x00,0x00,
 0x00,0x66,0x00,0x00,0x66,0x00,0x00,0x66,
 0x00,0x00,0x66,0x00,0x00,0x66,0x00,0x00,
 0x66,0x00,0x00,0x66,0x00,0x00,0x66,0x00,
 0x00,0x66,0x00,0x00,0x00,0x00,0x00,0x33,
 0x00,0x00,0x33,0x00,0x00,0x33,0x00,0x00,
 0x33,0x00,0x00,0x33,0x00,0x00,0x33,0x00,
 0x00,0x33,0x00,0x00,0x33,0x00,0x00,0x33,
 0x00,0x00,0x00,0x00,0x00,0x00,0x00,0x00,
 0x00,0x00,0x00,0x00,0x00,0x00,0x00,0x00,
 0x00,0x00,0x00,0x00,0x00,0x00,0x00,0x00,
 0x00,0x00,0x00,0x00,0x00,0x00,0x00,0x00,
 0x00,0x00,0x00,0x00,0x00,0x00,0x00,0x00,
 0x00,0xff,0xff,0xff,0xff,0xff,0xff,0xff,
 0xff,0xff,0xff,0xff,0xff,0xff,0xff,0xff,
 0xff,0xff,0xff,0xff,0xff,0xff,0xff,0xff,
 0xff,0xff,0xff,0xff,0x00,0x00,0x00,0xff,
 0x00,0xcc,0xff,0x00,0xcc,0xff,0x00,0xcc,
 0xff,0x00,0xcc,0xff,0x00,0xcc,0xff,0x00,
 0xcc,0xff,0x00,0xcc,0xff,0x00,0xcc,0xff,
 0x00,0xcc,0x00,0x00,0x00,0xcc,0x00,0xcc,
 0xcc,0x00,0xcc,0xcc,0x00,0xcc,0xcc,0x00,
 0xcc,0xcc,0x00,0xcc,0xcc,0x00,0xcc,0xcc,
 0x00,0xcc,0xcc,0x00,0xcc,0xcc,0x00,0xcc,
 0x00,0x00,0x00,0x99,0x00,0xcc,0x99,0x00,
 0xcc,0x99,0x00,0xcc,0x99,0x00,0xcc,0x99,
 0x00,0xcc,0x99,0x00,0xcc,0x99,0x00,0xcc,
 0x99,0x00,0xcc,0x99,0x00,0xcc,0x00,0x00,
 0x00,0x66,0x00,0xcc,0x66,0x00,0xcc,0x66,
 0x00,0xcc,0x66,0x00,0xcc,0x66,0x00,0xcc,
 0x66,0x00,0xcc,0x66,0x00,0xcc,0x66,0x00,
 0xcc,0x66,0x00,0xcc,0x00,0x00,0x00,0x33,
 0x00,0xcc,0x33,0x00,0xcc,0x33,0x00,0xcc,
 0x33,0x00,0xcc,0x33,0x00,0xcc,0x33,0x00,
 0xcc,0x33,0x00,0xcc,0x33,0x00,0xcc,0x33,
 0x00,0xcc,0x00,0x00,0x00,0x00,0x00,0xcc,
 0x00,0x00,0xcc,0x00,0x00,0xcc,0x00,0x00,
 0xcc,0x00,0x00,0xcc,0x00,0x00,0xcc,0x00,
 0x00,0xcc,0x00,0x00,0xcc,0x00,0x00,0xcc,
 0x00,0x00,0x00,0x00,0x00,0x66,0x00,0x00,
 0x66,0x00,0x00,0x66,0x00,0x00,0x66,0x00,
 0x00,0x66,0x00,0x00,0x66,0x00,0x00,0x66,
 0x00,0x00,0x66,0x00,0x00,0x66,0x00,0x00,
 0x00,0x33,0x00,0x66,0x33,0x00,0x66,0x33,
 0x00,0x66,0x33,0x00,0x66,0x33,0x00,0x66,
 0x33,0x00,0x66,0x33,0x00,0x66,0x33,0x00,
 0x66,0x33,0x00,0x66,0x00,0x00,0x00,0x66,
 0x00,0x66,0x66,0x00,0x66,0x66,0x00,0x66,
 0x66,0x00,0x66,0x66,0x00,0x66,0x66,0x00,
 0x66,0x66,0x00,0x66,0x66,0x00,0x66,0x66,
 0x00,0x66,0x00,0x00,0x00,0x99,0x00,0x66,
 0x99,0x00,0x66,0x99,0x00,0x66,0x99,0x00,
 0x66,0x99,0x00,0x66,0x99,0x00,0x66,0x99,
 0x00,0x66,0x99,0x00,0x66,0x99,0x00,0x66,
 0x00,0x00,0x00,0xcc,0x00,0x66,0xcc,0x00,
 0x66,0xcc,0x00,0x66,0xcc,0x00,0x66,0xcc,
 0x00,0x66,0xcc,0x00,0x66,0xcc,0x00,0x66,
 0xcc,0x00,0x66,0xcc,0x00,0x66,0x00,0x00,
 0x00,0xff,0x00,0x66,0xff,0x00,0x66,0xff,
 0x00,0x66,0xff,0x00,0x66,0xff,0x00,0x66,
 0xff,0x00,0x66,0xff,0x00,0x66,0xff,0x00,
 0x66,0xff,0x00,0x66,0x00,0x00,0x00,0xff,
 0x00,0x00,0xff,0x00,0x00,0xff,0x00,0x00,
 0xff,0x00,0x00,0xff,0x00,0x00,0xff,0x00,
 0x00,0xff,0x00,0x00,0xff,0x00,0x00,0xff,
 0x00,0x00,0x00,0x00,0x00,0xcc,0x00,0x00,
 0xcc,0x00,0x00,0xcc,0x00,0x00,0xcc,0x00,
 0x00,0xcc,0x00,0x00,0xcc,0x00,0x00,0xcc,
 0x00,0x00,0xcc,0x00,0x00,0xcc,0x00,0x00,
 0x00,0x00,0x00,0x99,0x00,0x00,0x99,0x00,
 0x00,0x99,0x00,0x00,0x99,0x00,0x00,0x99,
 0x00,0x00,0x99,0x00,0x00,0x99,0x00,0x00,
 0x99,0x00,0x00,0x99,0x00,0x00,0x00,0x00,
 0x00,0x66,0x00,0x00,0x66,0x00,0x00,0x66,
 0x00,0x00,0x66,0x00,0x00,0x66,0x00,0x00,
 0x66,0x00,0x00,0x66,0x00,0x00,0x66,0x00,
 0x00,0x66,0x00,0x00,0x00,0x00,0x00,0x33,
 0x00,0x00,0x33,0x00,0x00,0x33,0x00,0x00,
 0x33,0x00,0x00,0x33,0x00,0x00,0x33,0x00,
 0x00,0x33,0x00,0x00,0x33,0x00,0x00,0x33,
 0x00,0x00,0x00,0x00,0x00,0x00,0x00,0x00,
 0x00,0x00,0x00,0x00,0x00,0x00,0x00,0x00,
 0x00,0x00,0x00,0x00,0x00,0x00,0x00,0x00,
 0x00,0x00,0x00,0x00,0x00,0x00,0x00,0x00,
 0x00,0x00,0x00,0x00,0x00,0x00,0x00,0x00,
 0x00,0x00,0x00,0x00,0x00,0x00,0x00,0x00,
 0x00,0x00,0x00,0x00,0x00,0x00,0x00,0x00,
 0x00,0x00,0x00,0x00,0x00,0x00,0x00,0x00,
 0x00,0x00,0x00,0x00,0x00,0x00,0x00,0x00,
 0x00,0x00,0x00,0x00,0x00,0x00,0x00,0x00,
 0x00,0x00,0x00,0x00,0x00,0x00,0x00,0x00,
 0x00,0x00,0x00,0x00,0x00,0x00,0x00,0x00,
 0x00,0x00,0x00,0x00,0x00,0x00,0x00,0x00,
 0x00,0x00,0x00,0x00,0x00,0x00,0x00,0x00,
 0x00,0x00,0x00,0x00,0x00,0x00,0x00,0x00,
 0x00,0x00,0x00,0x00,0x00,0x00,0x00,0x00,
 0x00,0x00,0x00,0x00,0x00,0x00,0x00,0x00,
 0x00,0x00,0x00,0x00,0x00,0x00,0x00,0x00,
 0x00,0x00,0x00,0x00,0x00,0x00,0x00,0x00,
 0x00,0x00,0x00,0x00,0x00,0x00,0x00,0x00,
 0x00,0x00,0x00,0x00,0x00,0x00,0x00,0x00,
 0x00,0x00,0x00,0x00,0x00,0x00,0x00,0x00,
 0x00,0x00,0x00,0x00,0x00,0x00,0x00,0x00,
 0x00,0x00,0x00,0x00,0x00,0x00,0x00,0x00,
 0x00,0x00,0x00,0x00,0x00,0x00,0x00,0x00,
 0x00,0x00,0x00,0x00,0x00,0x00,0x00,0x00,
 0x00,0x00,0x00,0x00,0x00,0x00,0x00,0x00,
 0x00,0x00,0x00,0x00,0x00,0x00,0x00,0x00,
 0x00,0x00,0x00,0x00,0x00,0x00,0x00,0x00,
 0x00,0x00,0x00,0x00,0x00,0x00,0x00,0x00,
 0x00,0x00,0x00,0x00,0x00,0x00,0x00,0x00,
 0x00,0x00,0x00,0x00,0x00,0x00,0x00,0x00,
 0x00,0x00,0x00,0x00,0x00,0x00,0x00,0x00,
 0x00,0x00,0x00,0x00,0x00,0x00,0x00,0x00,
 0x00,0x00,0x00,0x00,0x00,0x00,0x00,0x00,
 0x00,0x00,0x00,0x00,0x00,0x00,0x00,0x00,
 0x00,0x00,0x00,0x00,0x00,0x00,0x00,0x00,
 0x00,0x00,0x00,0x00,0x00,0x00,0x00,0x00,
 0x00,0x00,0x00,0x00,0x00,0x00,0x00,0x00,
 0x00,0x00,0x00,0x00,0x00,0x00,0x00,0x00,
 0x00,0x00,0x00,0x00,0x00,0x00,0x00,0x00,
 0x00,0x00,0x00,0x00,0x00,0x00,0x00,0x00,
 0x00,0x00,0x00,0x00,0x00,0x00,0x00,0x00,
 0x00,0x00,0x00,0x00,0x00,0x00,0x00,0x00,
 0x00,0x00,0x00,0x00,0x00,0x00,0x00,0x00,
 0x00,0x00,0x00,0x00,0x00,0x00,0x00,0x00,
 0x00,0x00,0x00,0x00,0x00,0x00,0x00,0x00,
 0x00,0x00,0x00,0x00,0x00,0x00,0x00,0x00,
 0x00,0x00,0x00,0x00,0x00,0x00,0x00,0x00,
 0x00,0x00,0x00,0x00,0x00,0x00,0x00,0x00,
 0x00,0x00,0x00,0x00,0x00,0x00,0x00,0x00,
 0x00,0x00,0x00,0x00,0x00,0x00,0x00,0x00,
 0x00,0x00,0x00,0x00,0x00,0x00,0x00,0x00,
 0x00,0x00,0x00,0x00,0x00,0x00,0x00,0x00,
 0x00,0x00,0x00,0x00,0x00,0x00,0x00,0x00,
 0x00,0x00,0x00,0x00,0x00,0x00,0x00,0x00,
 0x00,0x00,0x00,0x00,0x00,0x00,0x00,0x00,
 0x00,0x00,0x00,0x00,0x00,0x00,0x00,0x00,
 0x00,0x00,0x00,0x00,0x00,0x00,0x00,0x00,
 0x00,0x00,0x00,0x00,0x00,0x00,0x00,0x00,
 0x00,0x00,0x00,0x00,0x00,0x00,0x00,0x00,
 0x00,0x00,0x00,0x00,0x00,0x00,0x00,0x00,
 0x00,0x00,0x00,0x00,0x00,0x00,0x00,0x00,
 0x00,0x00,0x00,0x00,0x00,0x00,0x00,0x00,
 0x00,0x00,0x00,0x00,0x00,0x00,0x00,0x00,
 0x00,0x00,0x00,0x00,0x00,0x00,0x00,0x00,
 0x00,0x00,0x00,0x00,0x00,0x00,0x00,0x00,
 0x00,0x00,0x00,0x00,0x00,0x00,0x00,0x00,
 0x00,0x00,0x00,0x00,0x00,0x00,0x00,0x00,
 0x00,0x00,0x00,0x00,0x00,0x00,0x00,0x00,
 0x00,0x00,0x00,0x00,0x00,0x00,0x00,0x00,
 0x00,0x00,0x00,0x00,0x00,0x00,0x00,0x00,
 0x00,0x00,0x00,0x00,0x00,0x00,0x00,0x00,
 0x00,0x00,0x00,0x00,0x00,0x00,0x00,0x00,
 0x00,0x00,0x00,0x00,0x00,0x00,0x00,0x00,
 0x00,0x00,0x00,0x00,0x00,0x00,0x00,0x00,
 0x00,0x00,0x00,0x00,0x00,0x00,0x00,0x00,
 0x00,0xcc,0xcc,0xcc,0xcc,0xcc,0xcc,0xcc,
 0xcc,0xcc,0xcc,0xcc,0xcc,0xcc,0xcc,0xcc,
 0xcc,0xcc,0xcc,0xcc,0xcc,0xcc,0xcc,0xcc,
 0xcc,0xcc,0xcc,0xcc,0x00,0x00,0x00,0xff,
 0x33,0xcc,0xff,0x33,0xcc,0xff,0x33,0xcc,
 0xff,0x33,0xcc,0xff,0x33,0xcc,0xff,0x33,
 0xcc,0xff,0x33,0xcc,0xff,0x33,0xcc,0xff,
 0x33,0xcc,0x00,0x00,0x00,0xcc,0x33,0xcc,
 0xcc,0x33,0xcc,0xcc,0x33,0xcc,0xcc,0x33,
 0xcc,0xcc,0x33,0xcc,0xcc,0x33,0xcc,0xcc,
 0x33,0xcc,0xcc,0x33,0xcc,0xcc,0x33,0xcc,
 0x00,0x00,0x00,0x99,0x33,0xcc,0x99,0x33,
 0xcc,0x99,0x33,0xcc,0x99,0x33,0xcc,0x99,
 0x33,0xcc,0x99,0x33,0xcc,0x99,0x33,0xcc,
 0x99,0x33,0xcc,0x99,0x33,0xcc,0x00,0x00,
 0x00,0x66,0x33,0xcc,0x66,0x33,0xcc,0x66,
 0x33,0xcc,0x66,0x33,0xcc,0x66,0x33,0xcc,
 0x66,0x33,0xcc,0x66,0x33,0xcc,0x66,0x33,
 0xcc,0x66,0x33,0xcc,0x00,0x00,0x00,0x33,
 0x33,0xcc,0x33,0x33,0xcc,0x33,0x33,0xcc,
 0x33,0x33,0xcc,0x33,0x33,0xcc,0x33,0x33,
 0xcc,0x33,0x33,0xcc,0x33,0x33,0xcc,0x33,
 0x33,0xcc,0x00,0x00,0x00,0x00,0x33,0xcc,
 0x00,0x33,0xcc,0x00,0x33,0xcc,0x00,0x33,
 0xcc,0x00,0x33,0xcc,0x00,0x33,0xcc,0x00,
 0x33,0xcc,0x00,0x33,0xcc,0x00,0x33,0xcc,
 0x00,0x00,0x00,0x00,0x33,0x66,0x00,0x33,
 0x66,0x00,0x33,0x66,0x00,0x33,0x66,0x00,
 0x33,0x66,0x00,0x33,0x66,0x00,0x33,0x66,
 0x00,0x33,0x66,0x00,0x33,0x66,0x00,0x00,
 0x00,0x33,0x33,0x66,0x33,0x33,0x66,0x33,
 0x33,0x66,0x33,0x33,0x66,0x33,0x33,0x66,
 0x33,0x33,0x66,0x33,0x33,0x66,0x33,0x33,
 0x66,0x33,0x33,0x66,0x00,0x00,0x00,0x66,
 0x33,0x66,0x66,0x33,0x66,0x66,0x33,0x66,
 0x66,0x33,0x66,0x66,0x33,0x66,0x66,0x33,
 0x66,0x66,0x33,0x66,0x66,0x33,0x66,0x66,
 0x33,0x66,0x00,0x00,0x00,0x99,0x33,0x66,
 0x99,0x33,0x66,0x99,0x33,0x66,0x99,0x33,
 0x66,0x99,0x33,0x66,0x99,0x33,0x66,0x99,
 0x33,0x66,0x99,0x33,0x66,0x99,0x33,0x66,
 0x00,0x00,0x00,0xcc,0x33,0x66,0xcc,0x33,
 0x66,0xcc,0x33,0x66,0xcc,0x33,0x66,0xcc,
 0x33,0x66,0xcc,0x33,0x66,0xcc,0x33,0x66,
 0xcc,0x33,0x66,0xcc,0x33,0x66,0x00,0x00,
 0x00,0xff,0x33,0x66,0xff,0x33,0x66,0xff,
 0x33,0x66,0xff,0x33,0x66,0xff,0x33,0x66,
 0xff,0x33,0x66,0xff,0x33,0x66,0xff,0x33,
 0x66,0xff,0x33,0x66,0x00,0x00,0x00,0xff,
 0x33,0x00,0xff,0x33,0x00,0xff,0x33,0x00,
 0xff,0x33,0x00,0xff,0x33,0x00,0xff,0x33,
 0x00,0xff,0x33,0x00,0xff,0x33,0x00,0xff,
 0x33,0x00,0x00,0x00,0x00,0xcc,0x33,0x00,
 0xcc,0x33,0x00,0xcc,0x33,0x00,0xcc,0x33,
 0x00,0xcc,0x33,0x00,0xcc,0x33,0x00,0xcc,
 0x33,0x00,0xcc,0x33,0x00,0xcc,0x33,0x00,
 0x00,0x00,0x00,0x99,0x33,0x00,0x99,0x33,
 0x00,0x99,0x33,0x00,0x99,0x33,0x00,0x99,
 0x33,0x00,0x99,0x33,0x00,0x99,0x33,0x00,
 0x99,0x33,0x00,0x99,0x33,0x00,0x00,0x00,
 0x00,0x66,0x33,0x00,0x66,0x33,0x00,0x66,
 0x33,0x00,0x66,0x33,0x00,0x66,0x33,0x00,
 0x66,0x33,0x00,0x66,0x33,0x00,0x66,0x33,
 0x00,0x66,0x33,0x00,0x00,0x00,0x00,0x33,
 0x33,0x00,0x33,0x33,0x00,0x33,0x33,0x00,
 0x33,0x33,0x00,0x33,0x33,0x00,0x33,0x33,
 0x00,0x33,0x33,0x00,0x33,0x33,0x00,0x33,
 0x33,0x00,0x00,0x00,0x00,0x00,0x33,0x00,
 0x00,0x33,0x00,0x00,0x33,0x00,0x00,0x33,
 0x00,0x00,0x33,0x00,0x00,0x33,0x00,0x00,
 0x33,0x00,0x00,0x33,0x00,0x00,0x33,0x00,
 0x00,0x00,0x00,0x00,0x00,0x00,0x00,0x00,
 0x00,0xcc,0xcc,0xcc,0xcc,0xcc,0xcc,0xcc,
 0xcc,0xcc,0xcc,0xcc,0xcc,0xcc,0xcc,0xcc,
 0xcc,0xcc,0xcc,0xcc,0xcc,0xcc,0xcc,0xcc,
 0xcc,0xcc,0xcc,0xcc,0x00,0x00,0x00,0xff,
 0x33,0xcc,0xff,0x33,0xcc,0xff,0x33,0xcc,
 0xff,0x33,0xcc,0xff,0x33,0xcc,0xff,0x33,
 0xcc,0xff,0x33,0xcc,0xff,0x33,0xcc,0xff,
 0x33,0xcc,0x00,0x00,0x00,0xcc,0x33,0xcc,
 0xcc,0x33,0xcc,0xcc,0x33,0xcc,0xcc,0x33,
 0xcc,0xcc,0x33,0xcc,0xcc,0x33,0xcc,0xcc,
 0x33,0xcc,0xcc,0x33,0xcc,0xcc,0x33,0xcc,
 0x00,0x00,0x00,0x99,0x33,0xcc,0x99,0x33,
 0xcc,0x99,0x33,0xcc,0x99,0x33,0xcc,0x99,
 0x33,0xcc,0x99,0x33,0xcc,0x99,0x33,0xcc,
 0x99,0x33,0xcc,0x99,0x33,0xcc,0x00,0x00,
 0x00,0x66,0x33,0xcc,0x66,0x33,0xcc,0x66,
 0x33,0xcc,0x66,0x33,0xcc,0x66,0x33,0xcc,
 0x66,0x33,0xcc,0x66,0x33,0xcc,0x66,0x33,
 0xcc,0x66,0x33,0xcc,0x00,0x00,0x00,0x33,
 0x33,0xcc,0x33,0x33,0xcc,0x33,0x33,0xcc,
 0x33,0x33,0xcc,0x33,0x33,0xcc,0x33,0x33,
 0xcc,0x33,0x33,0xcc,0x33,0x33,0xcc,0x33,
 0x33,0xcc,0x00,0x00,0x00,0x00,0x33,0xcc,
 0x00,0x33,0xcc,0x00,0x33,0xcc,0x00,0x33,
 0xcc,0x00,0x33,0xcc,0x00,0x33,0xcc,0x00,
 0x33,0xcc,0x00,0x33,0xcc,0x00,0x33,0xcc,
 0x00,0x00,0x00,0x00,0x33,0x66,0x00,0x33,
 0x66,0x00,0x33,0x66,0x00,0x33,0x66,0x00,
 0x33,0x66,0x00,0x33,0x66,0x00,0x33,0x66,
 0x00,0x33,0x66,0x00,0x33,0x66,0x00,0x00,
 0x00,0x33,0x33,0x66,0x33,0x33,0x66,0x33,
 0x33,0x66,0x33,0x33,0x66,0x33,0x33,0x66,
 0x33,0x33,0x66,0x33,0x33,0x66,0x33,0x33,
 0x66,0x33,0x33,0x66,0x00,0x00,0x00,0x66,
 0x33,0x66,0x66,0x33,0x66,0x66,0x33,0x66,
 0x66,0x33,0x66,0x66,0x33,0x66,0x66,0x33,
 0x66,0x66,0x33,0x66,0x66,0x33,0x66,0x66,
 0x33,0x66,0x00,0x00,0x00,0x99,0x33,0x66,
 0x99,0x33,0x66,0x99,0x33,0x66,0x99,0x33,
 0x66,0x99,0x33,0x66,0x99,0x33,0x66,0x99,
 0x33,0x66,0x99,0x33,0x66,0x99,0x33,0x66,
 0x00,0x00,0x00,0xcc,0x33,0x66,0xcc,0x33,
 0x66,0xcc,0x33,0x66,0xcc,0x33,0x66,0xcc,
 0x33,0x66,0xcc,0x33,0x66,0xcc,0x33,0x66,
 0xcc,0x33,0x66,0xcc,0x33,0x66,0x00,0x00,
 0x00,0xff,0x33,0x66,0xff,0x33,0x66,0xff,
 0x33,0x66,0xff,0x33,0x66,0xff,0x33,0x66,
 0xff,0x33,0x66,0xff,0x33,0x66,0xff,0x33,
 0x66,0xff,0x33,0x66,0x00,0x00,0x00,0xff,
 0x33,0x00,0xff,0x33,0x00,0xff,0x33,0x00,
 0xff,0x33,0x00,0xff,0x33,0x00,0xff,0x33,
 0x00,0xff,0x33,0x00,0xff,0x33,0x00,0xff,
 0x33,0x00,0x00,0x00,0x00,0xcc,0x33,0x00,
 0xcc,0x33,0x00,0xcc,0x33,0x00,0xcc,0x33,
 0x00,0xcc,0x33,0x00,0xcc,0x33,0x00,0xcc,
 0x33,0x00,0xcc,0x33,0x00,0xcc,0x33,0x00,
 0x00,0x00,0x00,0x99,0x33,0x00,0x99,0x33,
 0x00,0x99,0x33,0x00,0x99,0x33,0x00,0x99,
 0x33,0x00,0x99,0x33,0x00,0x99,0x33,0x00,
 0x99,0x33,0x00,0x99,0x33,0x00,0x00,0x00,
 0x00,0x66,0x33,0x00,0x66,0x33,0x00,0x66,
 0x33,0x00,0x66,0x33,0x00,0x66,0x33,0x00,
 0x66,0x33,0x00,0x66,0x33,0x00,0x66,0x33,
 0x00,0x66,0x33,0x00,0x00,0x00,0x00,0x33,
 0x33,0x00,0x33,0x33,0x00,0x33,0x33,0x00,
 0x33,0x33,0x00,0x33,0x33,0x00,0x33,0x33,
 0x00,0x33,0x33,0x00,0x33,0x33,0x00,0x33,
 0x33,0x00,0x00,0x00,0x00,0x00,0x33,0x00,
 0x00,0x33,0x00,0x00,0x33,0x00,0x00,0x33,
 0x00,0x00,0x33,0x00,0x00,0x33,0x00,0x00,
 0x33,0x00,0x00,0x33,0x00,0x00,0x33,0x00,
 0x00,0x00,0x00,0x00,0x00,0x00,0x00,0x00,
 0x00,0xcc,0xcc,0xcc,0xcc,0xcc,0xcc,0xcc,
 0xcc,0xcc,0xcc,0xcc,0xcc,0xcc,0xcc,0xcc,
 0xcc,0xcc,0xcc,0xcc,0xcc,0xcc,0xcc,0xcc,
 0xcc,0xcc,0xcc,0xcc,0x00,0x00,0x00,0xff,
 0x33,0xcc,0xff,0x33,0xcc,0xff,0x33,0xcc,
 0xff,0x33,0xcc,0xff,0x33,0xcc,0xff,0x33,
 0xcc,0xff,0x33,0xcc,0xff,0x33,0xcc,0xff,
 0x33,0xcc,0x00,0x00,0x00,0xcc,0x33,0xcc,
 0xcc,0x33,0xcc,0xcc,0x33,0xcc,0xcc,0x33,
 0xcc,0xcc,0x33,0xcc,0xcc,0x33,0xcc,0xcc,
 0x33,0xcc,0xcc,0x33,0xcc,0xcc,0x33,0xcc,
 0x00,0x00,0x00,0x99,0x33,0xcc,0x99,0x33,
 0xcc,0x99,0x33,0xcc,0x99,0x33,0xcc,0x99,
 0x33,0xcc,0x99,0x33,0xcc,0x99,0x33,0xcc,
 0x99,0x33,0xcc,0x99,0x33,0xcc,0x00,0x00,
 0x00,0x66,0x33,0xcc,0x66,0x33,0xcc,0x66,
 0x33,0xcc,0x66,0x33,0xcc,0x66,0x33,0xcc,
 0x66,0x33,0xcc,0x66,0x33,0xcc,0x66,0x33,
 0xcc,0x66,0x33,0xcc,0x00,0x00,0x00,0x33,
 0x33,0xcc,0x33,0x33,0xcc,0x33,0x33,0xcc,
 0x33,0x33,0xcc,0x33,0x33,0xcc,0x33,0x33,
 0xcc,0x33,0x33,0xcc,0x33,0x33,0xcc,0x33,
 0x33,0xcc,0x00,0x00,0x00,0x00,0x33,0xcc,
 0x00,0x33,0xcc,0x00,0x33,0xcc,0x00,0x33,
 0xcc,0x00,0x33,0xcc,0x00,0x33,0xcc,0x00,
 0x33,0xcc,0x00,0x33,0xcc,0x00,0x33,0xcc,
 0x00,0x00,0x00,0x00,0x33,0x66,0x00,0x33,
 0x66,0x00,0x33,0x66,0x00,0x33,0x66,0x00,
 0x33,0x66,0x00,0x33,0x66,0x00,0x33,0x66,
 0x00,0x33,0x66,0x00,0x33,0x66,0x00,0x00,
 0x00,0x33,0x33,0x66,0x33,0x33,0x66,0x33,
 0x33,0x66,0x33,0x33,0x66,0x33,0x33,0x66,
 0x33,0x33,0x66,0x33,0x33,0x66,0x33,0x33,
 0x66,0x33,0x33,0x66,0x00,0x00,0x00,0x66,
 0x33,0x66,0x66,0x33,0x66,0x66,0x33,0x66,
 0x66,0x33,0x66,0x66,0x33,0x66,0x66,0x33,
 0x66,0x66,0x33,0x66,0x66,0x33,0x66,0x66,
 0x33,0x66,0x00,0x00,0x00,0x99,0x33,0x66,
 0x99,0x33,0x66,0x99,0x33,0x66,0x99,0x33,
 0x66,0x99,0x33,0x66,0x99,0x33,0x66,0x99,
 0x33,0x66,0x99,0x33,0x66,0x99,0x33,0x66,
 0x00,0x00,0x00,0xcc,0x33,0x66,0xcc,0x33,
 0x66,0xcc,0x33,0x66,0xcc,0x33,0x66,0xcc,
 0x33,0x66,0xcc,0x33,0x66,0xcc,0x33,0x66,
 0xcc,0x33,0x66,0xcc,0x33,0x66,0x00,0x00,
 0x00,0xff,0x33,0x66,0xff,0x33,0x66,0xff,
 0x33,0x66,0xff,0x33,0x66,0xff,0x33,0x66,
 0xff,0x33,0x66,0xff,0x33,0x66,0xff,0x33,
 0x66,0xff,0x33,0x66,0x00,0x00,0x00,0xff,
 0x33,0x00,0xff,0x33,0x00,0xff,0x33,0x00,
 0xff,0x33,0x00,0xff,0x33,0x00,0xff,0x33,
 0x00,0xff,0x33,0x00,0xff,0x33,0x00,0xff,
 0x33,0x00,0x00,0x00,0x00,0xcc,0x33,0x00,
 0xcc,0x33,0x00,0xcc,0x33,0x00,0xcc,0x33,
 0x00,0xcc,0x33,0x00,0xcc,0x33,0x00,0xcc,
 0x33,0x00,0xcc,0x33,0x00,0xcc,0x33,0x00,
 0x00,0x00,0x00,0x99,0x33,0x00,0x99,0x33,
 0x00,0x99,0x33,0x00,0x99,0x33,0x00,0x99,
 0x33,0x00,0x99,0x33,0x00,0x99,0x33,0x00,
 0x99,0x33,0x00,0x99,0x33,0x00,0x00,0x00,
 0x00,0x66,0x33,0x00,0x66,0x33,0x00,0x66,
 0x33,0x00,0x66,0x33,0x00,0x66,0x33,0x00,
 0x66,0x33,0x00,0x66,0x33,0x00,0x66,0x33,
 0x00,0x66,0x33,0x00,0x00,0x00,0x00,0x33,
 0x33,0x00,0x33,0x33,0x00,0x33,0x33,0x00,
 0x33,0x33,0x00,0x33,0x33,0x00,0x33,0x33,
 0x00,0x33,0x33,0x00,0x33,0x33,0x00,0x33,
 0x33,0x00,0x00,0x00,0x00,0x00,0x33,0x00,
 0x00,0x33,0x00,0x00,0x33,0x00,0x00,0x33,
 0x00,0x00,0x33,0x00,0x00,0x33,0x00,0x00,
 0x33,0x00,0x00,0x33,0x00,0x00,0x33,0x00,
 0x00,0x00,0x00,0x00,0x00,0x00,0x00,0x00,
 0x00,0xcc,0xcc,0xcc,0xcc,0xcc,0xcc,0xcc,
 0xcc,0xcc,0xcc,0xcc,0xcc,0xcc,0xcc,0xcc,
 0xcc,0xcc,0xcc,0xcc,0xcc,0xcc,0xcc,0xcc,
 0xcc,0xcc,0xcc,0xcc,0x00,0x00,0x00,0xff,
 0x33,0xcc,0xff,0x33,0xcc,0xff,0x33,0xcc,
 0xff,0x33,0xcc,0xff,0x33,0xcc,0xff,0x33,
 0xcc,0xff,0x33,0xcc,0xff,0x33,0xcc,0xff,
 0x33,0xcc,0x00,0x00,0x00,0xcc,0x33,0xcc,
 0xcc,0x33,0xcc,0xcc,0x33,0xcc,0xcc,0x33,
 0xcc,0xcc,0x33,0xcc,0xcc,0x33,0xcc,0xcc,
 0x33,0xcc,0xcc,0x33,0xcc,0xcc,0x33,0xcc,
 0x00,0x00,0x00,0x99,0x33,0xcc,0x99,0x33,
 0xcc,0x99,0x33,0xcc,0x99,0x33,0xcc,0x99,
 0x33,0xcc,0x99,0x33,0xcc,0x99,0x33,0xcc,
 0x99,0x33,0xcc,0x99,0x33,0xcc,0x00,0x00,
 0x00,0x66,0x33,0xcc,0x66,0x33,0xcc,0x66,
 0x33,0xcc,0x66,0x33,0xcc,0x66,0x33,0xcc,
 0x66,0x33,0xcc,0x66,0x33,0xcc,0x66,0x33,
 0xcc,0x66,0x33,0xcc,0x00,0x00,0x00,0x33,
 0x33,0xcc,0x33,0x33,0xcc,0x33,0x33,0xcc,
 0x33,0x33,0xcc,0x33,0x33,0xcc,0x33,0x33,
 0xcc,0x33,0x33,0xcc,0x33,0x33,0xcc,0x33,
 0x33,0xcc,0x00,0x00,0x00,0x00,0x33,0xcc,
 0x00,0x33,0xcc,0x00,0x33,0xcc,0x00,0x33,
 0xcc,0x00,0x33,0xcc,0x00,0x33,0xcc,0x00,
 0x33,0xcc,0x00,0x33,0xcc,0x00,0x33,0xcc,
 0x00,0x00,0x00,0x00,0x33,0x66,0x00,0x33,
 0x66,0x00,0x33,0x66,0x00,0x33,0x66,0x00,
 0x33,0x66,0x00,0x33,0x66,0x00,0x33,0x66,
 0x00,0x33,0x66,0x00,0x33,0x66,0x00,0x00,
 0x00,0x33,0x33,0x66,0x33,0x33,0x66,0x33,
 0x33,0x66,0x33,0x33,0x66,0x33,0x33,0x66,
 0x33,0x33,0x66,0x33,0x33,0x66,0x33,0x33,
 0x66,0x33,0x33,0x66,0x00,0x00,0x00,0x66,
 0x33,0x66,0x66,0x33,0x66,0x66,0x33,0x66,
 0x66,0x33,0x66,0x66,0x33,0x66,0x66,0x33,
 0x66,0x66,0x33,0x66,0x66,0x33,0x66,0x66,
 0x33,0x66,0x00,0x00,0x00,0x99,0x33,0x66,
 0x99,0x33,0x66,0x99,0x33,0x66,0x99,0x33,
 0x66,0x99,0x33,0x66,0x99,0x33,0x66,0x99,
 0x33,0x66,0x99,0x33,0x66,0x99,0x33,0x66,
 0x00,0x00,0x00,0xcc,0x33,0x66,0xcc,0x33,
 0x66,0xcc,0x33,0x66,0xcc,0x33,0x66,0xcc,
 0x33,0x66,0xcc,0x33,0x66,0xcc,0x33,0x66,
 0xcc,0x33,0x66,0xcc,0x33,0x66,0x00,0x00,
 0x00,0xff,0x33,0x66,0xff,0x33,0x66,0xff,
 0x33,0x66,0xff,0x33,0x66,0xff,0x33,0x66,
 0xff,0x33,0x66,0xff,0x33,0x66,0xff,0x33,
 0x66,0xff,0x33,0x66,0x00,0x00,0x00,0xff,
 0x33,0x00,0xff,0x33,0x00,0xff,0x33,0x00,
 0xff,0x33,0x00,0xff,0x33,0x00,0xff,0x33,
 0x00,0xff,0x33,0x00,0xff,0x33,0x00,0xff,
 0x33,0x00,0x00,0x00,0x00,0xcc,0x33,0x00,
 0xcc,0x33,0x00,0xcc,0x33,0x00,0xcc,0x33,
 0x00,0xcc,0x33,0x00,0xcc,0x33,0x00,0xcc,
 0x33,0x00,0xcc,0x33,0x00,0xcc,0x33,0x00,
 0x00,0x00,0x00,0x99,0x33,0x00,0x99,0x33,
 0x00,0x99,0x33,0x00,0x99,0x33,0x00,0x99,
 0x33,0x00,0x99,0x33,0x00,0x99,0x33,0x00,
 0x99,0x33,0x00,0x99,0x33,0x00,0x00,0x00,
 0x00,0x66,0x33,0x00,0x66,0x33,0x00,0x66,
 0x33,0x00,0x66,0x33,0x00,0x66,0x33,0x00,
 0x66,0x33,0x00,0x66,0x33,0x00,0x66,0x33,
 0x00,0x66,0x33,0x00,0x00,0x00,0x00,0x33,
 0x33,0x00,0x33,0x33,0x00,0x33,0x33,0x00,
 0x33,0x33,0x00,0x33,0x33,0x00,0x33,0x33,
 0x00,0x33,0x33,0x00,0x33,0x33,0x00,0x33,
 0x33,0x00,0x00,0x00,0x00,0x00,0x33,0x00,
 0x00,0x33,0x00,0x00,0x33,0x00,0x00,0x33,
 0x00,0x00,0x33,0x00,0x00,0x33,0x00,0x00,
 0x33,0x00,0x00,0x33,0x00,0x00,0x33,0x00,
 0x00,0x00,0x00,0x00,0x00,0x00,0x00,0x00,
 0x00,0xcc,0xcc,0xcc,0xcc,0xcc,0xcc,0xcc,
 0xcc,0xcc,0xcc,0xcc,0xcc,0xcc,0xcc,0xcc,
 0xcc,0xcc,0xcc,0xcc,0xcc,0xcc,0xcc,0xcc,
 0xcc,0xcc,0xcc,0xcc,0x00,0x00,0x00,0xff,
 0x33,0xcc,0xff,0x33,0xcc,0xff,0x33,0xcc,
 0xff,0x33,0xcc,0xff,0x33,0xcc,0xff,0x33,
 0xcc,0xff,0x33,0xcc,0xff,0x33,0xcc,0xff,
 0x33,0xcc,0x00,0x00,0x00,0xcc,0x33,0xcc,
 0xcc,0x33,0xcc,0xcc,0x33,0xcc,0xcc,0x33,
 0xcc,0xcc,0x33,0xcc,0xcc,0x33,0xcc,0xcc,
 0x33,0xcc,0xcc,0x33,0xcc,0xcc,0x33,0xcc,
 0x00,0x00,0x00,0x99,0x33,0xcc,0x99,0x33,
 0xcc,0x99,0x33,0xcc,0x99,0x33,0xcc,0x99,
 0x33,0xcc,0x99,0x33,0xcc,0x99,0x33,0xcc,
 0x99,0x33,0xcc,0x99,0x33,0xcc,0x00,0x00,
 0x00,0x66,0x33,0xcc,0x66,0x33,0xcc,0x66,
 0x33,0xcc,0x66,0x33,0xcc,0x66,0x33,0xcc,
 0x66,0x33,0xcc,0x66,0x33,0xcc,0x66,0x33,
 0xcc,0x66,0x33,0xcc,0x00,0x00,0x00,0x33,
 0x33,0xcc,0x33,0x33,0xcc,0x33,0x33,0xcc,
 0x33,0x33,0xcc,0x33,0x33,0xcc,0x33,0x33,
 0xcc,0x33,0x33,0xcc,0x33,0x33,0xcc,0x33,
 0x33,0xcc,0x00,0x00,0x00,0x00,0x33,0xcc,
 0x00,0x33,0xcc,0x00,0x33,0xcc,0x00,0x33,
 0xcc,0x00,0x33,0xcc,0x00,0x33,0xcc,0x00,
 0x33,0xcc,0x00,0x33,0xcc,0x00,0x33,0xcc,
 0x00,0x00,0x00,0x00,0x33,0x66,0x00,0x33,
 0x66,0x00,0x33,0x66,0x00,0x33,0x66,0x00,
 0x33,0x66,0x00,0x33,0x66,0x00,0x33,0x66,
 0x00,0x33,0x66,0x00,0x33,0x66,0x00,0x00,
 0x00,0x33,0x33,0x66,0x33,0x33,0x66,0x33,
 0x33,0x66,0x33,0x33,0x66,0x33,0x33,0x66,
 0x33,0x33,0x66,0x33,0x33,0x66,0x33,0x33,
 0x66,0x33,0x33,0x66,0x00,0x00,0x00,0x66,
 0x33,0x66,0x66,0x33,0x66,0x66,0x33,0x66,
 0x66,0x33,0x66,0x66,0x33,0x66,0x66,0x33,
 0x66,0x66,0x33,0x66,0x66,0x33,0x66,0x66,
 0x33,0x66,0x00,0x00,0x00,0x99,0x33,0x66,
 0x99,0x33,0x66,0x99,0x33,0x66,0x99,0x33,
 0x66,0x99,0x33,0x66,0x99,0x33,0x66,0x99,
 0x33,0x66,0x99,0x33,0x66,0x99,0x33,0x66,
 0x00,0x00,0x00,0xcc,0x33,0x66,0xcc,0x33,
 0x66,0xcc,0x33,0x66,0xcc,0x33,0x66,0xcc,
 0x33,0x66,0xcc,0x33,0x66,0xcc,0x33,0x66,
 0xcc,0x33,0x66,0xcc,0x33,0x66,0x00,0x00,
 0x00,0xff,0x33,0x66,0xff,0x33,0x66,0xff,
 0x33,0x66,0xff,0x33,0x66,0xff,0x33,0x66,
 0xff,0x33,0x66,0xff,0x33,0x66,0xff,0x33,
 0x66,0xff,0x33,0x66,0x00,0x00,0x00,0xff,
 0x33,0x00,0xff,0x33,0x00,0xff,0x33,0x00,
 0xff,0x33,0x00,0xff,0x33,0x00,0xff,0x33,
 0x00,0xff,0x33,0x00,0xff,0x33,0x00,0xff,
 0x33,0x00,0x00,0x00,0x00,0xcc,0x33,0x00,
 0xcc,0x33,0x00,0xcc,0x33,0x00,0xcc,0x33,
 0x00,0xcc,0x33,0x00,0xcc,0x33,0x00,0xcc,
 0x33,0x00,0xcc,0x33,0x00,0xcc,0x33,0x00,
 0x00,0x00,0x00,0x99,0x33,0x00,0x99,0x33,
 0x00,0x99,0x33,0x00,0x99,0x33,0x00,0x99,
 0x33,0x00,0x99,0x33,0x00,0x99,0x33,0x00,
 0x99,0x33,0x00,0x99,0x33,0x00,0x00,0x00,
 0x00,0x66,0x33,0x00,0x66,0x33,0x00,0x66,
 0x33,0x00,0x66,0x33,0x00,0x66,0x33,0x00,
 0x66,0x33,0x00,0x66,0x33,0x00,0x66,0x33,
 0x00,0x66,0x33,0x00,0x00,0x00,0x00,0x33,
 0x33,0x00,0x33,0x33,0x00,0x33,0x33,0x00,
 0x33,0x33,0x00,0x33,0x33,0x00,0x33,0x33,
 0x00,0x33,0x33,0x00,0x33,0x33,0x00,0x33,
 0x33,0x00,0x00,0x00,0x00,0x00,0x33,0x00,
 0x00,0x33,0x00,0x00,0x33,0x00,0x00,0x33,
 0x00,0x00,0x33,0x00,0x00,0x33,0x00,0x00,
 0x33,0x00,0x00,0x33,0x00,0x00,0x33,0x00,
 0x00,0x00,0x00,0x00,0x00,0x00,0x00,0x00,
 0x00,0xcc,0xcc,0xcc,0xcc,0xcc,0xcc,0xcc,
 0xcc,0xcc,0xcc,0xcc,0xcc,0xcc,0xcc,0xcc,
 0xcc,0xcc,0xcc,0xcc,0xcc,0xcc,0xcc,0xcc,
 0xcc,0xcc,0xcc,0xcc,0x00,0x00,0x00,0xff,
 0x33,0xcc,0xff,0x33,0xcc,0xff,0x33,0xcc,
 0xff,0x33,0xcc,0xff,0x33,0xcc,0xff,0x33,
 0xcc,0xff,0x33,0xcc,0xff,0x33,0xcc,0xff,
 0x33,0xcc,0x00,0x00,0x00,0xcc,0x33,0xcc,
 0xcc,0x33,0xcc,0xcc,0x33,0xcc,0xcc,0x33,
 0xcc,0xcc,0x33,0xcc,0xcc,0x33,0xcc,0xcc,
 0x33,0xcc,0xcc,0x33,0xcc,0xcc,0x33,0xcc,
 0x00,0x00,0x00,0x99,0x33,0xcc,0x99,0x33,
 0xcc,0x99,0x33,0xcc,0x99,0x33,0xcc,0x99,
 0x33,0xcc,0x99,0x33,0xcc,0x99,0x33,0xcc,
 0x99,0x33,0xcc,0x99,0x33,0xcc,0x00,0x00,
 0x00,0x66,0x33,0xcc,0x66,0x33,0xcc,0x66,
 0x33,0xcc,0x66,0x33,0xcc,0x66,0x33,0xcc,
 0x66,0x33,0xcc,0x66,0x33,0xcc,0x66,0x33,
 0xcc,0x66,0x33,0xcc,0x00,0x00,0x00,0x33,
 0x33,0xcc,0x33,0x33,0xcc,0x33,0x33,0xcc,
 0x33,0x33,0xcc,0x33,0x33,0xcc,0x33,0x33,
 0xcc,0x33,0x33,0xcc,0x33,0x33,0xcc,0x33,
 0x33,0xcc,0x00,0x00,0x00,0x00,0x33,0xcc,
 0x00,0x33,0xcc,0x00,0x33,0xcc,0x00,0x33,
 0xcc,0x00,0x33,0xcc,0x00,0x33,0xcc,0x00,
 0x33,0xcc,0x00,0x33,0xcc,0x00,0x33,0xcc,
 0x00,0x00,0x00,0x00,0x33,0x66,0x00,0x33,
 0x66,0x00,0x33,0x66,0x00,0x33,0x66,0x00,
 0x33,0x66,0x00,0x33,0x66,0x00,0x33,0x66,
 0x00,0x33,0x66,0x00,0x33,0x66,0x00,0x00,
 0x00,0x33,0x33,0x66,0x33,0x33,0x66,0x33,
 0x33,0x66,0x33,0x33,0x66,0x33,0x33,0x66,
 0x33,0x33,0x66,0x33,0x33,0x66,0x33,0x33,
 0x66,0x33,0x33,0x66,0x00,0x00,0x00,0x66,
 0x33,0x66,0x66,0x33,0x66,0x66,0x33,0x66,
 0x66,0x33,0x66,0x66,0x33,0x66,0x66,0x33,
 0x66,0x66,0x33,0x66,0x66,0x33,0x66,0x66,
 0x33,0x66,0x00,0x00,0x00,0x99,0x33,0x66,
 0x99,0x33,0x66,0x99,0x33,0x66,0x99,0x33,
 0x66,0x99,0x33,0x66,0x99,0x33,0x66,0x99,
 0x33,0x66,0x99,0x33,0x66,0x99,0x33,0x66,
 0x00,0x00,0x00,0xcc,0x33,0x66,0xcc,0x33,
 0x66,0xcc,0x33,0x66,0xcc,0x33,0x66,0xcc,
 0x33,0x66,0xcc,0x33,0x66,0xcc,0x33,0x66,
 0xcc,0x33,0x66,0xcc,0x33,0x66,0x00,0x00,
 0x00,0xff,0x33,0x66,0xff,0x33,0x66,0xff,
 0x33,0x66,0xff,0x33,0x66,0xff,0x33,0x66,
 0xff,0x33,0x66,0xff,0x33,0x66,0xff,0x33,
 0x66,0xff,0x33,0x66,0x00,0x00,0x00,0xff,
 0x33,0x00,0xff,0x33,0x00,0xff,0x33,0x00,
 0xff,0x33,0x00,0xff,0x33,0x00,0xff,0x33,
 0x00,0xff,0x33,0x00,0xff,0x33,0x00,0xff,
 0x33,0x00,0x00,0x00,0x00,0xcc,0x33,0x00,
 0xcc,0x33,0x00,0xcc,0x33,0x00,0xcc,0x33,
 0x00,0xcc,0x33,0x00,0xcc,0x33,0x00,0xcc,
 0x33,0x00,0xcc,0x33,0x00,0xcc,0x33,0x00,
 0x00,0x00,0x00,0x99,0x33,0x00,0x99,0x33,
 0x00,0x99,0x33,0x00,0x99,0x33,0x00,0x99,
 0x33,0x00,0x99,0x33,0x00,0x99,0x33,0x00,
 0x99,0x33,0x00,0x99,0x33,0x00,0x00,0x00,
 0x00,0x66,0x33,0x00,0x66,0x33,0x00,0x66,
 0x33,0x00,0x66,0x33,0x00,0x66,0x33,0x00,
 0x66,0x33,0x00,0x66,0x33,0x00,0x66,0x33,
 0x00,0x66,0x33,0x00,0x00,0x00,0x00,0x33,
 0x33,0x00,0x33,0x33,0x00,0x33,0x33,0x00,
 0x33,0x33,0x00,0x33,0x33,0x00,0x33,0x33,
 0x00,0x33,0x33,0x00,0x33,0x33,0x00,0x33,
 0x33,0x00,0x00,0x00,0x00,0x00,0x33,0x00,
 0x00,0x33,0x00,0x00,0x33,0x00,0x00,0x33,
 0x00,0x00,0x33,0x00,0x00,0x33,0x00,0x00,
 0x33,0x00,0x00,0x33,0x00,0x00,0x33,0x00,
 0x00,0x00,0x00,0x00,0x00,0x00,0x00,0x00,
 0x00,0xcc,0xcc,0xcc,0xcc,0xcc,0xcc,0xcc,
 0xcc,0xcc,0xcc,0xcc,0xcc,0xcc,0xcc,0xcc,
 0xcc,0xcc,0xcc,0xcc,0xcc,0xcc,0xcc,0xcc,
 0xcc,0xcc,0xcc,0xcc,0x00,0x00,0x00,0xff,
 0x33,0xcc,0xff,0x33,0xcc,0xff,0x33,0xcc,
 0xff,0x33,0xcc,0xff,0x33,0xcc,0xff,0x33,
 0xcc,0xff,0x33,0xcc,0xff,0x33,0xcc,0xff,
 0x33,0xcc,0x00,0x00,0x00,0xcc,0x33,0xcc,
 0xcc,0x33,0xcc,0xcc,0x33,0xcc,0xcc,0x33,
 0xcc,0xcc,0x33,0xcc,0xcc,0x33,0xcc,0xcc,
 0x33,0xcc,0xcc,0x33,0xcc,0xcc,0x33,0xcc,
 0x00,0x00,0x00,0x99,0x33,0xcc,0x99,0x33,
 0xcc,0x99,0x33,0xcc,0x99,0x33,0xcc,0x99,
 0x33,0xcc,0x99,0x33,0xcc,0x99,0x33,0xcc,
 0x99,0x33,0xcc,0x99,0x33,0xcc,0x00,0x00,
 0x00,0x66,0x33,0xcc,0x66,0x33,0xcc,0x66,
 0x33,0xcc,0x66,0x33,0xcc,0x66,0x33,0xcc,
 0x66,0x33,0xcc,0x66,0x33,0xcc,0x66,0x33,
 0xcc,0x66,0x33,0xcc,0x00,0x00,0x00,0x33,
 0x33,0xcc,0x33,0x33,0xcc,0x33,0x33,0xcc,
 0x33,0x33,0xcc,0x33,0x33,0xcc,0x33,0x33,
 0xcc,0x33,0x33,0xcc,0x33,0x33,0xcc,0x33,
 0x33,0xcc,0x00,0x00,0x00,0x00,0x33,0xcc,
 0x00,0x33,0xcc,0x00,0x33,0xcc,0x00,0x33,
 0xcc,0x00,0x33,0xcc,0x00,0x33,0xcc,0x00,
 0x33,0xcc,0x00,0x33,0xcc,0x00,0x33,0xcc,
 0x00,0x00,0x00,0x00,0x33,0x66,0x00,0x33,
 0x66,0x00,0x33,0x66,0x00,0x33,0x66,0x00,
 0x33,0x66,0x00,0x33,0x66,0x00,0x33,0x66,
 0x00,0x33,0x66,0x00,0x33,0x66,0x00,0x00,
 0x00,0x33,0x33,0x66,0x33,0x33,0x66,0x33,
 0x33,0x66,0x33,0x33,0x66,0x33,0x33,0x66,
 0x33,0x33,0x66,0x33,0x33,0x66,0x33,0x33,
 0x66,0x33,0x33,0x66,0x00,0x00,0x00,0x66,
 0x33,0x66,0x66,0x33,0x66,0x66,0x33,0x66,
 0x66,0x33,0x66,0x66,0x33,0x66,0x66,0x33,
 0x66,0x66,0x33,0x66,0x66,0x33,0x66,0x66,
 0x33,0x66,0x00,0x00,0x00,0x99,0x33,0x66,
 0x99,0x33,0x66,0x99,0x33,0x66,0x99,0x33,
 0x66,0x99,0x33,0x66,0x99,0x33,0x66,0x99,
 0x33,0x66,0x99,0x33,0x66,0x99,0x33,0x66,
 0x00,0x00,0x00,0xcc,0x33,0x66,0xcc,0x33,
 0x66,0xcc,0x33,0x66,0xcc,0x33,0x66,0xcc,
 0x33,0x66,0xcc,0x33,0x66,0xcc,0x33,0x66,
 0xcc,0x33,0x66,0xcc,0x33,0x66,0x00,0x00,
 0x00,0xff,0x33,0x66,0xff,0x33,0x66,0xff,
 0x33,0x66,0xff,0x33,0x66,0xff,0x33,0x66,
 0xff,0x33,0x66,0xff,0x33,0x66,0xff,0x33,
 0x66,0xff,0x33,0x66,0x00,0x00,0x00,0xff,
 0x33,0x00,0xff,0x33,0x00,0xff,0x33,0x00,
 0xff,0x33,0x00,0xff,0x33,0x00,0xff,0x33,
 0x00,0xff,0x33,0x00,0xff,0x33,0x00,0xff,
 0x33,0x00,0x00,0x00,0x00,0xcc,0x33,0x00,
 0xcc,0x33,0x00,0xcc,0x33,0x00,0xcc,0x33,
 0x00,0xcc,0x33,0x00,0xcc,0x33,0x00,0xcc,
 0x33,0x00,0xcc,0x33,0x00,0xcc,0x33,0x00,
 0x00,0x00,0x00,0x99,0x33,0x00,0x99,0x33,
 0x00,0x99,0x33,0x00,0x99,0x33,0x00,0x99,
 0x33,0x00,0x99,0x33,0x00,0x99,0x33,0x00,
 0x99,0x33,0x00,0x99,0x33,0x00,0x00,0x00,
 0x00,0x66,0x33,0x00,0x66,0x33,0x00,0x66,
 0x33,0x00,0x66,0x33,0x00,0x66,0x33,0x00,
 0x66,0x33,0x00,0x66,0x33,0x00,0x66,0x33,
 0x00,0x66,0x33,0x00,0x00,0x00,0x00,0x33,
 0x33,0x00,0x33,0x33,0x00,0x33,0x33,0x00,
 0x33,0x33,0x00,0x33,0x33,0x00,0x33,0x33,
 0x00,0x33,0x33,0x00,0x33,0x33,0x00,0x33,
 0x33,0x00,0x00,0x00,0x00,0x00,0x33,0x00,
 0x00,0x33,0x00,0x00,0x33,0x00,0x00,0x33,
 0x00,0x00,0x33,0x00,0x00,0x33,0x00,0x00,
 0x33,0x00,0x00,0x33,0x00,0x00,0x33,0x00,
 0x00,0x00,0x00,0x00,0x00,0x00,0x00,0x00,
 0x00,0xcc,0xcc,0xcc,0xcc,0xcc,0xcc,0xcc,
 0xcc,0xcc,0xcc,0xcc,0xcc,0xcc,0xcc,0xcc,
 0xcc,0xcc,0xcc,0xcc,0xcc,0xcc,0xcc,0xcc,
 0xcc,0xcc,0xcc,0xcc,0x00,0x00,0x00,0xff,
 0x33,0xcc,0xff,0x33,0xcc,0xff,0x33,0xcc,
 0xff,0x33,0xcc,0xff,0x33,0xcc,0xff,0x33,
 0xcc,0xff,0x33,0xcc,0xff,0x33,0xcc,0xff,
 0x33,0xcc,0x00,0x00,0x00,0xcc,0x33,0xcc,
 0xcc,0x33,0xcc,0xcc,0x33,0xcc,0xcc,0x33,
 0xcc,0xcc,0x33,0xcc,0xcc,0x33,0xcc,0xcc,
 0x33,0xcc,0xcc,0x33,0xcc,0xcc,0x33,0xcc,
 0x00,0x00,0x00,0x99,0x33,0xcc,0x99,0x33,
 0xcc,0x99,0x33,0xcc,0x99,0x33,0xcc,0x99,
 0x33,0xcc,0x99,0x33,0xcc,0x99,0x33,0xcc,
 0x99,0x33,0xcc,0x99,0x33,0xcc,0x00,0x00,
 0x00,0x66,0x33,0xcc,0x66,0x33,0xcc,0x66,
 0x33,0xcc,0x66,0x33,0xcc,0x66,0x33,0xcc,
 0x66,0x33,0xcc,0x66,0x33,0xcc,0x66,0x33,
 0xcc,0x66,0x33,0xcc,0x00,0x00,0x00,0x33,
 0x33,0xcc,0x33,0x33,0xcc,0x33,0x33,0xcc,
 0x33,0x33,0xcc,0x33,0x33,0xcc,0x33,0x33,
 0xcc,0x33,0x33,0xcc,0x33,0x33,0xcc,0x33,
 0x33,0xcc,0x00,0x00,0x00,0x00,0x33,0xcc,
 0x00,0x33,0xcc,0x00,0x33,0xcc,0x00,0x33,
 0xcc,0x00,0x33,0xcc,0x00,0x33,0xcc,0x00,
 0x33,0xcc,0x00,0x33,0xcc,0x00,0x33,0xcc,
 0x00,0x00,0x00,0x00,0x33,0x66,0x00,0x33,
 0x66,0x00,0x33,0x66,0x00,0x33,0x66,0x00,
 0x33,0x66,0x00,0x33,0x66,0x00,0x33,0x66,
 0x00,0x33,0x66,0x00,0x33,0x66,0x00,0x00,
 0x00,0x33,0x33,0x66,0x33,0x33,0x66,0x33,
 0x33,0x66,0x33,0x33,0x66,0x33,0x33,0x66,
 0x33,0x33,0x66,0x33,0x33,0x66,0x33,0x33,
 0x66,0x33,0x33,0x66,0x00,0x00,0x00,0x66,
 0x33,0x66,0x66,0x33,0x66,0x66,0x33,0x66,
 0x66,0x33,0x66,0x66,0x33,0x66,0x66,0x33,
 0x66,0x66,0x33,0x66,0x66,0x33,0x66,0x66,
 0x33,0x66,0x00,0x00,0x00,0x99,0x33,0x66,
 0x99,0x33,0x66,0x99,0x33,0x66,0x99,0x33,
 0x66,0x99,0x33,0x66,0x99,0x33,0x66,0x99,
 0x33,0x66,0x99,0x33,0x66,0x99,0x33,0x66,
 0x00,0x00,0x00,0xcc,0x33,0x66,0xcc,0x33,
 0x66,0xcc,0x33,0x66,0xcc,0x33,0x66,0xcc,
 0x33,0x66,0xcc,0x33,0x66,0xcc,0x33,0x66,
 0xcc,0x33,0x66,0xcc,0x33,0x66,0x00,0x00,
 0x00,0xff,0x33,0x66,0xff,0x33,0x66,0xff,
 0x33,0x66,0xff,0x33,0x66,0xff,0x33,0x66,
 0xff,0x33,0x66,0xff,0x33,0x66,0xff,0x33,
 0x66,0xff,0x33,0x66,0x00,0x00,0x00,0xff,
 0x33,0x00,0xff,0x33,0x00,0xff,0x33,0x00,
 0xff,0x33,0x00,0xff,0x33,0x00,0xff,0x33,
 0x00,0xff,0x33,0x00,0xff,0x33,0x00,0xff,
 0x33,0x00,0x00,0x00,0x00,0xcc,0x33,0x00,
 0xcc,0x33,0x00,0xcc,0x33,0x00,0xcc,0x33,
 0x00,0xcc,0x33,0x00,0xcc,0x33,0x00,0xcc,
 0x33,0x00,0xcc,0x33,0x00,0xcc,0x33,0x00,
 0x00,0x00,0x00,0x99,0x33,0x00,0x99,0x33,
 0x00,0x99,0x33,0x00,0x99,0x33,0x00,0x99,
 0x33,0x00,0x99,0x33,0x00,0x99,0x33,0x00,
 0x99,0x33,0x00,0x99,0x33,0x00,0x00,0x00,
 0x00,0x66,0x33,0x00,0x66,0x33,0x00,0x66,
 0x33,0x00,0x66,0x33,0x00,0x66,0x33,0x00,
 0x66,0x33,0x00,0x66,0x33,0x00,0x66,0x33,
 0x00,0x66,0x33,0x00,0x00,0x00,0x00,0x33,
 0x33,0x00,0x33,0x33,0x00,0x33,0x33,0x00,
 0x33,0x33,0x00,0x33,0x33,0x00,0x33,0x33,
 0x00,0x33,0x33,0x00,0x33,0x33,0x00,0x33,
 0x33,0x00,0x00,0x00,0x00,0x00,0x33,0x00,
 0x00,0x33,0x00,0x00,0x33,0x00,0x00,0x33,
 0x00,0x00,0x33,0x00,0x00,0x33,0x00,0x00,
 0x33,0x00,0x00,0x33,0x00,0x00,0x33,0x00,
 0x00,0x00,0x00,0x00,0x00,0x00,0x00,0x00,
 0x00,0xcc,0xcc,0xcc,0xcc,0xcc,0xcc,0xcc,
 0xcc,0xcc,0xcc,0xcc,0xcc,0xcc,0xcc,0xcc,
 0xcc,0xcc,0xcc,0xcc,0xcc,0xcc,0xcc,0xcc,
 0xcc,0xcc,0xcc,0xcc,0x00,0x00,0x00,0xff,
 0x33,0xcc,0xff,0x33,0xcc,0xff,0x33,0xcc,
 0xff,0x33,0xcc,0xff,0x33,0xcc,0xff,0x33,
 0xcc,0xff,0x33,0xcc,0xff,0x33,0xcc,0xff,
 0x33,0xcc,0x00,0x00,0x00,0xcc,0x33,0xcc,
 0xcc,0x33,0xcc,0xcc,0x33,0xcc,0xcc,0x33,
 0xcc,0xcc,0x33,0xcc,0xcc,0x33,0xcc,0xcc,
 0x33,0xcc,0xcc,0x33,0xcc,0xcc,0x33,0xcc,
 0x00,0x00,0x00,0x99,0x33,0xcc,0x99,0x33,
 0xcc,0x99,0x33,0xcc,0x99,0x33,0xcc,0x99,
 0x33,0xcc,0x99,0x33,0xcc,0x99,0x33,0xcc,
 0x99,0x33,0xcc,0x99,0x33,0xcc,0x00,0x00,
 0x00,0x66,0x33,0xcc,0x66,0x33,0xcc,0x66,
 0x33,0xcc,0x66,0x33,0xcc,0x66,0x33,0xcc,
 0x66,0x33,0xcc,0x66,0x33,0xcc,0x66,0x33,
 0xcc,0x66,0x33,0xcc,0x00,0x00,0x00,0x33,
 0x33,0xcc,0x33,0x33,0xcc,0x33,0x33,0xcc,
 0x33,0x33,0xcc,0x33,0x33,0xcc,0x33,0x33,
 0xcc,0x33,0x33,0xcc,0x33,0x33,0xcc,0x33,
 0x33,0xcc,0x00,0x00,0x00,0x00,0x33,0xcc,
 0x00,0x33,0xcc,0x00,0x33,0xcc,0x00,0x33,
 0xcc,0x00,0x33,0xcc,0x00,0x33,0xcc,0x00,
 0x33,0xcc,0x00,0x33,0xcc,0x00,0x33,0xcc,
 0x00,0x00,0x00,0x00,0x33,0x66,0x00,0x33,
 0x66,0x00,0x33,0x66,0x00,0x33,0x66,0x00,
 0x33,0x66,0x00,0x33,0x66,0x00,0x33,0x66,
 0x00,0x33,0x66,0x00,0x33,0x66,0x00,0x00,
 0x00,0x33,0x33,0x66,0x33,0x33,0x66,0x33,
 0x33,0x66,0x33,0x33,0x66,0x33,0x33,0x66,
 0x33,0x33,0x66,0x33,0x33,0x66,0x33,0x33,
 0x66,0x33,0x33,0x66,0x00,0x00,0x00,0x66,
 0x33,0x66,0x66,0x33,0x66,0x66,0x33,0x66,
 0x66,0x33,0x66,0x66,0x33,0x66,0x66,0x33,
 0x66,0x66,0x33,0x66,0x66,0x33,0x66,0x66,
 0x33,0x66,0x00,0x00,0x00,0x99,0x33,0x66,
 0x99,0x33,0x66,0x99,0x33,0x66,0x99,0x33,
 0x66,0x99,0x33,0x66,0x99,0x33,0x66,0x99,
 0x33,0x66,0x99,0x33,0x66,0x99,0x33,0x66,
 0x00,0x00,0x00,0xcc,0x33,0x66,0xcc,0x33,
 0x66,0xcc,0x33,0x66,0xcc,0x33,0x66,0xcc,
 0x33,0x66,0xcc,0x33,0x66,0xcc,0x33,0x66,
 0xcc,0x33,0x66,0xcc,0x33,0x66,0x00,0x00,
 0x00,0xff,0x33,0x66,0xff,0x33,0x66,0xff,
 0x33,0x66,0xff,0x33,0x66,0xff,0x33,0x66,
 0xff,0x33,0x66,0xff,0x33,0x66,0xff,0x33,
 0x66,0xff,0x33,0x66,0x00,0x00,0x00,0xff,
 0x33,0x00,0xff,0x33,0x00,0xff,0x33,0x00,
 0xff,0x33,0x00,0xff,0x33,0x00,0xff,0x33,
 0x00,0xff,0x33,0x00,0xff,0x33,0x00,0xff,
 0x33,0x00,0x00,0x00,0x00,0xcc,0x33,0x00,
 0xcc,0x33,0x00,0xcc,0x33,0x00,0xcc,0x33,
 0x00,0xcc,0x33,0x00,0xcc,0x33,0x00,0xcc,
 0x33,0x00,0xcc,0x33,0x00,0xcc,0x33,0x00,
 0x00,0x00,0x00,0x99,0x33,0x00,0x99,0x33,
 0x00,0x99,0x33,0x00,0x99,0x33,0x00,0x99,
 0x33,0x00,0x99,0x33,0x00,0x99,0x33,0x00,
 0x99,0x33,0x00,0x99,0x33,0x00,0x00,0x00,
 0x00,0x66,0x33,0x00,0x66,0x33,0x00,0x66,
 0x33,0x00,0x66,0x33,0x00,0x66,0x33,0x00,
 0x66,0x33,0x00,0x66,0x33,0x00,0x66,0x33,
 0x00,0x66,0x33,0x00,0x00,0x00,0x00,0x33,
 0x33,0x00,0x33,0x33,0x00,0x33,0x33,0x00,
 0x33,0x33,0x00,0x33,0x33,0x00,0x33,0x33,
 0x00,0x33,0x33,0x00,0x33,0x33,0x00,0x33,
 0x33,0x00,0x00,0x00,0x00,0x00,0x33,0x00,
 0x00,0x33,0x00,0x00,0x33,0x00,0x00,0x33,
 0x00,0x00,0x33,0x00,0x00,0x33,0x00,0x00,
 0x33,0x00,0x00,0x33,0x00,0x00,0x33,0x00,
 0x00,0x00,0x00,0x00,0x00,0x00,0x00,0x00,
 0x00,0x00,0x00,0x00,0x00,0x00,0x00,0x00,
 0x00,0x00,0x00,0x00,0x00,0x00,0x00,0x00,
 0x00,0x00,0x00,0x00,0x00,0x00,0x00,0x00,
 0x00,0x00,0x00,0x00,0x00,0x00,0x00,0x00,
 0x00,0x00,0x00,0x00,0x00,0x00,0x00,0x00,
 0x00,0x00,0x00,0x00,0x00,0x00,0x00,0x00,
 0x00,0x00,0x00,0x00,0x00,0x00,0x00,0x00,
 0x00,0x00,0x00,0x00,0x00,0x00,0x00,0x00,
 0x00,0x00,0x00,0x00,0x00,0x00,0x00,0x00,
 0x00,0x00,0x00,0x00,0x00,0x00,0x00,0x00,
 0x00,0x00,0x00,0x00,0x00,0x00,0x00,0x00,
 0x00,0x00,0x00,0x00,0x00,0x00,0x00,0x00,
 0x00,0x00,0x00,0x00,0x00,0x00,0x00,0x00,
 0x00,0x00,0x00,0x00,0x00,0x00,0x00,0x00,
 0x00,0x00,0x00,0x00,0x00,0x00,0x00,0x00,
 0x00,0x00,0x00,0x00,0x00,0x00,0x00,0x00,
 0x00,0x00,0x00,0x00,0x00,0x00,0x00,0x00,
 0x00,0x00,0x00,0x00,0x00,0x00,0x00,0x00,
 0x00,0x00,0x00,0x00,0x00,0x00,0x00,0x00,
 0x00,0x00,0x00,0x00,0x00,0x00,0x00,0x00,
 0x00,0x00,0x00,0x00,0x00,0x00,0x00,0x00,
 0x00,0x00,0x00,0x00,0x00,0x00,0x00,0x00,
 0x00,0x00,0x00,0x00,0x00,0x00,0x00,0x00,
 0x00,0x00,0x00,0x00,0x00,0x00,0x00,0x00,
 0x00,0x00,0x00,0x00,0x00,0x00,0x00,0x00,
 0x00,0x00,0x00,0x00,0x00,0x00,0x00,0x00,
 0x00,0x00,0x00,0x00,0x00,0x00,0x00,0x00,
 0x00,0x00,0x00,0x00,0x00,0x00,0x00,0x00,
 0x00,0x00,0x00,0x00,0x00,0x00,0x00,0x00,
 0x00,0x00,0x00,0x00,0x00,0x00,0x00,0x00,
 0x00,0x00,0x00,0x00,0x00,0x00,0x00,0x00,
 0x00,0x00,0x00,0x00,0x00,0x00,0x00,0x00,
 0x00,0x00,0x00,0x00,0x00,0x00,0x00,0x00,
 0x00,0x00,0x00,0x00,0x00,0x00,0x00,0x00,
 0x00,0x00,0x00,0x00,0x00,0x00,0x00,0x00,
 0x00,0x00,0x00,0x00,0x00,0x00,0x00,0x00,
 0x00,0x00,0x00,0x00,0x00,0x00,0x00,0x00,
 0x00,0x00,0x00,0x00,0x00,0x00,0x00,0x00,
 0x00,0x00,0x00,0x00,0x00,0x00,0x00,0x00,
 0x00,0x00,0x00,0x00,0x00,0x00,0x00,0x00,
 0x00,0x00,0x00,0x00,0x00,0x00,0x00,0x00,
 0x00,0x00,0x00,0x00,0x00,0x00,0x00,0x00,
 0x00,0x00,0x00,0x00,0x00,0x00,0x00,0x00,
 0x00,0x00,0x00,0x00,0x00,0x00,0x00,0x00,
 0x00,0x00,0x00,0x00,0x00,0x00,0x00,0x00,
 0x00,0x00,0x00,0x00,0x00,0x00,0x00,0x00,
 0x00,0x00,0x00,0x00,0x00,0x00,0x00,0x00,
 0x00,0x00,0x00,0x00,0x00,0x00,0x00,0x00,
 0x00,0x00,0x00,0x00,0x00,0x00,0x00,0x00,
 0x00,0x00,0x00,0x00,0x00,0x00,0x00,0x00,
 0x00,0x00,0x00,0x00,0x00,0x00,0x00,0x00,
 0x00,0x00,0x00,0x00,0x00,0x00,0x00,0x00,
 0x00,0x00,0x00,0x00,0x00,0x00,0x00,0x00,
 0x00,0x00,0x00,0x00,0x00,0x00,0x00,0x00,
 0x00,0x00,0x00,0x00,0x00,0x00,0x00,0x00,
 0x00,0x00,0x00,0x00,0x00,0x00,0x00,0x00,
 0x00,0x00,0x00,0x00,0x00,0x00,0x00,0x00,
 0x00,0x00,0x00,0x00,0x00,0x00,0x00,0x00,
 0x00,0x00,0x00,0x00,0x00,0x00,0x00,0x00,
 0x00,0x00,0x00,0x00,0x00,0x00,0x00,0x00,
 0x00,0x00,0x00,0x00,0x00,0x00,0x00,0x00,
 0x00,0x00,0x00,0x00,0x00,0x00,0x00,0x00,
 0x00,0x00,0x00,0x00,0x00,0x00,0x00,0x00,
 0x00,0x00,0x00,0x00,0x00,0x00,0x00,0x00,
 0x00,0x00,0x00,0x00,0x00,0x00,0x00,0x00,
 0x00,0x00,0x00,0x00,0x00,0x00,0x00,0x00,
 0x00,0x00,0x00,0x00,0x00,0x00,0x00,0x00,
 0x00,0x00,0x00,0x00,0x00,0x00,0x00,0x00,
 0x00,0x00,0x00,0x00,0x00,0x00,0x00,0x00,
 0x00,0x00,0x00,0x00,0x00,0x00,0x00,0x00,
 0x00,0x00,0x00,0x00,0x00,0x00,0x00,0x00,
 0x00,0x00,0x00,0x00,0x00,0x00,0x00,0x00,
 0x00,0x99,0x99,0x99,0x99,0x99,0x99,0x99,
 0x99,0x99,0x99,0x99,0x99,0x99,0x99,0x99,
 0x99,0x99,0x99,0x99,0x99,0x99,0x99,0x99,
 0x99,0x99,0x99,0x99,0x00,0x00,0x00,0xff,
 0x66,0xcc,0xff,0x66,0xcc,0xff,0x66,0xcc,
 0xff,0x66,0xcc,0xff,0x66,0xcc,0xff,0x66,
 0xcc,0xff,0x66,0xcc,0xff,0x66,0xcc,0xff,
 0x66,0xcc,0x00,0x00,0x00,0xcc,0x66,0xcc,
 0xcc,0x66,0xcc,0xcc,0x66,0xcc,0xcc,0x66,
 0xcc,0xcc,0x66,0xcc,0xcc,0x66,0xcc,0xcc,
 0x66,0xcc,0xcc,0x66,0xcc,0xcc,0x66,0xcc,
 0x00,0x00,0x00,0x99,0x66,0xcc,0x99,0x66,
 0xcc,0x99,0x66,0xcc,0x99,0x66,0xcc,0x99,
 0x66,0xcc,0x99,0x66,0xcc,0x99,0x66,0xcc,
 0x99,0x66,0xcc,0x99,0x66,0xcc,0x00,0x00,
 0x00,0x66,0x66,0xcc,0x66,0x66,0xcc,0x66,
 0x66,0xcc,0x66,0x66,0xcc,0x66,0x66,0xcc,
 0x66,0x66,0xcc,0x66,0x66,0xcc,0x66,0x66,
 0xcc,0x66,0x66,0xcc,0x00,0x00,0x00,0x33,
 0x66,0xcc,0x33,0x66,0xcc,0x33,0x66,0xcc,
 0x33,0x66,0xcc,0x33,0x66,0xcc,0x33,0x66,
 0xcc,0x33,0x66,0xcc,0x33,0x66,0xcc,0x33,
 0x66,0xcc,0x00,0x00,0x00,0x00,0x66,0xcc,
 0x00,0x66,0xcc,0x00,0x66,0xcc,0x00,0x66,
 0xcc,0x00,0x66,0xcc,0x00,0x66,0xcc,0x00,
 0x66,0xcc,0x00,0x66,0xcc,0x00,0x66,0xcc,
 0x00,0x00,0x00,0x00,0x66,0x66,0x00,0x66,
 0x66,0x00,0x66,0x66,0x00,0x66,0x66,0x00,
 0x66,0x66,0x00,0x66,0x66,0x00,0x66,0x66,
 0x00,0x66,0x66,0x00,0x66,0x66,0x00,0x00,
 0x00,0x33,0x66,0x66,0x33,0x66,0x66,0x33,
 0x66,0x66,0x33,0x66,0x66,0x33,0x66,0x66,
 0x33,0x66,0x66,0x33,0x66,0x66,0x33,0x66,
 0x66,0x33,0x66,0x66,0x00,0x00,0x00,0x66,
 0x66,0x66,0x66,0x66,0x66,0x66,0x66,0x66,
 0x66,0x66,0x66,0x66,0x66,0x66,0x66,0x66,
 0x66,0x66,0x66,0x66,0x66,0x66,0x66,0x66,
 0x66,0x66,0x00,0x00,0x00,0x99,0x66,0x66,
 0x99,0x66,0x66,0x99,0x66,0x66,0x99,0x66,
 0x66,0x99,0x66,0x66,0x99,0x66,0x66,0x99,
 0x66,0x66,0x99,0x66,0x66,0x99,0x66,0x66,
 0x00,0x00,0x00,0xcc,0x66,0x66,0xcc,0x66,
 0x66,0xcc,0x66,0x66,0xcc,0x66,0x66,0xcc,
 0x66,0x66,0xcc,0x66,0x66,0xcc,0x66,0x66,
 0xcc,0x66,0x66,0xcc,0x66,0x66,0x00,0x00,
 0x00,0xff,0x66,0x66,0xff,0x66,0x66,0xff,
 0x66,0x66,0xff,0x66,0x66,0xff,0x66,0x66,
 0xff,0x66,0x66,0xff,0x66,0x66,0xff,0x66,
 0x66,0xff,0x66,0x66,0x00,0x00,0x00,0xff,
 0x66,0x00,0xff,0x66,0x00,0xff,0x66,0x00,
 0xff,0x66,0x00,0xff,0x66,0x00,0xff,0x66,
 0x00,0xff,0x66,0x00,0xff,0x66,0x00,0xff,
 0x66,0x00,0x00,0x00,0x00,0xcc,0x66,0x00,
 0xcc,0x66,0x00,0xcc,0x66,0x00,0xcc,0x66,
 0x00,0xcc,0x66,0x00,0xcc,0x66,0x00,0xcc,
 0x66,0x00,0xcc,0x66,0x00,0xcc,0x66,0x00,
 0x00,0x00,0x00,0x99,0x66,0x00,0x99,0x66,
 0x00,0x99,0x66,0x00,0x99,0x66,0x00,0x99,
 0x66,0x00,0x99,0x66,0x00,0x99,0x66,0x00,
 0x99,0x66,0x00,0x99,0x66,0x00,0x00,0x00,
 0x00,0x66,0x66,0x00,0x66,0x66,0x00,0x66,
 0x66,0x00,0x66,0x66,0x00,0x66,0x66,0x00,
 0x66,0x66,0x00,0x66,0x66,0x00,0x66,0x66,
 0x00,0x66,0x66,0x00,0x00,0x00,0x00,0x33,
 0x66,0x00,0x33,0x66,0x00,0x33,0x66,0x00,
 0x33,0x66,0x00,0x33,0x66,0x00,0x33,0x66,
 0x00,0x33,0x66,0x00,0x33,0x66,0x00,0x33,
 0x66,0x00,0x00,0x00,0x00,0x00,0x66,0x00,
 0x00,0x66,0x00,0x00,0x66,0x00,0x00,0x66,
 0x00,0x00,0x66,0x00,0x00,0x66,0x00,0x00,
 0x66,0x00,0x00,0x66,0x00,0x00,0x66,0x00,
 0x00,0x00,0x00,0x00,0x00,0x00,0x00,0x00,
 0x00,0x99,0x99,0x99,0x99,0x99,0x99,0x99,
 0x99,0x99,0x99,0x99,0x99,0x99,0x99,0x99,
 0x99,0x99,0x99,0x99,0x99,0x99,0x99,0x99,
 0x99,0x99,0x99,0x99,0x00,0x00,0x00,0xff,
 0x66,0xcc,0xff,0x66,0xcc,0xff,0x66,0xcc,
 0xff,0x66,0xcc,0xff,0x66,0xcc,0xff,0x66,
 0xcc,0xff,0x66,0xcc,0xff,0x66,0xcc,0xff,
 0x66,0xcc,0x00,0x00,0x00,0xcc,0x66,0xcc,
 0xcc,0x66,0xcc,0xcc,0x66,0xcc,0xcc,0x66,
 0xcc,0xcc,0x66,0xcc,0xcc,0x66,0xcc,0xcc,
 0x66,0xcc,0xcc,0x66,0xcc,0xcc,0x66,0xcc,
 0x00,0x00,0x00,0x99,0x66,0xcc,0x99,0x66,
 0xcc,0x99,0x66,0xcc,0x99,0x66,0xcc,0x99,
 0x66,0xcc,0x99,0x66,0xcc,0x99,0x66,0xcc,
 0x99,0x66,0xcc,0x99,0x66,0xcc,0x00,0x00,
 0x00,0x66,0x66,0xcc,0x66,0x66,0xcc,0x66,
 0x66,0xcc,0x66,0x66,0xcc,0x66,0x66,0xcc,
 0x66,0x66,0xcc,0x66,0x66,0xcc,0x66,0x66,
 0xcc,0x66,0x66,0xcc,0x00,0x00,0x00,0x33,
 0x66,0xcc,0x33,0x66,0xcc,0x33,0x66,0xcc,
 0x33,0x66,0xcc,0x33,0x66,0xcc,0x33,0x66,
 0xcc,0x33,0x66,0xcc,0x33,0x66,0xcc,0x33,
 0x66,0xcc,0x00,0x00,0x00,0x00,0x66,0xcc,
 0x00,0x66,0xcc,0x00,0x66,0xcc,0x00,0x66,
 0xcc,0x00,0x66,0xcc,0x00,0x66,0xcc,0x00,
 0x66,0xcc,0x00,0x66,0xcc,0x00,0x66,0xcc,
 0x00,0x00,0x00,0x00,0x66,0x66,0x00,0x66,
 0x66,0x00,0x66,0x66,0x00,0x66,0x66,0x00,
 0x66,0x66,0x00,0x66,0x66,0x00,0x66,0x66,
 0x00,0x66,0x66,0x00,0x66,0x66,0x00,0x00,
 0x00,0x33,0x66,0x66,0x33,0x66,0x66,0x33,
 0x66,0x66,0x33,0x66,0x66,0x33,0x66,0x66,
 0x33,0x66,0x66,0x33,0x66,0x66,0x33,0x66,
 0x66,0x33,0x66,0x66,0x00,0x00,0x00,0x66,
 0x66,0x66,0x66,0x66,0x66,0x66,0x66,0x66,
 0x66,0x66,0x66,0x66,0x66,0x66,0x66,0x66,
 0x66,0x66,0x66,0x66,0x66,0x66,0x66,0x66,
 0x66,0x66,0x00,0x00,0x00,0x99,0x66,0x66,
 0x99,0x66,0x66,0x99,0x66,0x66,0x99,0x66,
 0x66,0x99,0x66,0x66,0x99,0x66,0x66,0x99,
 0x66,0x66,0x99,0x66,0x66,0x99,0x66,0x66,
 0x00,0x00,0x00,0xcc,0x66,0x66,0xcc,0x66,
 0x66,0xcc,0x66,0x66,0xcc,0x66,0x66,0xcc,
 0x66,0x66,0xcc,0x66,0x66,0xcc,0x66,0x66,
 0xcc,0x66,0x66,0xcc,0x66,0x66,0x00,0x00,
 0x00,0xff,0x66,0x66,0xff,0x66,0x66,0xff,
 0x66,0x66,0xff,0x66,0x66,0xff,0x66,0x66,
 0xff,0x66,0x66,0xff,0x66,0x66,0xff,0x66,
 0x66,0xff,0x66,0x66,0x00,0x00,0x00,0xff,
 0x66,0x00,0xff,0x66,0x00,0xff,0x66,0x00,
 0xff,0x66,0x00,0xff,0x66,0x00,0xff,0x66,
 0x00,0xff,0x66,0x00,0xff,0x66,0x00,0xff,
 0x66,0x00,0x00,0x00,0x00,0xcc,0x66,0x00,
 0xcc,0x66,0x00,0xcc,0x66,0x00,0xcc,0x66,
 0x00,0xcc,0x66,0x00,0xcc,0x66,0x00,0xcc,
 0x66,0x00,0xcc,0x66,0x00,0xcc,0x66,0x00,
 0x00,0x00,0x00,0x99,0x66,0x00,0x99,0x66,
 0x00,0x99,0x66,0x00,0x99,0x66,0x00,0x99,
 0x66,0x00,0x99,0x66,0x00,0x99,0x66,0x00,
 0x99,0x66,0x00,0x99,0x66,0x00,0x00,0x00,
 0x00,0x66,0x66,0x00,0x66,0x66,0x00,0x66,
 0x66,0x00,0x66,0x66,0x00,0x66,0x66,0x00,
 0x66,0x66,0x00,0x66,0x66,0x00,0x66,0x66,
 0x00,0x66,0x66,0x00,0x00,0x00,0x00,0x33,
 0x66,0x00,0x33,0x66,0x00,0x33,0x66,0x00,
 0x33,0x66,0x00,0x33,0x66,0x00,0x33,0x66,
 0x00,0x33,0x66,0x00,0x33,0x66,0x00,0x33,
 0x66,0x00,0x00,0x00,0x00,0x00,0x66,0x00,
 0x00,0x66,0x00,0x00,0x66,0x00,0x00,0x66,
 0x00,0x00,0x66,0x00,0x00,0x66,0x00,0x00,
 0x66,0x00,0x00,0x66,0x00,0x00,0x66,0x00,
 0x00,0x00,0x00,0x00,0x00,0x00,0x00,0x00,
 0x00,0x99,0x99,0x99,0x99,0x99,0x99,0x99,
 0x99,0x99,0x99,0x99,0x99,0x99,0x99,0x99,
 0x99,0x99,0x99,0x99,0x99,0x99,0x99,0x99,
 0x99,0x99,0x99,0x99,0x00,0x00,0x00,0xff,
 0x66,0xcc,0xff,0x66,0xcc,0xff,0x66,0xcc,
 0xff,0x66,0xcc,0xff,0x66,0xcc,0xff,0x66,
 0xcc,0xff,0x66,0xcc,0xff,0x66,0xcc,0xff,
 0x66,0xcc,0x00,0x00,0x00,0xcc,0x66,0xcc,
 0xcc,0x66,0xcc,0xcc,0x66,0xcc,0xcc,0x66,
 0xcc,0xcc,0x66,0xcc,0xcc,0x66,0xcc,0xcc,
 0x66,0xcc,0xcc,0x66,0xcc,0xcc,0x66,0xcc,
 0x00,0x00,0x00,0x99,0x66,0xcc,0x99,0x66,
 0xcc,0x99,0x66,0xcc,0x99,0x66,0xcc,0x99,
 0x66,0xcc,0x99,0x66,0xcc,0x99,0x66,0xcc,
 0x99,0x66,0xcc,0x99,0x66,0xcc,0x00,0x00,
 0x00,0x66,0x66,0xcc,0x66,0x66,0xcc,0x66,
 0x66,0xcc,0x66,0x66,0xcc,0x66,0x66,0xcc,
 0x66,0x66,0xcc,0x66,0x66,0xcc,0x66,0x66,
 0xcc,0x66,0x66,0xcc,0x00,0x00,0x00,0x33,
 0x66,0xcc,0x33,0x66,0xcc,0x33,0x66,0xcc,
 0x33,0x66,0xcc,0x33,0x66,0xcc,0x33,0x66,
 0xcc,0x33,0x66,0xcc,0x33,0x66,0xcc,0x33,
 0x66,0xcc,0x00,0x00,0x00,0x00,0x66,0xcc,
 0x00,0x66,0xcc,0x00,0x66,0xcc,0x00,0x66,
 0xcc,0x00,0x66,0xcc,0x00,0x66,0xcc,0x00,
 0x66,0xcc,0x00,0x66,0xcc,0x00,0x66,0xcc,
 0x00,0x00,0x00,0x00,0x66,0x66,0x00,0x66,
 0x66,0x00,0x66,0x66,0x00,0x66,0x66,0x00,
 0x66,0x66,0x00,0x66,0x66,0x00,0x66,0x66,
 0x00,0x66,0x66,0x00,0x66,0x66,0x00,0x00,
 0x00,0x33,0x66,0x66,0x33,0x66,0x66,0x33,
 0x66,0x66,0x33,0x66,0x66,0x33,0x66,0x66,
 0x33,0x66,0x66,0x33,0x66,0x66,0x33,0x66,
 0x66,0x33,0x66,0x66,0x00,0x00,0x00,0x66,
 0x66,0x66,0x66,0x66,0x66,0x66,0x66,0x66,
 0x66,0x66,0x66,0x66,0x66,0x66,0x66,0x66,
 0x66,0x66,0x66,0x66,0x66,0x66,0x66,0x66,
 0x66,0x66,0x00,0x00,0x00,0x99,0x66,0x66,
 0x99,0x66,0x66,0x99,0x66,0x66,0x99,0x66,
 0x66,0x99,0x66,0x66,0x99,0x66,0x66,0x99,
 0x66,0x66,0x99,0x66,0x66,0x99,0x66,0x66,
 0x00,0x00,0x00,0xcc,0x66,0x66,0xcc,0x66,
 0x66,0xcc,0x66,0x66,0xcc,0x66,0x66,0xcc,
 0x66,0x66,0xcc,0x66,0x66,0xcc,0x66,0x66,
 0xcc,0x66,0x66,0xcc,0x66,0x66,0x00,0x00,
 0x00,0xff,0x66,0x66,0xff,0x66,0x66,0xff,
 0x66,0x66,0xff,0x66,0x66,0xff,0x66,0x66,
 0xff,0x66,0x66,0xff,0x66,0x66,0xff,0x66,
 0x66,0xff,0x66,0x66,0x00,0x00,0x00,0xff,
 0x66,0x00,0xff,0x66,0x00,0xff,0x66,0x00,
 0xff,0x66,0x00,0xff,0x66,0x00,0xff,0x66,
 0x00,0xff,0x66,0x00,0xff,0x66,0x00,0xff,
 0x66,0x00,0x00,0x00,0x00,0xcc,0x66,0x00,
 0xcc,0x66,0x00,0xcc,0x66,0x00,0xcc,0x66,
 0x00,0xcc,0x66,0x00,0xcc,0x66,0x00,0xcc,
 0x66,0x00,0xcc,0x66,0x00,0xcc,0x66,0x00,
 0x00,0x00,0x00,0x99,0x66,0x00,0x99,0x66,
 0x00,0x99,0x66,0x00,0x99,0x66,0x00,0x99,
 0x66,0x00,0x99,0x66,0x00,0x99,0x66,0x00,
 0x99,0x66,0x00,0x99,0x66,0x00,0x00,0x00,
 0x00,0x66,0x66,0x00,0x66,0x66,0x00,0x66,
 0x66,0x00,0x66,0x66,0x00,0x66,0x66,0x00,
 0x66,0x66,0x00,0x66,0x66,0x00,0x66,0x66,
 0x00,0x66,0x66,0x00,0x00,0x00,0x00,0x33,
 0x66,0x00,0x33,0x66,0x00,0x33,0x66,0x00,
 0x33,0x66,0x00,0x33,0x66,0x00,0x33,0x66,
 0x00,0x33,0x66,0x00,0x33,0x66,0x00,0x33,
 0x66,0x00,0x00,0x00,0x00,0x00,0x66,0x00,
 0x00,0x66,0x00,0x00,0x66,0x00,0x00,0x66,
 0x00,0x00,0x66,0x00,0x00,0x66,0x00,0x00,
 0x66,0x00,0x00,0x66,0x00,0x00,0x66,0x00,
 0x00,0x00,0x00,0x00,0x00,0x00,0x00,0x00,
 0x00,0x99,0x99,0x99,0x99,0x99,0x99,0x99,
 0x99,0x99,0x99,0x99,0x99,0x99,0x99,0x99,
 0x99,0x99,0x99,0x99,0x99,0x99,0x99,0x99,
 0x99,0x99,0x99,0x99,0x00,0x00,0x00,0xff,
 0x66,0xcc,0xff,0x66,0xcc,0xff,0x66,0xcc,
 0xff,0x66,0xcc,0xff,0x66,0xcc,0xff,0x66,
 0xcc,0xff,0x66,0xcc,0xff,0x66,0xcc,0xff,
 0x66,0xcc,0x00,0x00,0x00,0xcc,0x66,0xcc,
 0xcc,0x66,0xcc,0xcc,0x66,0xcc,0xcc,0x66,
 0xcc,0xcc,0x66,0xcc,0xcc,0x66,0xcc,0xcc,
 0x66,0xcc,0xcc,0x66,0xcc,0xcc,0x66,0xcc,
 0x00,0x00,0x00,0x99,0x66,0xcc,0x99,0x66,
 0xcc,0x99,0x66,0xcc,0x99,0x66,0xcc,0x99,
 0x66,0xcc,0x99,0x66,0xcc,0x99,0x66,0xcc,
 0x99,0x66,0xcc,0x99,0x66,0xcc,0x00,0x00,
 0x00,0x66,0x66,0xcc,0x66,0x66,0xcc,0x66,
 0x66,0xcc,0x66,0x66,0xcc,0x66,0x66,0xcc,
 0x66,0x66,0xcc,0x66,0x66,0xcc,0x66,0x66,
 0xcc,0x66,0x66,0xcc,0x00,0x00,0x00,0x33,
 0x66,0xcc,0x33,0x66,0xcc,0x33,0x66,0xcc,
 0x33,0x66,0xcc,0x33,0x66,0xcc,0x33,0x66,
 0xcc,0x33,0x66,0xcc,0x33,0x66,0xcc,0x33,
 0x66,0xcc,0x00,0x00,0x00,0x00,0x66,0xcc,
 0x00,0x66,0xcc,0x00,0x66,0xcc,0x00,0x66,
 0xcc,0x00,0x66,0xcc,0x00,0x66,0xcc,0x00,
 0x66,0xcc,0x00,0x66,0xcc,0x00,0x66,0xcc,
 0x00,0x00,0x00,0x00,0x66,0x66,0x00,0x66,
 0x66,0x00,0x66,0x66,0x00,0x66,0x66,0x00,
 0x66,0x66,0x00,0x66,0x66,0x00,0x66,0x66,
 0x00,0x66,0x66,0x00,0x66,0x66,0x00,0x00,
 0x00,0x33,0x66,0x66,0x33,0x66,0x66,0x33,
 0x66,0x66,0x33,0x66,0x66,0x33,0x66,0x66,
 0x33,0x66,0x66,0x33,0x66,0x66,0x33,0x66,
 0x66,0x33,0x66,0x66,0x00,0x00,0x00,0x66,
 0x66,0x66,0x66,0x66,0x66,0x66,0x66,0x66,
 0x66,0x66,0x66,0x66,0x66,0x66,0x66,0x66,
 0x66,0x66,0x66,0x66,0x66,0x66,0x66,0x66,
 0x66,0x66,0x00,0x00,0x00,0x99,0x66,0x66,
 0x99,0x66,0x66,0x99,0x66,0x66,0x99,0x66,
 0x66,0x99,0x66,0x66,0x99,0x66,0x66,0x99,
 0x66,0x66,0x99,0x66,0x66,0x99,0x66,0x66,
 0x00,0x00,0x00,0xcc,0x66,0x66,0xcc,0x66,
 0x66,0xcc,0x66,0x66,0xcc,0x66,0x66,0xcc,
 0x66,0x66,0xcc,0x66,0x66,0xcc,0x66,0x66,
 0xcc,0x66,0x66,0xcc,0x66,0x66,0x00,0x00,
 0x00,0xff,0x66,0x66,0xff,0x66,0x66,0xff,
 0x66,0x66,0xff,0x66,0x66,0xff,0x66,0x66,
 0xff,0x66,0x66,0xff,0x66,0x66,0xff,0x66,
 0x66,0xff,0x66,0x66,0x00,0x00,0x00,0xff,
 0x66,0x00,0xff,0x66,0x00,0xff,0x66,0x00,
 0xff,0x66,0x00,0xff,0x66,0x00,0xff,0x66,
 0x00,0xff,0x66,0x00,0xff,0x66,0x00,0xff,
 0x66,0x00,0x00,0x00,0x00,0xcc,0x66,0x00,
 0xcc,0x66,0x00,0xcc,0x66,0x00,0xcc,0x66,
 0x00,0xcc,0x66,0x00,0xcc,0x66,0x00,0xcc,
 0x66,0x00,0xcc,0x66,0x00,0xcc,0x66,0x00,
 0x00,0x00,0x00,0x99,0x66,0x00,0x99,0x66,
 0x00,0x99,0x66,0x00,0x99,0x66,0x00,0x99,
 0x66,0x00,0x99,0x66,0x00,0x99,0x66,0x00,
 0x99,0x66,0x00,0x99,0x66,0x00,0x00,0x00,
 0x00,0x66,0x66,0x00,0x66,0x66,0x00,0x66,
 0x66,0x00,0x66,0x66,0x00,0x66,0x66,0x00,
 0x66,0x66,0x00,0x66,0x66,0x00,0x66,0x66,
 0x00,0x66,0x66,0x00,0x00,0x00,0x00,0x33,
 0x66,0x00,0x33,0x66,0x00,0x33,0x66,0x00,
 0x33,0x66,0x00,0x33,0x66,0x00,0x33,0x66,
 0x00,0x33,0x66,0x00,0x33,0x66,0x00,0x33,
 0x66,0x00,0x00,0x00,0x00,0x00,0x66,0x00,
 0x00,0x66,0x00,0x00,0x66,0x00,0x00,0x66,
 0x00,0x00,0x66,0x00,0x00,0x66,0x00,0x00,
 0x66,0x00,0x00,0x66,0x00,0x00,0x66,0x00,
 0x00,0x00,0x00,0x00,0x00,0x00,0x00,0x00,
 0x00,0x99,0x99,0x99,0x99,0x99,0x99,0x99,
 0x99,0x99,0x99,0x99,0x99,0x99,0x99,0x99,
 0x99,0x99,0x99,0x99,0x99,0x99,0x99,0x99,
 0x99,0x99,0x99,0x99,0x00,0x00,0x00,0xff,
 0x66,0xcc,0xff,0x66,0xcc,0xff,0x66,0xcc,
 0xff,0x66,0xcc,0xff,0x66,0xcc,0xff,0x66,
 0xcc,0xff,0x66,0xcc,0xff,0x66,0xcc,0xff,
 0x66,0xcc,0x00,0x00,0x00,0xcc,0x66,0xcc,
 0xcc,0x66,0xcc,0xcc,0x66,0xcc,0xcc,0x66,
 0xcc,0xcc,0x66,0xcc,0xcc,0x66,0xcc,0xcc,
 0x66,0xcc,0xcc,0x66,0xcc,0xcc,0x66,0xcc,
 0x00,0x00,0x00,0x99,0x66,0xcc,0x99,0x66,
 0xcc,0x99,0x66,0xcc,0x99,0x66,0xcc,0x99,
 0x66,0xcc,0x99,0x66,0xcc,0x99,0x66,0xcc,
 0x99,0x66,0xcc,0x99,0x66,0xcc,0x00,0x00,
 0x00,0x66,0x66,0xcc,0x66,0x66,0xcc,0x66,
 0x66,0xcc,0x66,0x66,0xcc,0x66,0x66,0xcc,
 0x66,0x66,0xcc,0x66,0x66,0xcc,0x66,0x66,
 0xcc,0x66,0x66,0xcc,0x00,0x00,0x00,0x33,
 0x66,0xcc,0x33,0x66,0xcc,0x33,0x66,0xcc,
 0x33,0x66,0xcc,0x33,0x66,0xcc,0x33,0x66,
 0xcc,0x33,0x66,0xcc,0x33,0x66,0xcc,0x33,
 0x66,0xcc,0x00,0x00,0x00,0x00,0x66,0xcc,
 0x00,0x66,0xcc,0x00,0x66,0xcc,0x00,0x66,
 0xcc,0x00,0x66,0xcc,0x00,0x66,0xcc,0x00,
 0x66,0xcc,0x00,0x66,0xcc,0x00,0x66,0xcc,
 0x00,0x00,0x00,0x00,0x66,0x66,0x00,0x66,
 0x66,0x00,0x66,0x66,0x00,0x66,0x66,0x00,
 0x66,0x66,0x00,0x66,0x66,0x00,0x66,0x66,
 0x00,0x66,0x66,0x00,0x66,0x66,0x00,0x00,
 0x00,0x33,0x66,0x66,0x33,0x66,0x66,0x33,
 0x66,0x66,0x33,0x66,0x66,0x33,0x66,0x66,
 0x33,0x66,0x66,0x33,0x66,0x66,0x33,0x66,
 0x66,0x33,0x66,0x66,0x00,0x00,0x00,0x66,
 0x66,0x66,0x66,0x66,0x66,0x66,0x66,0x66,
 0x66,0x66,0x66,0x66,0x66,0x66,0x66,0x66,
 0x66,0x66,0x66,0x66,0x66,0x66,0x66,0x66,
 0x66,0x66,0x00,0x00,0x00,0x99,0x66,0x66,
 0x99,0x66,0x66,0x99,0x66,0x66,0x99,0x66,
 0x66,0x99,0x66,0x66,0x99,0x66,0x66,0x99,
 0x66,0x66,0x99,0x66,0x66,0x99,0x66,0x66,
 0x00,0x00,0x00,0xcc,0x66,0x66,0xcc,0x66,
 0x66,0xcc,0x66,0x66,0xcc,0x66,0x66,0xcc,
 0x66,0x66,0xcc,0x66,0x66,0xcc,0x66,0x66,
 0xcc,0x66,0x66,0xcc,0x66,0x66,0x00,0x00,
 0x00,0xff,0x66,0x66,0xff,0x66,0x66,0xff,
 0x66,0x66,0xff,0x66,0x66,0xff,0x66,0x66,
 0xff,0x66,0x66,0xff,0x66,0x66,0xff,0x66,
 0x66,0xff,0x66,0x66,0x00,0x00,0x00,0xff,
 0x66,0x00,0xff,0x66,0x00,0xff,0x66,0x00,
 0xff,0x66,0x00,0xff,0x66,0x00,0xff,0x66,
 0x00,0xff,0x66,0x00,0xff,0x66,0x00,0xff,
 0x66,0x00,0x00,0x00,0x00,0xcc,0x66,0x00,
 0xcc,0x66,0x00,0xcc,0x66,0x00,0xcc,0x66,
 0x00,0xcc,0x66,0x00,0xcc,0x66,0x00,0xcc,
 0x66,0x00,0xcc,0x66,0x00,0xcc,0x66,0x00,
 0x00,0x00,0x00,0x99,0x66,0x00,0x99,0x66,
 0x00,0x99,0x66,0x00,0x99,0x66,0x00,0x99,
 0x66,0x00,0x99,0x66,0x00,0x99,0x66,0x00,
 0x99,0x66,0x00,0x99,0x66,0x00,0x00,0x00,
 0x00,0x66,0x66,0x00,0x66,0x66,0x00,0x66,
 0x66,0x00,0x66,0x66,0x00,0x66,0x66,0x00,
 0x66,0x66,0x00,0x66,0x66,0x00,0x66,0x66,
 0x00,0x66,0x66,0x00,0x00,0x00,0x00,0x33,
 0x66,0x00,0x33,0x66,0x00,0x33,0x66,0x00,
 0x33,0x66,0x00,0x33,0x66,0x00,0x33,0x66,
 0x00,0x33,0x66,0x00,0x33,0x66,0x00,0x33,
 0x66,0x00,0x00,0x00,0x00,0x00,0x66,0x00,
 0x00,0x66,0x00,0x00,0x66,0x00,0x00,0x66,
 0x00,0x00,0x66,0x00,0x00,0x66,0x00,0x00,
 0x66,0x00,0x00,0x66,0x00,0x00,0x66,0x00,
 0x00,0x00,0x00,0x00,0x00,0x00,0x00,0x00,
 0x00,0x99,0x99,0x99,0x99,0x99,0x99,0x99,
 0x99,0x99,0x99,0x99,0x99,0x99,0x99,0x99,
 0x99,0x99,0x99,0x99,0x99,0x99,0x99,0x99,
 0x99,0x99,0x99,0x99,0x00,0x00,0x00,0xff,
 0x66,0xcc,0xff,0x66,0xcc,0xff,0x66,0xcc,
 0xff,0x66,0xcc,0xff,0x66,0xcc,0xff,0x66,
 0xcc,0xff,0x66,0xcc,0xff,0x66,0xcc,0xff,
 0x66,0xcc,0x00,0x00,0x00,0xcc,0x66,0xcc,
 0xcc,0x66,0xcc,0xcc,0x66,0xcc,0xcc,0x66,
 0xcc,0xcc,0x66,0xcc,0xcc,0x66,0xcc,0xcc,
 0x66,0xcc,0xcc,0x66,0xcc,0xcc,0x66,0xcc,
 0x00,0x00,0x00,0x99,0x66,0xcc,0x99,0x66,
 0xcc,0x99,0x66,0xcc,0x99,0x66,0xcc,0x99,
 0x66,0xcc,0x99,0x66,0xcc,0x99,0x66,0xcc,
 0x99,0x66,0xcc,0x99,0x66,0xcc,0x00,0x00,
 0x00,0x66,0x66,0xcc,0x66,0x66,0xcc,0x66,
 0x66,0xcc,0x66,0x66,0xcc,0x66,0x66,0xcc,
 0x66,0x66,0xcc,0x66,0x66,0xcc,0x66,0x66,
 0xcc,0x66,0x66,0xcc,0x00,0x00,0x00,0x33,
 0x66,0xcc,0x33,0x66,0xcc,0x33,0x66,0xcc,
 0x33,0x66,0xcc,0x33,0x66,0xcc,0x33,0x66,
 0xcc,0x33,0x66,0xcc,0x33,0x66,0xcc,0x33,
 0x66,0xcc,0x00,0x00,0x00,0x00,0x66,0xcc,
 0x00,0x66,0xcc,0x00,0x66,0xcc,0x00,0x66,
 0xcc,0x00,0x66,0xcc,0x00,0x66,0xcc,0x00,
 0x66,0xcc,0x00,0x66,0xcc,0x00,0x66,0xcc,
 0x00,0x00,0x00,0x00,0x66,0x66,0x00,0x66,
 0x66,0x00,0x66,0x66,0x00,0x66,0x66,0x00,
 0x66,0x66,0x00,0x66,0x66,0x00,0x66,0x66,
 0x00,0x66,0x66,0x00,0x66,0x66,0x00,0x00,
 0x00,0x33,0x66,0x66,0x33,0x66,0x66,0x33,
 0x66,0x66,0x33,0x66,0x66,0x33,0x66,0x66,
 0x33,0x66,0x66,0x33,0x66,0x66,0x33,0x66,
 0x66,0x33,0x66,0x66,0x00,0x00,0x00,0x66,
 0x66,0x66,0x66,0x66,0x66,0x66,0x66,0x66,
 0x66,0x66,0x66,0x66,0x66,0x66,0x66,0x66,
 0x66,0x66,0x66,0x66,0x66,0x66,0x66,0x66,
 0x66,0x66,0x00,0x00,0x00,0x99,0x66,0x66,
 0x99,0x66,0x66,0x99,0x66,0x66,0x99,0x66,
 0x66,0x99,0x66,0x66,0x99,0x66,0x66,0x99,
 0x66,0x66,0x99,0x66,0x66,0x99,0x66,0x66,
 0x00,0x00,0x00,0xcc,0x66,0x66,0xcc,0x66,
 0x66,0xcc,0x66,0x66,0xcc,0x66,0x66,0xcc,
 0x66,0x66,0xcc,0x66,0x66,0xcc,0x66,0x66,
 0xcc,0x66,0x66,0xcc,0x66,0x66,0x00,0x00,
 0x00,0xff,0x66,0x66,0xff,0x66,0x66,0xff,
 0x66,0x66,0xff,0x66,0x66,0xff,0x66,0x66,
 0xff,0x66,0x66,0xff,0x66,0x66,0xff,0x66,
 0x66,0xff,0x66,0x66,0x00,0x00,0x00,0xff,
 0x66,0x00,0xff,0x66,0x00,0xff,0x66,0x00,
 0xff,0x66,0x00,0xff,0x66,0x00,0xff,0x66,
 0x00,0xff,0x66,0x00,0xff,0x66,0x00,0xff,
 0x66,0x00,0x00,0x00,0x00,0xcc,0x66,0x00,
 0xcc,0x66,0x00,0xcc,0x66,0x00,0xcc,0x66,
 0x00,0xcc,0x66,0x00,0xcc,0x66,0x00,0xcc,
 0x66,0x00,0xcc,0x66,0x00,0xcc,0x66,0x00,
 0x00,0x00,0x00,0x99,0x66,0x00,0x99,0x66,
 0x00,0x99,0x66,0x00,0x99,0x66,0x00,0x99,
 0x66,0x00,0x99,0x66,0x00,0x99,0x66,0x00,
 0x99,0x66,0x00,0x99,0x66,0x00,0x00,0x00,
 0x00,0x66,0x66,0x00,0x66,0x66,0x00,0x66,
 0x66,0x00,0x66,0x66,0x00,0x66,0x66,0x00,
 0x66,0x66,0x00,0x66,0x66,0x00,0x66,0x66,
 0x00,0x66,0x66,0x00,0x00,0x00,0x00,0x33,
 0x66,0x00,0x33,0x66,0x00,0x33,0x66,0x00,
 0x33,0x66,0x00,0x33,0x66,0x00,0x33,0x66,
 0x00,0x33,0x66,0x00,0x33,0x66,0x00,0x33,
 0x66,0x00,0x00,0x00,0x00,0x00,0x66,0x00,
 0x00,0x66,0x00,0x00,0x66,0x00,0x00,0x66,
 0x00,0x00,0x66,0x00,0x00,0x66,0x00,0x00,
 0x66,0x00,0x00,0x66,0x00,0x00,0x66,0x00,
 0x00,0x00,0x00,0x00,0x00,0x00,0x00,0x00,
 0x00,0x99,0x99,0x99,0x99,0x99,0x99,0x99,
 0x99,0x99,0x99,0x99,0x99,0x99,0x99,0x99,
 0x99,0x99,0x99,0x99,0x99,0x99,0x99,0x99,
 0x99,0x99,0x99,0x99,0x00,0x00,0x00,0xff,
 0x66,0xcc,0xff,0x66,0xcc,0xff,0x66,0xcc,
 0xff,0x66,0xcc,0xff,0x66,0xcc,0xff,0x66,
 0xcc,0xff,0x66,0xcc,0xff,0x66,0xcc,0xff,
 0x66,0xcc,0x00,0x00,0x00,0xcc,0x66,0xcc,
 0xcc,0x66,0xcc,0xcc,0x66,0xcc,0xcc,0x66,
 0xcc,0xcc,0x66,0xcc,0xcc,0x66,0xcc,0xcc,
 0x66,0xcc,0xcc,0x66,0xcc,0xcc,0x66,0xcc,
 0x00,0x00,0x00,0x99,0x66,0xcc,0x99,0x66,
 0xcc,0x99,0x66,0xcc,0x99,0x66,0xcc,0x99,
 0x66,0xcc,0x99,0x66,0xcc,0x99,0x66,0xcc,
 0x99,0x66,0xcc,0x99,0x66,0xcc,0x00,0x00,
 0x00,0x66,0x66,0xcc,0x66,0x66,0xcc,0x66,
 0x66,0xcc,0x66,0x66,0xcc,0x66,0x66,0xcc,
 0x66,0x66,0xcc,0x66,0x66,0xcc,0x66,0x66,
 0xcc,0x66,0x66,0xcc,0x00,0x00,0x00,0x33,
 0x66,0xcc,0x33,0x66,0xcc,0x33,0x66,0xcc,
 0x33,0x66,0xcc,0x33,0x66,0xcc,0x33,0x66,
 0xcc,0x33,0x66,0xcc,0x33,0x66,0xcc,0x33,
 0x66,0xcc,0x00,0x00,0x00,0x00,0x66,0xcc,
 0x00,0x66,0xcc,0x00,0x66,0xcc,0x00,0x66,
 0xcc,0x00,0x66,0xcc,0x00,0x66,0xcc,0x00,
 0x66,0xcc,0x00,0x66,0xcc,0x00,0x66,0xcc,
 0x00,0x00,0x00,0x00,0x66,0x66,0x00,0x66,
 0x66,0x00,0x66,0x66,0x00,0x66,0x66,0x00,
 0x66,0x66,0x00,0x66,0x66,0x00,0x66,0x66,
 0x00,0x66,0x66,0x00,0x66,0x66,0x00,0x00,
 0x00,0x33,0x66,0x66,0x33,0x66,0x66,0x33,
 0x66,0x66,0x33,0x66,0x66,0x33,0x66,0x66,
 0x33,0x66,0x66,0x33,0x66,0x66,0x33,0x66,
 0x66,0x33,0x66,0x66,0x00,0x00,0x00,0x66,
 0x66,0x66,0x66,0x66,0x66,0x66,0x66,0x66,
 0x66,0x66,0x66,0x66,0x66,0x66,0x66,0x66,
 0x66,0x66,0x66,0x66,0x66,0x66,0x66,0x66,
 0x66,0x66,0x00,0x00,0x00,0x99,0x66,0x66,
 0x99,0x66,0x66,0x99,0x66,0x66,0x99,0x66,
 0x66,0x99,0x66,0x66,0x99,0x66,0x66,0x99,
 0x66,0x66,0x99,0x66,0x66,0x99,0x66,0x66,
 0x00,0x00,0x00,0xcc,0x66,0x66,0xcc,0x66,
 0x66,0xcc,0x66,0x66,0xcc,0x66,0x66,0xcc,
 0x66,0x66,0xcc,0x66,0x66,0xcc,0x66,0x66,
 0xcc,0x66,0x66,0xcc,0x66,0x66,0x00,0x00,
 0x00,0xff,0x66,0x66,0xff,0x66,0x66,0xff,
 0x66,0x66,0xff,0x66,0x66,0xff,0x66,0x66,
 0xff,0x66,0x66,0xff,0x66,0x66,0xff,0x66,
 0x66,0xff,0x66,0x66,0x00,0x00,0x00,0xff,
 0x66,0x00,0xff,0x66,0x00,0xff,0x66,0x00,
 0xff,0x66,0x00,0xff,0x66,0x00,0xff,0x66,
 0x00,0xff,0x66,0x00,0xff,0x66,0x00,0xff,
 0x66,0x00,0x00,0x00,0x00,0xcc,0x66,0x00,
 0xcc,0x66,0x00,0xcc,0x66,0x00,0xcc,0x66,
 0x00,0xcc,0x66,0x00,0xcc,0x66,0x00,0xcc,
 0x66,0x00,0xcc,0x66,0x00,0xcc,0x66,0x00,
 0x00,0x00,0x00,0x99,0x66,0x00,0x99,0x66,
 0x00,0x99,0x66,0x00,0x99,0x66,0x00,0x99,
 0x66,0x00,0x99,0x66,0x00,0x99,0x66,0x00,
 0x99,0x66,0x00,0x99,0x66,0x00,0x00,0x00,
 0x00,0x66,0x66,0x00,0x66,0x66,0x00,0x66,
 0x66,0x00,0x66,0x66,0x00,0x66,0x66,0x00,
 0x66,0x66,0x00,0x66,0x66,0x00,0x66,0x66,
 0x00,0x66,0x66,0x00,0x00,0x00,0x00,0x33,
 0x66,0x00,0x33,0x66,0x00,0x33,0x66,0x00,
 0x33,0x66,0x00,0x33,0x66,0x00,0x33,0x66,
 0x00,0x33,0x66,0x00,0x33,0x66,0x00,0x33,
 0x66,0x00,0x00,0x00,0x00,0x00,0x66,0x00,
 0x00,0x66,0x00,0x00,0x66,0x00,0x00,0x66,
 0x00,0x00,0x66,0x00,0x00,0x66,0x00,0x00,
 0x66,0x00,0x00,0x66,0x00,0x00,0x66,0x00,
 0x00,0x00,0x00,0x00,0x00,0x00,0x00,0x00,
 0x00,0x99,0x99,0x99,0x99,0x99,0x99,0x99,
 0x99,0x99,0x99,0x99,0x99,0x99,0x99,0x99,
 0x99,0x99,0x99,0x99,0x99,0x99,0x99,0x99,
 0x99,0x99,0x99,0x99,0x00,0x00,0x00,0xff,
 0x66,0xcc,0xff,0x66,0xcc,0xff,0x66,0xcc,
 0xff,0x66,0xcc,0xff,0x66,0xcc,0xff,0x66,
 0xcc,0xff,0x66,0xcc,0xff,0x66,0xcc,0xff,
 0x66,0xcc,0x00,0x00,0x00,0xcc,0x66,0xcc,
 0xcc,0x66,0xcc,0xcc,0x66,0xcc,0xcc,0x66,
 0xcc,0xcc,0x66,0xcc,0xcc,0x66,0xcc,0xcc,
 0x66,0xcc,0xcc,0x66,0xcc,0xcc,0x66,0xcc,
 0x00,0x00,0x00,0x99,0x66,0xcc,0x99,0x66,
 0xcc,0x99,0x66,0xcc,0x99,0x66,0xcc,0x99,
 0x66,0xcc,0x99,0x66,0xcc,0x99,0x66,0xcc,
 0x99,0x66,0xcc,0x99,0x66,0xcc,0x00,0x00,
 0x00,0x66,0x66,0xcc,0x66,0x66,0xcc,0x66,
 0x66,0xcc,0x66,0x66,0xcc,0x66,0x66,0xcc,
 0x66,0x66,0xcc,0x66,0x66,0xcc,0x66,0x66,
 0xcc,0x66,0x66,0xcc,0x00,0x00,0x00,0x33,
 0x66,0xcc,0x33,0x66,0xcc,0x33,0x66,0xcc,
 0x33,0x66,0xcc,0x33,0x66,0xcc,0x33,0x66,
 0xcc,0x33,0x66,0xcc,0x33,0x66,0xcc,0x33,
 0x66,0xcc,0x00,0x00,0x00,0x00,0x66,0xcc,
 0x00,0x66,0xcc,0x00,0x66,0xcc,0x00,0x66,
 0xcc,0x00,0x66,0xcc,0x00,0x66,0xcc,0x00,
 0x66,0xcc,0x00,0x66,0xcc,0x00,0x66,0xcc,
 0x00,0x00,0x00,0x00,0x66,0x66,0x00,0x66,
 0x66,0x00,0x66,0x66,0x00,0x66,0x66,0x00,
 0x66,0x66,0x00,0x66,0x66,0x00,0x66,0x66,
 0x00,0x66,0x66,0x00,0x66,0x66,0x00,0x00,
 0x00,0x33,0x66,0x66,0x33,0x66,0x66,0x33,
 0x66,0x66,0x33,0x66,0x66,0x33,0x66,0x66,
 0x33,0x66,0x66,0x33,0x66,0x66,0x33,0x66,
 0x66,0x33,0x66,0x66,0x00,0x00,0x00,0x66,
 0x66,0x66,0x66,0x66,0x66,0x66,0x66,0x66,
 0x66,0x66,0x66,0x66,0x66,0x66,0x66,0x66,
 0x66,0x66,0x66,0x66,0x66,0x66,0x66,0x66,
 0x66,0x66,0x00,0x00,0x00,0x99,0x66,0x66,
 0x99,0x66,0x66,0x99,0x66,0x66,0x99,0x66,
 0x66,0x99,0x66,0x66,0x99,0x66,0x66,0x99,
 0x66,0x66,0x99,0x66,0x66,0x99,0x66,0x66,
 0x00,0x00,0x00,0xcc,0x66,0x66,0xcc,0x66,
 0x66,0xcc,0x66,0x66,0xcc,0x66,0x66,0xcc,
 0x66,0x66,0xcc,0x66,0x66,0xcc,0x66,0x66,
 0xcc,0x66,0x66,0xcc,0x66,0x66,0x00,0x00,
 0x00,0xff,0x66,0x66,0xff,0x66,0x66,0xff,
 0x66,0x66,0xff,0x66,0x66,0xff,0x66,0x66,
 0xff,0x66,0x66,0xff,0x66,0x66,0xff,0x66,
 0x66,0xff,0x66,0x66,0x00,0x00,0x00,0xff,
 0x66,0x00,0xff,0x66,0x00,0xff,0x66,0x00,
 0xff,0x66,0x00,0xff,0x66,0x00,0xff,0x66,
 0x00,0xff,0x66,0x00,0xff,0x66,0x00,0xff,
 0x66,0x00,0x00,0x00,0x00,0xcc,0x66,0x00,
 0xcc,0x66,0x00,0xcc,0x66,0x00,0xcc,0x66,
 0x00,0xcc,0x66,0x00,0xcc,0x66,0x00,0xcc,
 0x66,0x00,0xcc,0x66,0x00,0xcc,0x66,0x00,
 0x00,0x00,0x00,0x99,0x66,0x00,0x99,0x66,
 0x00,0x99,0x66,0x00,0x99,0x66,0x00,0x99,
 0x66,0x00,0x99,0x66,0x00,0x99,0x66,0x00,
 0x99,0x66,0x00,0x99,0x66,0x00,0x00,0x00,
 0x00,0x66,0x66,0x00,0x66,0x66,0x00,0x66,
 0x66,0x00,0x66,0x66,0x00,0x66,0x66,0x00,
 0x66,0x66,0x00,0x66,0x66,0x00,0x66,0x66,
 0x00,0x66,0x66,0x00,0x00,0x00,0x00,0x33,
 0x66,0x00,0x33,0x66,0x00,0x33,0x66,0x00,
 0x33,0x66,0x00,0x33,0x66,0x00,0x33,0x66,
 0x00,0x33,0x66,0x00,0x33,0x66,0x00,0x33,
 0x66,0x00,0x00,0x00,0x00,0x00,0x66,0x00,
 0x00,0x66,0x00,0x00,0x66,0x00,0x00,0x66,
 0x00,0x00,0x66,0x00,0x00,0x66,0x00,0x00,
 0x66,0x00,0x00,0x66,0x00,0x00,0x66,0x00,
 0x00,0x00,0x00,0x00,0x00,0x00,0x00,0x00,
 0x00,0x99,0x99,0x99,0x99,0x99,0x99,0x99,
 0x99,0x99,0x99,0x99,0x99,0x99,0x99,0x99,
 0x99,0x99,0x99,0x99,0x99,0x99,0x99,0x99,
 0x99,0x99,0x99,0x99,0x00,0x00,0x00,0xff,
 0x66,0xcc,0xff,0x66,0xcc,0xff,0x66,0xcc,
 0xff,0x66,0xcc,0xff,0x66,0xcc,0xff,0x66,
 0xcc,0xff,0x66,0xcc,0xff,0x66,0xcc,0xff,
 0x66,0xcc,0x00,0x00,0x00,0xcc,0x66,0xcc,
 0xcc,0x66,0xcc,0xcc,0x66,0xcc,0xcc,0x66,
 0xcc,0xcc,0x66,0xcc,0xcc,0x66,0xcc,0xcc,
 0x66,0xcc,0xcc,0x66,0xcc,0xcc,0x66,0xcc,
 0x00,0x00,0x00,0x99,0x66,0xcc,0x99,0x66,
 0xcc,0x99,0x66,0xcc,0x99,0x66,0xcc,0x99,
 0x66,0xcc,0x99,0x66,0xcc,0x99,0x66,0xcc,
 0x99,0x66,0xcc,0x99,0x66,0xcc,0x00,0x00,
 0x00,0x66,0x66,0xcc,0x66,0x66,0xcc,0x66,
 0x66,0xcc,0x66,0x66,0xcc,0x66,0x66,0xcc,
 0x66,0x66,0xcc,0x66,0x66,0xcc,0x66,0x66,
 0xcc,0x66,0x66,0xcc,0x00,0x00,0x00,0x33,
 0x66,0xcc,0x33,0x66,0xcc,0x33,0x66,0xcc,
 0x33,0x66,0xcc,0x33,0x66,0xcc,0x33,0x66,
 0xcc,0x33,0x66,0xcc,0x33,0x66,0xcc,0x33,
 0x66,0xcc,0x00,0x00,0x00,0x00,0x66,0xcc,
 0x00,0x66,0xcc,0x00,0x66,0xcc,0x00,0x66,
 0xcc,0x00,0x66,0xcc,0x00,0x66,0xcc,0x00,
 0x66,0xcc,0x00,0x66,0xcc,0x00,0x66,0xcc,
 0x00,0x00,0x00,0x00,0x66,0x66,0x00,0x66,
 0x66,0x00,0x66,0x66,0x00,0x66,0x66,0x00,
 0x66,0x66,0x00,0x66,0x66,0x00,0x66,0x66,
 0x00,0x66,0x66,0x00,0x66,0x66,0x00,0x00,
 0x00,0x33,0x66,0x66,0x33,0x66,0x66,0x33,
 0x66,0x66,0x33,0x66,0x66,0x33,0x66,0x66,
 0x33,0x66,0x66,0x33,0x66,0x66,0x33,0x66,
 0x66,0x33,0x66,0x66,0x00,0x00,0x00,0x66,
 0x66,0x66,0x66,0x66,0x66,0x66,0x66,0x66,
 0x66,0x66,0x66,0x66,0x66,0x66,0x66,0x66,
 0x66,0x66,0x66,0x66,0x66,0x66,0x66,0x66,
 0x66,0x66,0x00,0x00,0x00,0x99,0x66,0x66,
 0x99,0x66,0x66,0x99,0x66,0x66,0x99,0x66,
 0x66,0x99,0x66,0x66,0x99,0x66,0x66,0x99,
 0x66,0x66,0x99,0x66,0x66,0x99,0x66,0x66,
 0x00,0x00,0x00,0xcc,0x66,0x66,0xcc,0x66,
 0x66,0xcc,0x66,0x66,0xcc,0x66,0x66,0xcc,
 0x66,0x66,0xcc,0x66,0x66,0xcc,0x66,0x66,
 0xcc,0x66,0x66,0xcc,0x66,0x66,0x00,0x00,
 0x00,0xff,0x66,0x66,0xff,0x66,0x66,0xff,
 0x66,0x66,0xff,0x66,0x66,0xff,0x66,0x66,
 0xff,0x66,0x66,0xff,0x66,0x66,0xff,0x66,
 0x66,0xff,0x66,0x66,0x00,0x00,0x00,0xff,
 0x66,0x00,0xff,0x66,0x00,0xff,0x66,0x00,
 0xff,0x66,0x00,0xff,0x66,0x00,0xff,0x66,
 0x00,0xff,0x66,0x00,0xff,0x66,0x00,0xff,
 0x66,0x00,0x00,0x00,0x00,0xcc,0x66,0x00,
 0xcc,0x66,0x00,0xcc,0x66,0x00,0xcc,0x66,
 0x00,0xcc,0x66,0x00,0xcc,0x66,0x00,0xcc,
 0x66,0x00,0xcc,0x66,0x00,0xcc,0x66,0x00,
 0x00,0x00,0x00,0x99,0x66,0x00,0x99,0x66,
 0x00,0x99,0x66,0x00,0x99,0x66,0x00,0x99,
 0x66,0x00,0x99,0x66,0x00,0x99,0x66,0x00,
 0x99,0x66,0x00,0x99,0x66,0x00,0x00,0x00,
 0x00,0x66,0x66,0x00,0x66,0x66,0x00,0x66,
 0x66,0x00,0x66,0x66,0x00,0x66,0x66,0x00,
 0x66,0x66,0x00,0x66,0x66,0x00,0x66,0x66,
 0x00,0x66,0x66,0x00,0x00,0x00,0x00,0x33,
 0x66,0x00,0x33,0x66,0x00,0x33,0x66,0x00,
 0x33,0x66,0x00,0x33,0x66,0x00,0x33,0x66,
 0x00,0x33,0x66,0x00,0x33,0x66,0x00,0x33,
 0x66,0x00,0x00,0x00,0x00,0x00,0x66,0x00,
 0x00,0x66,0x00,0x00,0x66,0x00,0x00,0x66,
 0x00,0x00,0x66,0x00,0x00,0x66,0x00,0x00,
 0x66,0x00,0x00,0x66,0x00,0x00,0x66,0x00,
 0x00,0x00,0x00,0x00,0x00,0x00,0x00,0x00,
 0x00,0x00,0x00,0x00,0x00,0x00,0x00,0x00,
 0x00,0x00,0x00,0x00,0x00,0x00,0x00,0x00,
 0x00,0x00,0x00,0x00,0x00,0x00,0x00,0x00,
 0x00,0x00,0x00,0x00,0x00,0x00,0x00,0x00,
 0x00,0x00,0x00,0x00,0x00,0x00,0x00,0x00,
 0x00,0x00,0x00,0x00,0x00,0x00,0x00,0x00,
 0x00,0x00,0x00,0x00,0x00,0x00,0x00,0x00,
 0x00,0x00,0x00,0x00,0x00,0x00,0x00,0x00,
 0x00,0x00,0x00,0x00,0x00,0x00,0x00,0x00,
 0x00,0x00,0x00,0x00,0x00,0x00,0x00,0x00,
 0x00,0x00,0x00,0x00,0x00,0x00,0x00,0x00,
 0x00,0x00,0x00,0x00,0x00,0x00,0x00,0x00,
 0x00,0x00,0x00,0x00,0x00,0x00,0x00,0x00,
 0x00,0x00,0x00,0x00,0x00,0x00,0x00,0x00,
 0x00,0x00,0x00,0x00,0x00,0x00,0x00,0x00,
 0x00,0x00,0x00,0x00,0x00,0x00,0x00,0x00,
 0x00,0x00,0x00,0x00,0x00,0x00,0x00,0x00,
 0x00,0x00,0x00,0x00,0x00,0x00,0x00,0x00,
 0x00,0x00,0x00,0x00,0x00,0x00,0x00,0x00,
 0x00,0x00,0x00,0x00,0x00,0x00,0x00,0x00,
 0x00,0x00,0x00,0x00,0x00,0x00,0x00,0x00,
 0x00,0x00,0x00,0x00,0x00,0x00,0x00,0x00,
 0x00,0x00,0x00,0x00,0x00,0x00,0x00,0x00,
 0x00,0x00,0x00,0x00,0x00,0x00,0x00,0x00,
 0x00,0x00,0x00,0x00,0x00,0x00,0x00,0x00,
 0x00,0x00,0x00,0x00,0x00,0x00,0x00,0x00,
 0x00,0x00,0x00,0x00,0x00,0x00,0x00,0x00,
 0x00,0x00,0x00,0x00,0x00,0x00,0x00,0x00,
 0x00,0x00,0x00,0x00,0x00,0x00,0x00,0x00,
 0x00,0x00,0x00,0x00,0x00,0x00,0x00,0x00,
 0x00,0x00,0x00,0x00,0x00,0x00,0x00,0x00,
 0x00,0x00,0x00,0x00,0x00,0x00,0x00,0x00,
 0x00,0x00,0x00,0x00,0x00,0x00,0x00,0x00,
 0x00,0x00,0x00,0x00,0x00,0x00,0x00,0x00,
 0x00,0x00,0x00,0x00,0x00,0x00,0x00,0x00,
 0x00,0x00,0x00,0x00,0x00,0x00,0x00,0x00,
 0x00,0x00,0x00,0x00,0x00,0x00,0x00,0x00,
 0x00,0x00,0x00,0x00,0x00,0x00,0x00,0x00,
 0x00,0x00,0x00,0x00,0x00,0x00,0x00,0x00,
 0x00,0x00,0x00,0x00,0x00,0x00,0x00,0x00,
 0x00,0x00,0x00,0x00,0x00,0x00,0x00,0x00,
 0x00,0x00,0x00,0x00,0x00,0x00,0x00,0x00,
 0x00,0x00,0x00,0x00,0x00,0x00,0x00,0x00,
 0x00,0x00,0x00,0x00,0x00,0x00,0x00,0x00,
 0x00,0x00,0x00,0x00,0x00,0x00,0x00,0x00,
 0x00,0x00,0x00,0x00,0x00,0x00,0x00,0x00,
 0x00,0x00,0x00,0x00,0x00,0x00,0x00,0x00,
 0x00,0x00,0x00,0x00,0x00,0x00,0x00,0x00,
 0x00,0x00,0x00,0x00,0x00,0x00,0x00,0x00,
 0x00,0x00,0x00,0x00,0x00,0x00,0x00,0x00,
 0x00,0x00,0x00,0x00,0x00,0x00,0x00,0x00,
 0x00,0x00,0x00,0x00,0x00,0x00,0x00,0x00,
 0x00,0x00,0x00,0x00,0x00,0x00,0x00,0x00,
 0x00,0x00,0x00,0x00,0x00,0x00,0x00,0x00,
 0x00,0x00,0x00,0x00,0x00,0x00,0x00,0x00,
 0x00,0x00,0x00,0x00,0x00,0x00,0x00,0x00,
 0x00,0x00,0x00,0x00,0x00,0x00,0x00,0x00,
 0x00,0x00,0x00,0x00,0x00,0x00,0x00,0x00,
 0x00,0x00,0x00,0x00,0x00,0x00,0x00,0x00,
 0x00,0x00,0x00,0x00,0x00,0x00,0x00,0x00,
 0x00,0x00,0x00,0x00,0x00,0x00,0x00,0x00,
 0x00,0x00,0x00,0x00,0x00,0x00,0x00,0x00,
 0x00,0x00,0x00,0x00,0x00,0x00,0x00,0x00,
 0x00,0x00,0x00,0x00,0x00,0x00,0x00,0x00,
 0x00,0x00,0x00,0x00,0x00,0x00,0x00,0x00,
 0x00,0x00,0x00,0x00,0x00,0x00,0x00,0x00,
 0x00,0x00,0x00,0x00,0x00,0x00,0x00,0x00,
 0x00,0x00,0x00,0x00,0x00,0x00,0x00,0x00,
 0x00,0x00,0x00,0x00,0x00,0x00,0x00,0x00,
 0x00,0x00,0x00,0x00,0x00,0x00,0x00,0x00,
 0x00,0x00,0x00,0x00,0x00,0x00,0x00,0x00,
 0x00,0x00,0x00,0x00,0x00,0x00,0x00,0x00,
 0x00,0x66,0x66,0x66,0x66,0x66,0x66,0x66,
 0x66,0x66,0x66,0x66,0x66,0x66,0x66,0x66,
 0x66,0x66,0x66,0x66,0x66,0x66,0x66,0x66,
 0x66,0x66,0x66,0x66,0x00,0x00,0x00,0xff,
 0x99,0xcc,0xff,0x99,0xcc,0xff,0x99,0xcc,
 0xff,0x99,0xcc,0xff,0x99,0xcc,0xff,0x99,
 0xcc,0xff,0x99,0xcc,0xff,0x99,0xcc,0xff,
 0x99,0xcc,0x00,0x00,0x00,0xcc,0x99,0xcc,
 0xcc,0x99,0xcc,0xcc,0x99,0xcc,0xcc,0x99,
 0xcc,0xcc,0x99,0xcc,0xcc,0x99,0xcc,0xcc,
 0x99,0xcc,0xcc,0x99,0xcc,0xcc,0x99,0xcc,
 0x00,0x00,0x00,0x99,0x99,0xcc,0x99,0x99,
 0xcc,0x99,0x99,0xcc,0x99,0x99,0xcc,0x99,
 0x99,0xcc,0x99,0x99,0xcc,0x99,0x99,0xcc,
 0x99,0x99,0xcc,0x99,0x99,0xcc,0x00,0x00,
 0x00,0x66,0x99,0xcc,0x66,0x99,0xcc,0x66,
 0x99,0xcc,0x66,0x99,0xcc,0x66,0x99,0xcc,
 0x66,0x99,0xcc,0x66,0x99,0xcc,0x66,0x99,
 0xcc,0x66,0x99,0xcc,0x00,0x00,0x00,0x33,
 0x99,0xcc,0x33,0x99,0xcc,0x33,0x99,0xcc,
 0x33,0x99,0xcc,0x33,0x99,0xcc,0x33,0x99,
 0xcc,0x33,0x99,0xcc,0x33,0x99,0xcc,0x33,
 0x99,0xcc,0x00,0x00,0x00,0x00,0x99,0xcc,
 0x00,0x99,0xcc,0x00,0x99,0xcc,0x00,0x99,
 0xcc,0x00,0x99,0xcc,0x00,0x99,0xcc,0x00,
 0x99,0xcc,0x00,0x99,0xcc,0x00,0x99,0xcc,
 0x00,0x00,0x00,0x00,0x99,0x66,0x00,0x99,
 0x66,0x00,0x99,0x66,0x00,0x99,0x66,0x00,
 0x99,0x66,0x00,0x99,0x66,0x00,0x99,0x66,
 0x00,0x99,0x66,0x00,0x99,0x66,0x00,0x00,
 0x00,0x33,0x99,0x66,0x33,0x99,0x66,0x33,
 0x99,0x66,0x33,0x99,0x66,0x33,0x99,0x66,
 0x33,0x99,0x66,0x33,0x99,0x66,0x33,0x99,
 0x66,0x33,0x99,0x66,0x00,0x00,0x00,0x66,
 0x99,0x66,0x66,0x99,0x66,0x66,0x99,0x66,
 0x66,0x99,0x66,0x66,0x99,0x66,0x66,0x99,
 0x66,0x66,0x99,0x66,0x66,0x99,0x66,0x66,
 0x99,0x66,0x00,0x00,0x00,0x99,0x99,0x66,
 0x99,0x99,0x66,0x99,0x99,0x66,0x99,0x99,
 0x66,0x99,0x99,0x66,0x99,0x99,0x66,0x99,
 0x99,0x66,0x99,0x99,0x66,0x99,0x99,0x66,
 0x00,0x00,0x00,0xcc,0x99,0x66,0xcc,0x99,
 0x66,0xcc,0x99,0x66,0xcc,0x99,0x66,0xcc,
 0x99,0x66,0xcc,0x99,0x66,0xcc,0x99,0x66,
 0xcc,0x99,0x66,0xcc,0x99,0x66,0x00,0x00,
 0x00,0xff,0x99,0x66,0xff,0x99,0x66,0xff,
 0x99,0x66,0xff,0x99,0x66,0xff,0x99,0x66,
 0xff,0x99,0x66,0xff,0x99,0x66,0xff,0x99,
 0x66,0xff,0x99,0x66,0x00,0x00,0x00,0xff,
 0x99,0x00,0xff,0x99,0x00,0xff,0x99,0x00,
 0xff,0x99,0x00,0xff,0x99,0x00,0xff,0x99,
 0x00,0xff,0x99,0x00,0xff,0x99,0x00,0xff,
 0x99,0x00,0x00,0x00,0x00,0xcc,0x99,0x00,
 0xcc,0x99,0x00,0xcc,0x99,0x00,0xcc,0x99,
 0x00,0xcc,0x99,0x00,0xcc,0x99,0x00,0xcc,
 0x99,0x00,0xcc,0x99,0x00,0xcc,0x99,0x00,
 0x00,0x00,0x00,0x99,0x99,0x00,0x99,0x99,
 0x00,0x99,0x99,0x00,0x99,0x99,0x00,0x99,
 0x99,0x00,0x99,0x99,0x00,0x99,0x99,0x00,
 0x99,0x99,0x00,0x99,0x99,0x00,0x00,0x00,
 0x00,0x66,0x99,0x00,0x66,0x99,0x00,0x66,
 0x99,0x00,0x66,0x99,0x00,0x66,0x99,0x00,
 0x66,0x99,0x00,0x66,0x99,0x00,0x66,0x99,
 0x00,0x66,0x99,0x00,0x00,0x00,0x00,0x33,
 0x99,0x00,0x33,0x99,0x00,0x33,0x99,0x00,
 0x33,0x99,0x00,0x33,0x99,0x00,0x33,0x99,
 0x00,0x33,0x99,0x00,0x33,0x99,0x00,0x33,
 0x99,0x00,0x00,0x00,0x00,0x00,0x99,0x00,
 0x00,0x99,0x00,0x00,0x99,0x00,0x00,0x99,
 0x00,0x00,0x99,0x00,0x00,0x99,0x00,0x00,
 0x99,0x00,0x00,0x99,0x00,0x00,0x99,0x00,
 0x00,0x00,0x00,0x00,0x00,0x00,0x00,0x00,
 0x00,0x66,0x66,0x66,0x66,0x66,0x66,0x66,
 0x66,0x66,0x66,0x66,0x66,0x66,0x66,0x66,
 0x66,0x66,0x66,0x66,0x66,0x66,0x66,0x66,
 0x66,0x66,0x66,0x66,0x00,0x00,0x00,0xff,
 0x99,0xcc,0xff,0x99,0xcc,0xff,0x99,0xcc,
 0xff,0x99,0xcc,0xff,0x99,0xcc,0xff,0x99,
 0xcc,0xff,0x99,0xcc,0xff,0x99,0xcc,0xff,
 0x99,0xcc,0x00,0x00,0x00,0xcc,0x99,0xcc,
 0xcc,0x99,0xcc,0xcc,0x99,0xcc,0xcc,0x99,
 0xcc,0xcc,0x99,0xcc,0xcc,0x99,0xcc,0xcc,
 0x99,0xcc,0xcc,0x99,0xcc,0xcc,0x99,0xcc,
 0x00,0x00,0x00,0x99,0x99,0xcc,0x99,0x99,
 0xcc,0x99,0x99,0xcc,0x99,0x99,0xcc,0x99,
 0x99,0xcc,0x99,0x99,0xcc,0x99,0x99,0xcc,
 0x99,0x99,0xcc,0x99,0x99,0xcc,0x00,0x00,
 0x00,0x66,0x99,0xcc,0x66,0x99,0xcc,0x66,
 0x99,0xcc,0x66,0x99,0xcc,0x66,0x99,0xcc,
 0x66,0x99,0xcc,0x66,0x99,0xcc,0x66,0x99,
 0xcc,0x66,0x99,0xcc,0x00,0x00,0x00,0x33,
 0x99,0xcc,0x33,0x99,0xcc,0x33,0x99,0xcc,
 0x33,0x99,0xcc,0x33,0x99,0xcc,0x33,0x99,
 0xcc,0x33,0x99,0xcc,0x33,0x99,0xcc,0x33,
 0x99,0xcc,0x00,0x00,0x00,0x00,0x99,0xcc,
 0x00,0x99,0xcc,0x00,0x99,0xcc,0x00,0x99,
 0xcc,0x00,0x99,0xcc,0x00,0x99,0xcc,0x00,
 0x99,0xcc,0x00,0x99,0xcc,0x00,0x99,0xcc,
 0x00,0x00,0x00,0x00,0x99,0x66,0x00,0x99,
 0x66,0x00,0x99,0x66,0x00,0x99,0x66,0x00,
 0x99,0x66,0x00,0x99,0x66,0x00,0x99,0x66,
 0x00,0x99,0x66,0x00,0x99,0x66,0x00,0x00,
 0x00,0x33,0x99,0x66,0x33,0x99,0x66,0x33,
 0x99,0x66,0x33,0x99,0x66,0x33,0x99,0x66,
 0x33,0x99,0x66,0x33,0x99,0x66,0x33,0x99,
 0x66,0x33,0x99,0x66,0x00,0x00,0x00,0x66,
 0x99,0x66,0x66,0x99,0x66,0x66,0x99,0x66,
 0x66,0x99,0x66,0x66,0x99,0x66,0x66,0x99,
 0x66,0x66,0x99,0x66,0x66,0x99,0x66,0x66,
 0x99,0x66,0x00,0x00,0x00,0x99,0x99,0x66,
 0x99,0x99,0x66,0x99,0x99,0x66,0x99,0x99,
 0x66,0x99,0x99,0x66,0x99,0x99,0x66,0x99,
 0x99,0x66,0x99,0x99,0x66,0x99,0x99,0x66,
 0x00,0x00,0x00,0xcc,0x99,0x66,0xcc,0x99,
 0x66,0xcc,0x99,0x66,0xcc,0x99,0x66,0xcc,
 0x99,0x66,0xcc,0x99,0x66,0xcc,0x99,0x66,
 0xcc,0x99,0x66,0xcc,0x99,0x66,0x00,0x00,
 0x00,0xff,0x99,0x66,0xff,0x99,0x66,0xff,
 0x99,0x66,0xff,0x99,0x66,0xff,0x99,0x66,
 0xff,0x99,0x66,0xff,0x99,0x66,0xff,0x99,
 0x66,0xff,0x99,0x66,0x00,0x00,0x00,0xff,
 0x99,0x00,0xff,0x99,0x00,0xff,0x99,0x00,
 0xff,0x99,0x00,0xff,0x99,0x00,0xff,0x99,
 0x00,0xff,0x99,0x00,0xff,0x99,0x00,0xff,
 0x99,0x00,0x00,0x00,0x00,0xcc,0x99,0x00,
 0xcc,0x99,0x00,0xcc,0x99,0x00,0xcc,0x99,
 0x00,0xcc,0x99,0x00,0xcc,0x99,0x00,0xcc,
 0x99,0x00,0xcc,0x99,0x00,0xcc,0x99,0x00,
 0x00,0x00,0x00,0x99,0x99,0x00,0x99,0x99,
 0x00,0x99,0x99,0x00,0x99,0x99,0x00,0x99,
 0x99,0x00,0x99,0x99,0x00,0x99,0x99,0x00,
 0x99,0x99,0x00,0x99,0x99,0x00,0x00,0x00,
 0x00,0x66,0x99,0x00,0x66,0x99,0x00,0x66,
 0x99,0x00,0x66,0x99,0x00,0x66,0x99,0x00,
 0x66,0x99,0x00,0x66,0x99,0x00,0x66,0x99,
 0x00,0x66,0x99,0x00,0x00,0x00,0x00,0x33,
 0x99,0x00,0x33,0x99,0x00,0x33,0x99,0x00,
 0x33,0x99,0x00,0x33,0x99,0x00,0x33,0x99,
 0x00,0x33,0x99,0x00,0x33,0x99,0x00,0x33,
 0x99,0x00,0x00,0x00,0x00,0x00,0x99,0x00,
 0x00,0x99,0x00,0x00,0x99,0x00,0x00,0x99,
 0x00,0x00,0x99,0x00,0x00,0x99,0x00,0x00,
 0x99,0x00,0x00,0x99,0x00,0x00,0x99,0x00,
 0x00,0x00,0x00,0x00,0x00,0x00,0x00,0x00,
 0x00,0x66,0x66,0x66,0x66,0x66,0x66,0x66,
 0x66,0x66,0x66,0x66,0x66,0x66,0x66,0x66,
 0x66,0x66,0x66,0x66,0x66,0x66,0x66,0x66,
 0x66,0x66,0x66,0x66,0x00,0x00,0x00,0xff,
 0x99,0xcc,0xff,0x99,0xcc,0xff,0x99,0xcc,
 0xff,0x99,0xcc,0xff,0x99,0xcc,0xff,0x99,
 0xcc,0xff,0x99,0xcc,0xff,0x99,0xcc,0xff,
 0x99,0xcc,0x00,0x00,0x00,0xcc,0x99,0xcc,
 0xcc,0x99,0xcc,0xcc,0x99,0xcc,0xcc,0x99,
 0xcc,0xcc,0x99,0xcc,0xcc,0x99,0xcc,0xcc,
 0x99,0xcc,0xcc,0x99,0xcc,0xcc,0x99,0xcc,
 0x00,0x00,0x00,0x99,0x99,0xcc,0x99,0x99,
 0xcc,0x99,0x99,0xcc,0x99,0x99,0xcc,0x99,
 0x99,0xcc,0x99,0x99,0xcc,0x99,0x99,0xcc,
 0x99,0x99,0xcc,0x99,0x99,0xcc,0x00,0x00,
 0x00,0x66,0x99,0xcc,0x66,0x99,0xcc,0x66,
 0x99,0xcc,0x66,0x99,0xcc,0x66,0x99,0xcc,
 0x66,0x99,0xcc,0x66,0x99,0xcc,0x66,0x99,
 0xcc,0x66,0x99,0xcc,0x00,0x00,0x00,0x33,
 0x99,0xcc,0x33,0x99,0xcc,0x33,0x99,0xcc,
 0x33,0x99,0xcc,0x33,0x99,0xcc,0x33,0x99,
 0xcc,0x33,0x99,0xcc,0x33,0x99,0xcc,0x33,
 0x99,0xcc,0x00,0x00,0x00,0x00,0x99,0xcc,
 0x00,0x99,0xcc,0x00,0x99,0xcc,0x00,0x99,
 0xcc,0x00,0x99,0xcc,0x00,0x99,0xcc,0x00,
 0x99,0xcc,0x00,0x99,0xcc,0x00,0x99,0xcc,
 0x00,0x00,0x00,0x00,0x99,0x66,0x00,0x99,
 0x66,0x00,0x99,0x66,0x00,0x99,0x66,0x00,
 0x99,0x66,0x00,0x99,0x66,0x00,0x99,0x66,
 0x00,0x99,0x66,0x00,0x99,0x66,0x00,0x00,
 0x00,0x33,0x99,0x66,0x33,0x99,0x66,0x33,
 0x99,0x66,0x33,0x99,0x66,0x33,0x99,0x66,
 0x33,0x99,0x66,0x33,0x99,0x66,0x33,0x99,
 0x66,0x33,0x99,0x66,0x00,0x00,0x00,0x66,
 0x99,0x66,0x66,0x99,0x66,0x66,0x99,0x66,
 0x66,0x99,0x66,0x66,0x99,0x66,0x66,0x99,
 0x66,0x66,0x99,0x66,0x66,0x99,0x66,0x66,
 0x99,0x66,0x00,0x00,0x00,0x99,0x99,0x66,
 0x99,0x99,0x66,0x99,0x99,0x66,0x99,0x99,
 0x66,0x99,0x99,0x66,0x99,0x99,0x66,0x99,
 0x99,0x66,0x99,0x99,0x66,0x99,0x99,0x66,
 0x00,0x00,0x00,0xcc,0x99,0x66,0xcc,0x99,
 0x66,0xcc,0x99,0x66,0xcc,0x99,0x66,0xcc,
 0x99,0x66,0xcc,0x99,0x66,0xcc,0x99,0x66,
 0xcc,0x99,0x66,0xcc,0x99,0x66,0x00,0x00,
 0x00,0xff,0x99,0x66,0xff,0x99,0x66,0xff,
 0x99,0x66,0xff,0x99,0x66,0xff,0x99,0x66,
 0xff,0x99,0x66,0xff,0x99,0x66,0xff,0x99,
 0x66,0xff,0x99,0x66,0x00,0x00,0x00,0xff,
 0x99,0x00,0xff,0x99,0x00,0xff,0x99,0x00,
 0xff,0x99,0x00,0xff,0x99,0x00,0xff,0x99,
 0x00,0xff,0x99,0x00,0xff,0x99,0x00,0xff,
 0x99,0x00,0x00,0x00,0x00,0xcc,0x99,0x00,
 0xcc,0x99,0x00,0xcc,0x99,0x00,0xcc,0x99,
 0x00,0xcc,0x99,0x00,0xcc,0x99,0x00,0xcc,
 0x99,0x00,0xcc,0x99,0x00,0xcc,0x99,0x00,
 0x00,0x00,0x00,0x99,0x99,0x00,0x99,0x99,
 0x00,0x99,0x99,0x00,0x99,0x99,0x00,0x99,
 0x99,0x00,0x99,0x99,0x00,0x99,0x99,0x00,
 0x99,0x99,0x00,0x99,0x99,0x00,0x00,0x00,
 0x00,0x66,0x99,0x00,0x66,0x99,0x00,0x66,
 0x99,0x00,0x66,0x99,0x00,0x66,0x99,0x00,
 0x66,0x99,0x00,0x66,0x99,0x00,0x66,0x99,
 0x00,0x66,0x99,0x00,0x00,0x00,0x00,0x33,
 0x99,0x00,0x33,0x99,0x00,0x33,0x99,0x00,
 0x33,0x99,0x00,0x33,0x99,0x00,0x33,0x99,
 0x00,0x33,0x99,0x00,0x33,0x99,0x00,0x33,
 0x99,0x00,0x00,0x00,0x00,0x00,0x99,0x00,
 0x00,0x99,0x00,0x00,0x99,0x00,0x00,0x99,
 0x00,0x00,0x99,0x00,0x00,0x99,0x00,0x00,
 0x99,0x00,0x00,0x99,0x00,0x00,0x99,0x00,
 0x00,0x00,0x00,0x00,0x00,0x00,0x00,0x00,
 0x00,0x66,0x66,0x66,0x66,0x66,0x66,0x66,
 0x66,0x66,0x66,0x66,0x66,0x66,0x66,0x66,
 0x66,0x66,0x66,0x66,0x66,0x66,0x66,0x66,
 0x66,0x66,0x66,0x66,0x00,0x00,0x00,0xff,
 0x99,0xcc,0xff,0x99,0xcc,0xff,0x99,0xcc,
 0xff,0x99,0xcc,0xff,0x99,0xcc,0xff,0x99,
 0xcc,0xff,0x99,0xcc,0xff,0x99,0xcc,0xff,
 0x99,0xcc,0x00,0x00,0x00,0xcc,0x99,0xcc,
 0xcc,0x99,0xcc,0xcc,0x99,0xcc,0xcc,0x99,
 0xcc,0xcc,0x99,0xcc,0xcc,0x99,0xcc,0xcc,
 0x99,0xcc,0xcc,0x99,0xcc,0xcc,0x99,0xcc,
 0x00,0x00,0x00,0x99,0x99,0xcc,0x99,0x99,
 0xcc,0x99,0x99,0xcc,0x99,0x99,0xcc,0x99,
 0x99,0xcc,0x99,0x99,0xcc,0x99,0x99,0xcc,
 0x99,0x99,0xcc,0x99,0x99,0xcc,0x00,0x00,
 0x00,0x66,0x99,0xcc,0x66,0x99,0xcc,0x66,
 0x99,0xcc,0x66,0x99,0xcc,0x66,0x99,0xcc,
 0x66,0x99,0xcc,0x66,0x99,0xcc,0x66,0x99,
 0xcc,0x66,0x99,0xcc,0x00,0x00,0x00,0x33,
 0x99,0xcc,0x33,0x99,0xcc,0x33,0x99,0xcc,
 0x33,0x99,0xcc,0x33,0x99,0xcc,0x33,0x99,
 0xcc,0x33,0x99,0xcc,0x33,0x99,0xcc,0x33,
 0x99,0xcc,0x00,0x00,0x00,0x00,0x99,0xcc,
 0x00,0x99,0xcc,0x00,0x99,0xcc,0x00,0x99,
 0xcc,0x00,0x99,0xcc,0x00,0x99,0xcc,0x00,
 0x99,0xcc,0x00,0x99,0xcc,0x00,0x99,0xcc,
 0x00,0x00,0x00,0x00,0x99,0x66,0x00,0x99,
 0x66,0x00,0x99,0x66,0x00,0x99,0x66,0x00,
 0x99,0x66,0x00,0x99,0x66,0x00,0x99,0x66,
 0x00,0x99,0x66,0x00,0x99,0x66,0x00,0x00,
 0x00,0x33,0x99,0x66,0x33,0x99,0x66,0x33,
 0x99,0x66,0x33,0x99,0x66,0x33,0x99,0x66,
 0x33,0x99,0x66,0x33,0x99,0x66,0x33,0x99,
 0x66,0x33,0x99,0x66,0x00,0x00,0x00,0x66,
 0x99,0x66,0x66,0x99,0x66,0x66,0x99,0x66,
 0x66,0x99,0x66,0x66,0x99,0x66,0x66,0x99,
 0x66,0x66,0x99,0x66,0x66,0x99,0x66,0x66,
 0x99,0x66,0x00,0x00,0x00,0x99,0x99,0x66,
 0x99,0x99,0x66,0x99,0x99,0x66,0x99,0x99,
 0x66,0x99,0x99,0x66,0x99,0x99,0x66,0x99,
 0x99,0x66,0x99,0x99,0x66,0x99,0x99,0x66,
 0x00,0x00,0x00,0xcc,0x99,0x66,0xcc,0x99,
 0x66,0xcc,0x99,0x66,0xcc,0x99,0x66,0xcc,
 0x99,0x66,0xcc,0x99,0x66,0xcc,0x99,0x66,
 0xcc,0x99,0x66,0xcc,0x99,0x66,0x00,0x00,
 0x00,0xff,0x99,0x66,0xff,0x99,0x66,0xff,
 0x99,0x66,0xff,0x99,0x66,0xff,0x99,0x66,
 0xff,0x99,0x66,0xff,0x99,0x66,0xff,0x99,
 0x66,0xff,0x99,0x66,0x00,0x00,0x00,0xff,
 0x99,0x00,0xff,0x99,0x00,0xff,0x99,0x00,
 0xff,0x99,0x00,0xff,0x99,0x00,0xff,0x99,
 0x00,0xff,0x99,0x00,0xff,0x99,0x00,0xff,
 0x99,0x00,0x00,0x00,0x00,0xcc,0x99,0x00,
 0xcc,0x99,0x00,0xcc,0x99,0x00,0xcc,0x99,
 0x00,0xcc,0x99,0x00,0xcc,0x99,0x00,0xcc,
 0x99,0x00,0xcc,0x99,0x00,0xcc,0x99,0x00,
 0x00,0x00,0x00,0x99,0x99,0x00,0x99,0x99,
 0x00,0x99,0x99,0x00,0x99,0x99,0x00,0x99,
 0x99,0x00,0x99,0x99,0x00,0x99,0x99,0x00,
 0x99,0x99,0x00,0x99,0x99,0x00,0x00,0x00,
 0x00,0x66,0x99,0x00,0x66,0x99,0x00,0x66,
 0x99,0x00,0x66,0x99,0x00,0x66,0x99,0x00,
 0x66,0x99,0x00,0x66,0x99,0x00,0x66,0x99,
 0x00,0x66,0x99,0x00,0x00,0x00,0x00,0x33,
 0x99,0x00,0x33,0x99,0x00,0x33,0x99,0x00,
 0x33,0x99,0x00,0x33,0x99,0x00,0x33,0x99,
 0x00,0x33,0x99,0x00,0x33,0x99,0x00,0x33,
 0x99,0x00,0x00,0x00,0x00,0x00,0x99,0x00,
 0x00,0x99,0x00,0x00,0x99,0x00,0x00,0x99,
 0x00,0x00,0x99,0x00,0x00,0x99,0x00,0x00,
 0x99,0x00,0x00,0x99,0x00,0x00,0x99,0x00,
 0x00,0x00,0x00,0x00,0x00,0x00,0x00,0x00,
 0x00,0x66,0x66,0x66,0x66,0x66,0x66,0x66,
 0x66,0x66,0x66,0x66,0x66,0x66,0x66,0x66,
 0x66,0x66,0x66,0x66,0x66,0x66,0x66,0x66,
 0x66,0x66,0x66,0x66,0x00,0x00,0x00,0xff,
 0x99,0xcc,0xff,0x99,0xcc,0xff,0x99,0xcc,
 0xff,0x99,0xcc,0xff,0x99,0xcc,0xff,0x99,
 0xcc,0xff,0x99,0xcc,0xff,0x99,0xcc,0xff,
 0x99,0xcc,0x00,0x00,0x00,0xcc,0x99,0xcc,
 0xcc,0x99,0xcc,0xcc,0x99,0xcc,0xcc,0x99,
 0xcc,0xcc,0x99,0xcc,0xcc,0x99,0xcc,0xcc,
 0x99,0xcc,0xcc,0x99,0xcc,0xcc,0x99,0xcc,
 0x00,0x00,0x00,0x99,0x99,0xcc,0x99,0x99,
 0xcc,0x99,0x99,0xcc,0x99,0x99,0xcc,0x99,
 0x99,0xcc,0x99,0x99,0xcc,0x99,0x99,0xcc,
 0x99,0x99,0xcc,0x99,0x99,0xcc,0x00,0x00,
 0x00,0x66,0x99,0xcc,0x66,0x99,0xcc,0x66,
 0x99,0xcc,0x66,0x99,0xcc,0x66,0x99,0xcc,
 0x66,0x99,0xcc,0x66,0x99,0xcc,0x66,0x99,
 0xcc,0x66,0x99,0xcc,0x00,0x00,0x00,0x33,
 0x99,0xcc,0x33,0x99,0xcc,0x33,0x99,0xcc,
 0x33,0x99,0xcc,0x33,0x99,0xcc,0x33,0x99,
 0xcc,0x33,0x99,0xcc,0x33,0x99,0xcc,0x33,
 0x99,0xcc,0x00,0x00,0x00,0x00,0x99,0xcc,
 0x00,0x99,0xcc,0x00,0x99,0xcc,0x00,0x99,
 0xcc,0x00,0x99,0xcc,0x00,0x99,0xcc,0x00,
 0x99,0xcc,0x00,0x99,0xcc,0x00,0x99,0xcc,
 0x00,0x00,0x00,0x00,0x99,0x66,0x00,0x99,
 0x66,0x00,0x99,0x66,0x00,0x99,0x66,0x00,
 0x99,0x66,0x00,0x99,0x66,0x00,0x99,0x66,
 0x00,0x99,0x66,0x00,0x99,0x66,0x00,0x00,
 0x00,0x33,0x99,0x66,0x33,0x99,0x66,0x33,
 0x99,0x66,0x33,0x99,0x66,0x33,0x99,0x66,
 0x33,0x99,0x66,0x33,0x99,0x66,0x33,0x99,
 0x66,0x33,0x99,0x66,0x00,0x00,0x00,0x66,
 0x99,0x66,0x66,0x99,0x66,0x66,0x99,0x66,
 0x66,0x99,0x66,0x66,0x99,0x66,0x66,0x99,
 0x66,0x66,0x99,0x66,0x66,0x99,0x66,0x66,
 0x99,0x66,0x00,0x00,0x00,0x99,0x99,0x66,
 0x99,0x99,0x66,0x99,0x99,0x66,0x99,0x99,
 0x66,0x99,0x99,0x66,0x99,0x99,0x66,0x99,
 0x99,0x66,0x99,0x99,0x66,0x99,0x99,0x66,
 0x00,0x00,0x00,0xcc,0x99,0x66,0xcc,0x99,
 0x66,0xcc,0x99,0x66,0xcc,0x99,0x66,0xcc,
 0x99,0x66,0xcc,0x99,0x66,0xcc,0x99,0x66,
 0xcc,0x99,0x66,0xcc,0x99,0x66,0x00,0x00,
 0x00,0xff,0x99,0x66,0xff,0x99,0x66,0xff,
 0x99,0x66,0xff,0x99,0x66,0xff,0x99,0x66,
 0xff,0x99,0x66,0xff,0x99,0x66,0xff,0x99,
 0x66,0xff,0x99,0x66,0x00,0x00,0x00,0xff,
 0x99,0x00,0xff,0x99,0x00,0xff,0x99,0x00,
 0xff,0x99,0x00,0xff,0x99,0x00,0xff,0x99,
 0x00,0xff,0x99,0x00,0xff,0x99,0x00,0xff,
 0x99,0x00,0x00,0x00,0x00,0xcc,0x99,0x00,
 0xcc,0x99,0x00,0xcc,0x99,0x00,0xcc,0x99,
 0x00,0xcc,0x99,0x00,0xcc,0x99,0x00,0xcc,
 0x99,0x00,0xcc,0x99,0x00,0xcc,0x99,0x00,
 0x00,0x00,0x00,0x99,0x99,0x00,0x99,0x99,
 0x00,0x99,0x99,0x00,0x99,0x99,0x00,0x99,
 0x99,0x00,0x99,0x99,0x00,0x99,0x99,0x00,
 0x99,0x99,0x00,0x99,0x99,0x00,0x00,0x00,
 0x00,0x66,0x99,0x00,0x66,0x99,0x00,0x66,
 0x99,0x00,0x66,0x99,0x00,0x66,0x99,0x00,
 0x66,0x99,0x00,0x66,0x99,0x00,0x66,0x99,
 0x00,0x66,0x99,0x00,0x00,0x00,0x00,0x33,
 0x99,0x00,0x33,0x99,0x00,0x33,0x99,0x00,
 0x33,0x99,0x00,0x33,0x99,0x00,0x33,0x99,
 0x00,0x33,0x99,0x00,0x33,0x99,0x00,0x33,
 0x99,0x00,0x00,0x00,0x00,0x00,0x99,0x00,
 0x00,0x99,0x00,0x00,0x99,0x00,0x00,0x99,
 0x00,0x00,0x99,0x00,0x00,0x99,0x00,0x00,
 0x99,0x00,0x00,0x99,0x00,0x00,0x99,0x00,
 0x00,0x00,0x00,0x00,0x00,0x00,0x00,0x00,
 0x00,0x66,0x66,0x66,0x66,0x66,0x66,0x66,
 0x66,0x66,0x66,0x66,0x66,0x66,0x66,0x66,
 0x66,0x66,0x66,0x66,0x66,0x66,0x66,0x66,
 0x66,0x66,0x66,0x66,0x00,0x00,0x00,0xff,
 0x99,0xcc,0xff,0x99,0xcc,0xff,0x99,0xcc,
 0xff,0x99,0xcc,0xff,0x99,0xcc,0xff,0x99,
 0xcc,0xff,0x99,0xcc,0xff,0x99,0xcc,0xff,
 0x99,0xcc,0x00,0x00,0x00,0xcc,0x99,0xcc,
 0xcc,0x99,0xcc,0xcc,0x99,0xcc,0xcc,0x99,
 0xcc,0xcc,0x99,0xcc,0xcc,0x99,0xcc,0xcc,
 0x99,0xcc,0xcc,0x99,0xcc,0xcc,0x99,0xcc,
 0x00,0x00,0x00,0x99,0x99,0xcc,0x99,0x99,
 0xcc,0x99,0x99,0xcc,0x99,0x99,0xcc,0x99,
 0x99,0xcc,0x99,0x99,0xcc,0x99,0x99,0xcc,
 0x99,0x99,0xcc,0x99,0x99,0xcc,0x00,0x00,
 0x00,0x66,0x99,0xcc,0x66,0x99,0xcc,0x66,
 0x99,0xcc,0x66,0x99,0xcc,0x66,0x99,0xcc,
 0x66,0x99,0xcc,0x66,0x99,0xcc,0x66,0x99,
 0xcc,0x66,0x99,0xcc,0x00,0x00,0x00,0x33,
 0x99,0xcc,0x33,0x99,0xcc,0x33,0x99,0xcc,
 0x33,0x99,0xcc,0x33,0x99,0xcc,0x33,0x99,
 0xcc,0x33,0x99,0xcc,0x33,0x99,0xcc,0x33,
 0x99,0xcc,0x00,0x00,0x00,0x00,0x99,0xcc,
 0x00,0x99,0xcc,0x00,0x99,0xcc,0x00,0x99,
 0xcc,0x00,0x99,0xcc,0x00,0x99,0xcc,0x00,
 0x99,0xcc,0x00,0x99,0xcc,0x00,0x99,0xcc,
 0x00,0x00,0x00,0x00,0x99,0x66,0x00,0x99,
 0x66,0x00,0x99,0x66,0x00,0x99,0x66,0x00,
 0x99,0x66,0x00,0x99,0x66,0x00,0x99,0x66,
 0x00,0x99,0x66,0x00,0x99,0x66,0x00,0x00,
 0x00,0x33,0x99,0x66,0x33,0x99,0x66,0x33,
 0x99,0x66,0x33,0x99,0x66,0x33,0x99,0x66,
 0x33,0x99,0x66,0x33,0x99,0x66,0x33,0x99,
 0x66,0x33,0x99,0x66,0x00,0x00,0x00,0x66,
 0x99,0x66,0x66,0x99,0x66,0x66,0x99,0x66,
 0x66,0x99,0x66,0x66,0x99,0x66,0x66,0x99,
 0x66,0x66,0x99,0x66,0x66,0x99,0x66,0x66,
 0x99,0x66,0x00,0x00,0x00,0x99,0x99,0x66,
 0x99,0x99,0x66,0x99,0x99,0x66,0x99,0x99,
 0x66,0x99,0x99,0x66,0x99,0x99,0x66,0x99,
 0x99,0x66,0x99,0x99,0x66,0x99,0x99,0x66,
 0x00,0x00,0x00,0xcc,0x99,0x66,0xcc,0x99,
 0x66,0xcc,0x99,0x66,0xcc,0x99,0x66,0xcc,
 0x99,0x66,0xcc,0x99,0x66,0xcc,0x99,0x66,
 0xcc,0x99,0x66,0xcc,0x99,0x66,0x00,0x00,
 0x00,0xff,0x99,0x66,0xff,0x99,0x66,0xff,
 0x99,0x66,0xff,0x99,0x66,0xff,0x99,0x66,
 0xff,0x99,0x66,0xff,0x99,0x66,0xff,0x99,
 0x66,0xff,0x99,0x66,0x00,0x00,0x00,0xff,
 0x99,0x00,0xff,0x99,0x00,0xff,0x99,0x00,
 0xff,0x99,0x00,0xff,0x99,0x00,0xff,0x99,
 0x00,0xff,0x99,0x00,0xff,0x99,0x00,0xff,
 0x99,0x00,0x00,0x00,0x00,0xcc,0x99,0x00,
 0xcc,0x99,0x00,0xcc,0x99,0x00,0xcc,0x99,
 0x00,0xcc,0x99,0x00,0xcc,0x99,0x00,0xcc,
 0x99,0x00,0xcc,0x99,0x00,0xcc,0x99,0x00,
 0x00,0x00,0x00,0x99,0x99,0x00,0x99,0x99,
 0x00,0x99,0x99,0x00,0x99,0x99,0x00,0x99,
 0x99,0x00,0x99,0x99,0x00,0x99,0x99,0x00,
 0x99,0x99,0x00,0x99,0x99,0x00,0x00,0x00,
 0x00,0x66,0x99,0x00,0x66,0x99,0x00,0x66,
 0x99,0x00,0x66,0x99,0x00,0x66,0x99,0x00,
 0x66,0x99,0x00,0x66,0x99,0x00,0x66,0x99,
 0x00,0x66,0x99,0x00,0x00,0x00,0x00,0x33,
 0x99,0x00,0x33,0x99,0x00,0x33,0x99,0x00,
 0x33,0x99,0x00,0x33,0x99,0x00,0x33,0x99,
 0x00,0x33,0x99,0x00,0x33,0x99,0x00,0x33,
 0x99,0x00,0x00,0x00,0x00,0x00,0x99,0x00,
 0x00,0x99,0x00,0x00,0x99,0x00,0x00,0x99,
 0x00,0x00,0x99,0x00,0x00,0x99,0x00,0x00,
 0x99,0x00,0x00,0x99,0x00,0x00,0x99,0x00,
 0x00,0x00,0x00,0x00,0x00,0x00,0x00,0x00,
 0x00,0x66,0x66,0x66,0x66,0x66,0x66,0x66,
 0x66,0x66,0x66,0x66,0x66,0x66,0x66,0x66,
 0x66,0x66,0x66,0x66,0x66,0x66,0x66,0x66,
 0x66,0x66,0x66,0x66,0x00,0x00,0x00,0xff,
 0x99,0xcc,0xff,0x99,0xcc,0xff,0x99,0xcc,
 0xff,0x99,0xcc,0xff,0x99,0xcc,0xff,0x99,
 0xcc,0xff,0x99,0xcc,0xff,0x99,0xcc,0xff,
 0x99,0xcc,0x00,0x00,0x00,0xcc,0x99,0xcc,
 0xcc,0x99,0xcc,0xcc,0x99,0xcc,0xcc,0x99,
 0xcc,0xcc,0x99,0xcc,0xcc,0x99,0xcc,0xcc,
 0x99,0xcc,0xcc,0x99,0xcc,0xcc,0x99,0xcc,
 0x00,0x00,0x00,0x99,0x99,0xcc,0x99,0x99,
 0xcc,0x99,0x99,0xcc,0x99,0x99,0xcc,0x99,
 0x99,0xcc,0x99,0x99,0xcc,0x99,0x99,0xcc,
 0x99,0x99,0xcc,0x99,0x99,0xcc,0x00,0x00,
 0x00,0x66,0x99,0xcc,0x66,0x99,0xcc,0x66,
 0x99,0xcc,0x66,0x99,0xcc,0x66,0x99,0xcc,
 0x66,0x99,0xcc,0x66,0x99,0xcc,0x66,0x99,
 0xcc,0x66,0x99,0xcc,0x00,0x00,0x00,0x33,
 0x99,0xcc,0x33,0x99,0xcc,0x33,0x99,0xcc,
 0x33,0x99,0xcc,0x33,0x99,0xcc,0x33,0x99,
 0xcc,0x33,0x99,0xcc,0x33,0x99,0xcc,0x33,
 0x99,0xcc,0x00,0x00,0x00,0x00,0x99,0xcc,
 0x00,0x99,0xcc,0x00,0x99,0xcc,0x00,0x99,
 0xcc,0x00,0x99,0xcc,0x00,0x99,0xcc,0x00,
 0x99,0xcc,0x00,0x99,0xcc,0x00,0x99,0xcc,
 0x00,0x00,0x00,0x00,0x99,0x66,0x00,0x99,
 0x66,0x00,0x99,0x66,0x00,0x99,0x66,0x00,
 0x99,0x66,0x00,0x99,0x66,0x00,0x99,0x66,
 0x00,0x99,0x66,0x00,0x99,0x66,0x00,0x00,
 0x00,0x33,0x99,0x66,0x33,0x99,0x66,0x33,
 0x99,0x66,0x33,0x99,0x66,0x33,0x99,0x66,
 0x33,0x99,0x66,0x33,0x99,0x66,0x33,0x99,
 0x66,0x33,0x99,0x66,0x00,0x00,0x00,0x66,
 0x99,0x66,0x66,0x99,0x66,0x66,0x99,0x66,
 0x66,0x99,0x66,0x66,0x99,0x66,0x66,0x99,
 0x66,0x66,0x99,0x66,0x66,0x99,0x66,0x66,
 0x99,0x66,0x00,0x00,0x00,0x99,0x99,0x66,
 0x99,0x99,0x66,0x99,0x99,0x66,0x99,0x99,
 0x66,0x99,0x99,0x66,0x99,0x99,0x66,0x99,
 0x99,0x66,0x99,0x99,0x66,0x99,0x99,0x66,
 0x00,0x00,0x00,0xcc,0x99,0x66,0xcc,0x99,
 0x66,0xcc,0x99,0x66,0xcc,0x99,0x66,0xcc,
 0x99,0x66,0xcc,0x99,0x66,0xcc,0x99,0x66,
 0xcc,0x99,0x66,0xcc,0x99,0x66,0x00,0x00,
 0x00,0xff,0x99,0x66,0xff,0x99,0x66,0xff,
 0x99,0x66,0xff,0x99,0x66,0xff,0x99,0x66,
 0xff,0x99,0x66,0xff,0x99,0x66,0xff,0x99,
 0x66,0xff,0x99,0x66,0x00,0x00,0x00,0xff,
 0x99,0x00,0xff,0x99,0x00,0xff,0x99,0x00,
 0xff,0x99,0x00,0xff,0x99,0x00,0xff,0x99,
 0x00,0xff,0x99,0x00,0xff,0x99,0x00,0xff,
 0x99,0x00,0x00,0x00,0x00,0xcc,0x99,0x00,
 0xcc,0x99,0x00,0xcc,0x99,0x00,0xcc,0x99,
 0x00,0xcc,0x99,0x00,0xcc,0x99,0x00,0xcc,
 0x99,0x00,0xcc,0x99,0x00,0xcc,0x99,0x00,
 0x00,0x00,0x00,0x99,0x99,0x00,0x99,0x99,
 0x00,0x99,0x99,0x00,0x99,0x99,0x00,0x99,
 0x99,0x00,0x99,0x99,0x00,0x99,0x99,0x00,
 0x99,0x99,0x00,0x99,0x99,0x00,0x00,0x00,
 0x00,0x66,0x99,0x00,0x66,0x99,0x00,0x66,
 0x99,0x00,0x66,0x99,0x00,0x66,0x99,0x00,
 0x66,0x99,0x00,0x66,0x99,0x00,0x66,0x99,
 0x00,0x66,0x99,0x00,0x00,0x00,0x00,0x33,
 0x99,0x00,0x33,0x99,0x00,0x33,0x99,0x00,
 0x33,0x99,0x00,0x33,0x99,0x00,0x33,0x99,
 0x00,0x33,0x99,0x00,0x33,0x99,0x00,0x33,
 0x99,0x00,0x00,0x00,0x00,0x00,0x99,0x00,
 0x00,0x99,0x00,0x00,0x99,0x00,0x00,0x99,
 0x00,0x00,0x99,0x00,0x00,0x99,0x00,0x00,
 0x99,0x00,0x00,0x99,0x00,0x00,0x99,0x00,
 0x00,0x00,0x00,0x00,0x00,0x00,0x00,0x00,
 0x00,0x66,0x66,0x66,0x66,0x66,0x66,0x66,
 0x66,0x66,0x66,0x66,0x66,0x66,0x66,0x66,
 0x66,0x66,0x66,0x66,0x66,0x66,0x66,0x66,
 0x66,0x66,0x66,0x66,0x00,0x00,0x00,0xff,
 0x99,0xcc,0xff,0x99,0xcc,0xff,0x99,0xcc,
 0xff,0x99,0xcc,0xff,0x99,0xcc,0xff,0x99,
 0xcc,0xff,0x99,0xcc,0xff,0x99,0xcc,0xff,
 0x99,0xcc,0x00,0x00,0x00,0xcc,0x99,0xcc,
 0xcc,0x99,0xcc,0xcc,0x99,0xcc,0xcc,0x99,
 0xcc,0xcc,0x99,0xcc,0xcc,0x99,0xcc,0xcc,
 0x99,0xcc,0xcc,0x99,0xcc,0xcc,0x99,0xcc,
 0x00,0x00,0x00,0x99,0x99,0xcc,0x99,0x99,
 0xcc,0x99,0x99,0xcc,0x99,0x99,0xcc,0x99,
 0x99,0xcc,0x99,0x99,0xcc,0x99,0x99,0xcc,
 0x99,0x99,0xcc,0x99,0x99,0xcc,0x00,0x00,
 0x00,0x66,0x99,0xcc,0x66,0x99,0xcc,0x66,
 0x99,0xcc,0x66,0x99,0xcc,0x66,0x99,0xcc,
 0x66,0x99,0xcc,0x66,0x99,0xcc,0x66,0x99,
 0xcc,0x66,0x99,0xcc,0x00,0x00,0x00,0x33,
 0x99,0xcc,0x33,0x99,0xcc,0x33,0x99,0xcc,
 0x33,0x99,0xcc,0x33,0x99,0xcc,0x33,0x99,
 0xcc,0x33,0x99,0xcc,0x33,0x99,0xcc,0x33,
 0x99,0xcc,0x00,0x00,0x00,0x00,0x99,0xcc,
 0x00,0x99,0xcc,0x00,0x99,0xcc,0x00,0x99,
 0xcc,0x00,0x99,0xcc,0x00,0x99,0xcc,0x00,
 0x99,0xcc,0x00,0x99,0xcc,0x00,0x99,0xcc,
 0x00,0x00,0x00,0x00,0x99,0x66,0x00,0x99,
 0x66,0x00,0x99,0x66,0x00,0x99,0x66,0x00,
 0x99,0x66,0x00,0x99,0x66,0x00,0x99,0x66,
 0x00,0x99,0x66,0x00,0x99,0x66,0x00,0x00,
 0x00,0x33,0x99,0x66,0x33,0x99,0x66,0x33,
 0x99,0x66,0x33,0x99,0x66,0x33,0x99,0x66,
 0x33,0x99,0x66,0x33,0x99,0x66,0x33,0x99,
 0x66,0x33,0x99,0x66,0x00,0x00,0x00,0x66,
 0x99,0x66,0x66,0x99,0x66,0x66,0x99,0x66,
 0x66,0x99,0x66,0x66,0x99,0x66,0x66,0x99,
 0x66,0x66,0x99,0x66,0x66,0x99,0x66,0x66,
 0x99,0x66,0x00,0x00,0x00,0x99,0x99,0x66,
 0x99,0x99,0x66,0x99,0x99,0x66,0x99,0x99,
 0x66,0x99,0x99,0x66,0x99,0x99,0x66,0x99,
 0x99,0x66,0x99,0x99,0x66,0x99,0x99,0x66,
 0x00,0x00,0x00,0xcc,0x99,0x66,0xcc,0x99,
 0x66,0xcc,0x99,0x66,0xcc,0x99,0x66,0xcc,
 0x99,0x66,0xcc,0x99,0x66,0xcc,0x99,0x66,
 0xcc,0x99,0x66,0xcc,0x99,0x66,0x00,0x00,
 0x00,0xff,0x99,0x66,0xff,0x99,0x66,0xff,
 0x99,0x66,0xff,0x99,0x66,0xff,0x99,0x66,
 0xff,0x99,0x66,0xff,0x99,0x66,0xff,0x99,
 0x66,0xff,0x99,0x66,0x00,0x00,0x00,0xff,
 0x99,0x00,0xff,0x99,0x00,0xff,0x99,0x00,
 0xff,0x99,0x00,0xff,0x99,0x00,0xff,0x99,
 0x00,0xff,0x99,0x00,0xff,0x99,0x00,0xff,
 0x99,0x00,0x00,0x00,0x00,0xcc,0x99,0x00,
 0xcc,0x99,0x00,0xcc,0x99,0x00,0xcc,0x99,
 0x00,0xcc,0x99,0x00,0xcc,0x99,0x00,0xcc,
 0x99,0x00,0xcc,0x99,0x00,0xcc,0x99,0x00,
 0x00,0x00,0x00,0x99,0x99,0x00,0x99,0x99,
 0x00,0x99,0x99,0x00,0x99,0x99,0x00,0x99,
 0x99,0x00,0x99,0x99,0x00,0x99,0x99,0x00,
 0x99,0x99,0x00,0x99,0x99,0x00,0x00,0x00,
 0x00,0x66,0x99,0x00,0x66,0x99,0x00,0x66,
 0x99,0x00,0x66,0x99,0x00,0x66,0x99,0x00,
 0x66,0x99,0x00,0x66,0x99,0x00,0x66,0x99,
 0x00,0x66,0x99,0x00,0x00,0x00,0x00,0x33,
 0x99,0x00,0x33,0x99,0x00,0x33,0x99,0x00,
 0x33,0x99,0x00,0x33,0x99,0x00,0x33,0x99,
 0x00,0x33,0x99,0x00,0x33,0x99,0x00,0x33,
 0x99,0x00,0x00,0x00,0x00,0x00,0x99,0x00,
 0x00,0x99,0x00,0x00,0x99,0x00,0x00,0x99,
 0x00,0x00,0x99,0x00,0x00,0x99,0x00,0x00,
 0x99,0x00,0x00,0x99,0x00,0x00,0x99,0x00,
 0x00,0x00,0x00,0x00,0x00,0x00,0x00,0x00,
 0x00,0x66,0x66,0x66,0x66,0x66,0x66,0x66,
 0x66,0x66,0x66,0x66,0x66,0x66,0x66,0x66,
 0x66,0x66,0x66,0x66,0x66,0x66,0x66,0x66,
 0x66,0x66,0x66,0x66,0x00,0x00,0x00,0xff,
 0x99,0xcc,0xff,0x99,0xcc,0xff,0x99,0xcc,
 0xff,0x99,0xcc,0xff,0x99,0xcc,0xff,0x99,
 0xcc,0xff,0x99,0xcc,0xff,0x99,0xcc,0xff,
 0x99,0xcc,0x00,0x00,0x00,0xcc,0x99,0xcc,
 0xcc,0x99,0xcc,0xcc,0x99,0xcc,0xcc,0x99,
 0xcc,0xcc,0x99,0xcc,0xcc,0x99,0xcc,0xcc,
 0x99,0xcc,0xcc,0x99,0xcc,0xcc,0x99,0xcc,
 0x00,0x00,0x00,0x99,0x99,0xcc,0x99,0x99,
 0xcc,0x99,0x99,0xcc,0x99,0x99,0xcc,0x99,
 0x99,0xcc,0x99,0x99,0xcc,0x99,0x99,0xcc,
 0x99,0x99,0xcc,0x99,0x99,0xcc,0x00,0x00,
 0x00,0x66,0x99,0xcc,0x66,0x99,0xcc,0x66,
 0x99,0xcc,0x66,0x99,0xcc,0x66,0x99,0xcc,
 0x66,0x99,0xcc,0x66,0x99,0xcc,0x66,0x99,
 0xcc,0x66,0x99,0xcc,0x00,0x00,0x00,0x33,
 0x99,0xcc,0x33,0x99,0xcc,0x33,0x99,0xcc,
 0x33,0x99,0xcc,0x33,0x99,0xcc,0x33,0x99,
 0xcc,0x33,0x99,0xcc,0x33,0x99,0xcc,0x33,
 0x99,0xcc,0x00,0x00,0x00,0x00,0x99,0xcc,
 0x00,0x99,0xcc,0x00,0x99,0xcc,0x00,0x99,
 0xcc,0x00,0x99,0xcc,0x00,0x99,0xcc,0x00,
 0x99,0xcc,0x00,0x99,0xcc,0x00,0x99,0xcc,
 0x00,0x00,0x00,0x00,0x99,0x66,0x00,0x99,
 0x66,0x00,0x99,0x66,0x00,0x99,0x66,0x00,
 0x99,0x66,0x00,0x99,0x66,0x00,0x99,0x66,
 0x00,0x99,0x66,0x00,0x99,0x66,0x00,0x00,
 0x00,0x33,0x99,0x66,0x33,0x99,0x66,0x33,
 0x99,0x66,0x33,0x99,0x66,0x33,0x99,0x66,
 0x33,0x99,0x66,0x33,0x99,0x66,0x33,0x99,
 0x66,0x33,0x99,0x66,0x00,0x00,0x00,0x66,
 0x99,0x66,0x66,0x99,0x66,0x66,0x99,0x66,
 0x66,0x99,0x66,0x66,0x99,0x66,0x66,0x99,
 0x66,0x66,0x99,0x66,0x66,0x99,0x66,0x66,
 0x99,0x66,0x00,0x00,0x00,0x99,0x99,0x66,
 0x99,0x99,0x66,0x99,0x99,0x66,0x99,0x99,
 0x66,0x99,0x99,0x66,0x99,0x99,0x66,0x99,
 0x99,0x66,0x99,0x99,0x66,0x99,0x99,0x66,
 0x00,0x00,0x00,0xcc,0x99,0x66,0xcc,0x99,
 0x66,0xcc,0x99,0x66,0xcc,0x99,0x66,0xcc,
 0x99,0x66,0xcc,0x99,0x66,0xcc,0x99,0x66,
 0xcc,0x99,0x66,0xcc,0x99,0x66,0x00,0x00,
 0x00,0xff,0x99,0x66,0xff,0x99,0x66,0xff,
 0x99,0x66,0xff,0x99,0x66,0xff,0x99,0x66,
 0xff,0x99,0x66,0xff,0x99,0x66,0xff,0x99,
 0x66,0xff,0x99,0x66,0x00,0x00,0x00,0xff,
 0x99,0x00,0xff,0x99,0x00,0xff,0x99,0x00,
 0xff,0x99,0x00,0xff,0x99,0x00,0xff,0x99,
 0x00,0xff,0x99,0x00,0xff,0x99,0x00,0xff,
 0x99,0x00,0x00,0x00,0x00,0xcc,0x99,0x00,
 0xcc,0x99,0x00,0xcc,0x99,0x00,0xcc,0x99,
 0x00,0xcc,0x99,0x00,0xcc,0x99,0x00,0xcc,
 0x99,0x00,0xcc,0x99,0x00,0xcc,0x99,0x00,
 0x00,0x00,0x00,0x99,0x99,0x00,0x99,0x99,
 0x00,0x99,0x99,0x00,0x99,0x99,0x00,0x99,
 0x99,0x00,0x99,0x99,0x00,0x99,0x99,0x00,
 0x99,0x99,0x00,0x99,0x99,0x00,0x00,0x00,
 0x00,0x66,0x99,0x00,0x66,0x99,0x00,0x66,
 0x99,0x00,0x66,0x99,0x00,0x66,0x99,0x00,
 0x66,0x99,0x00,0x66,0x99,0x00,0x66,0x99,
 0x00,0x66,0x99,0x00,0x00,0x00,0x00,0x33,
 0x99,0x00,0x33,0x99,0x00,0x33,0x99,0x00,
 0x33,0x99,0x00,0x33,0x99,0x00,0x33,0x99,
 0x00,0x33,0x99,0x00,0x33,0x99,0x00,0x33,
 0x99,0x00,0x00,0x00,0x00,0x00,0x99,0x00,
 0x00,0x99,0x00,0x00,0x99,0x00,0x00,0x99,
 0x00,0x00,0x99,0x00,0x00,0x99,0x00,0x00,
 0x99,0x00,0x00,0x99,0x00,0x00,0x99,0x00,
 0x00,0x00,0x00,0x00,0x00,0x00,0x00,0x00,
 0x00,0x00,0x00,0x00,0x00,0x00,0x00,0x00,
 0x00,0x00,0x00,0x00,0x00,0x00,0x00,0x00,
 0x00,0x00,0x00,0x00,0x00,0x00,0x00,0x00,
 0x00,0x00,0x00,0x00,0x00,0x00,0x00,0x00,
 0x00,0x00,0x00,0x00,0x00,0x00,0x00,0x00,
 0x00,0x00,0x00,0x00,0x00,0x00,0x00,0x00,
 0x00,0x00,0x00,0x00,0x00,0x00,0x00,0x00,
 0x00,0x00,0x00,0x00,0x00,0x00,0x00,0x00,
 0x00,0x00,0x00,0x00,0x00,0x00,0x00,0x00,
 0x00,0x00,0x00,0x00,0x00,0x00,0x00,0x00,
 0x00,0x00,0x00,0x00,0x00,0x00,0x00,0x00,
 0x00,0x00,0x00,0x00,0x00,0x00,0x00,0x00,
 0x00,0x00,0x00,0x00,0x00,0x00,0x00,0x00,
 0x00,0x00,0x00,0x00,0x00,0x00,0x00,0x00,
 0x00,0x00,0x00,0x00,0x00,0x00,0x00,0x00,
 0x00,0x00,0x00,0x00,0x00,0x00,0x00,0x00,
 0x00,0x00,0x00,0x00,0x00,0x00,0x00,0x00,
 0x00,0x00,0x00,0x00,0x00,0x00,0x00,0x00,
 0x00,0x00,0x00,0x00,0x00,0x00,0x00,0x00,
 0x00,0x00,0x00,0x00,0x00,0x00,0x00,0x00,
 0x00,0x00,0x00,0x00,0x00,0x00,0x00,0x00,
 0x00,0x00,0x00,0x00,0x00,0x00,0x00,0x00,
 0x00,0x00,0x00,0x00,0x00,0x00,0x00,0x00,
 0x00,0x00,0x00,0x00,0x00,0x00,0x00,0x00,
 0x00,0x00,0x00,0x00,0x00,0x00,0x00,0x00,
 0x00,0x00,0x00,0x00,0x00,0x00,0x00,0x00,
 0x00,0x00,0x00,0x00,0x00,0x00,0x00,0x00,
 0x00,0x00,0x00,0x00,0x00,0x00,0x00,0x00,
 0x00,0x00,0x00,0x00,0x00,0x00,0x00,0x00,
 0x00,0x00,0x00,0x00,0x00,0x00,0x00,0x00,
 0x00,0x00,0x00,0x00,0x00,0x00,0x00,0x00,
 0x00,0x00,0x00,0x00,0x00,0x00,0x00,0x00,
 0x00,0x00,0x00,0x00,0x00,0x00,0x00,0x00,
 0x00,0x00,0x00,0x00,0x00,0x00,0x00,0x00,
 0x00,0x00,0x00,0x00,0x00,0x00,0x00,0x00,
 0x00,0x00,0x00,0x00,0x00,0x00,0x00,0x00,
 0x00,0x00,0x00,0x00,0x00,0x00,0x00,0x00,
 0x00,0x00,0x00,0x00,0x00,0x00,0x00,0x00,
 0x00,0x00,0x00,0x00,0x00,0x00,0x00,0x00,
 0x00,0x00,0x00,0x00,0x00,0x00,0x00,0x00,
 0x00,0x00,0x00,0x00,0x00,0x00,0x00,0x00,
 0x00,0x00,0x00,0x00,0x00,0x00,0x00,0x00,
 0x00,0x00,0x00,0x00,0x00,0x00,0x00,0x00,
 0x00,0x00,0x00,0x00,0x00,0x00,0x00,0x00,
 0x00,0x00,0x00,0x00,0x00,0x00,0x00,0x00,
 0x00,0x00,0x00,0x00,0x00,0x00,0x00,0x00,
 0x00,0x00,0x00,0x00,0x00,0x00,0x00,0x00,
 0x00,0x00,0x00,0x00,0x00,0x00,0x00,0x00,
 0x00,0x00,0x00,0x00,0x00,0x00,0x00,0x00,
 0x00,0x00,0x00,0x00,0x00,0x00,0x00,0x00,
 0x00,0x00,0x00,0x00,0x00,0x00,0x00,0x00,
 0x00,0x00,0x00,0x00,0x00,0x00,0x00,0x00,
 0x00,0x00,0x00,0x00,0x00,0x00,0x00,0x00,
 0x00,0x00,0x00,0x00,0x00,0x00,0x00,0x00,
 0x00,0x00,0x00,0x00,0x00,0x00,0x00,0x00,
 0x00,0x00,0x00,0x00,0x00,0x00,0x00,0x00,
 0x00,0x00,0x00,0x00,0x00,0x00,0x00,0x00,
 0x00,0x00,0x00,0x00,0x00,0x00,0x00,0x00,
 0x00,0x00,0x00,0x00,0x00,0x00,0x00,0x00,
 0x00,0x00,0x00,0x00,0x00,0x00,0x00,0x00,
 0x00,0x00,0x00,0x00,0x00,0x00,0x00,0x00,
 0x00,0x00,0x00,0x00,0x00,0x00,0x00,0x00,
 0x00,0x00,0x00,0x00,0x00,0x00,0x00,0x00,
 0x00,0x00,0x00,0x00,0x00,0x00,0x00,0x00,
 0x00,0x00,0x00,0x00,0x00,0x00,0x00,0x00,
 0x00,0x00,0x00,0x00,0x00,0x00,0x00,0x00,
 0x00,0x00,0x00,0x00,0x00,0x00,0x00,0x00,
 0x00,0x00,0x00,0x00,0x00,0x00,0x00,0x00,
 0x00,0x00,0x00,0x00,0x00,0x00,0x00,0x00,
 0x00,0x00,0x00,0x00,0x00,0x00,0x00,0x00,
 0x00,0x00,0x00,0x00,0x00,0x00,0x00,0x00,
 0x00,0x00,0x00,0x00,0x00,0x00,0x00,0x00,
 0x00,0x33,0x33,0x33,0x33,0x33,0x33,0x33,
 0x33,0x33,0x33,0x33,0x33,0x33,0x33,0x33,
 0x33,0x33,0x33,0x33,0x33,0x33,0x33,0x33,
 0x33,0x33,0x33,0x33,0x00,0x00,0x00,0xff,
 0xcc,0xcc,0xff,0xcc,0xcc,0xff,0xcc,0xcc,
 0xff,0xcc,0xcc,0xff,0xcc,0xcc,0xff,0xcc,
 0xcc,0xff,0xcc,0xcc,0xff,0xcc,0xcc,0xff,
 0xcc,0xcc,0x00,0x00,0x00,0xcc,0xcc,0xcc,
 0xcc,0xcc,0xcc,0xcc,0xcc,0xcc,0xcc,0xcc,
 0xcc,0xcc,0xcc,0xcc,0xcc,0xcc,0xcc,0xcc,
 0xcc,0xcc,0xcc,0xcc,0xcc,0xcc,0xcc,0xcc,
 0x00,0x00,0x00,0x99,0xcc,0xcc,0x99,0xcc,
 0xcc,0x99,0xcc,0xcc,0x99,0xcc,0xcc,0x99,
 0xcc,0xcc,0x99,0xcc,0xcc,0x99,0xcc,0xcc,
 0x99,0xcc,0xcc,0x99,0xcc,0xcc,0x00,0x00,
 0x00,0x66,0xcc,0xcc,0x66,0xcc,0xcc,0x66,
 0xcc,0xcc,0x66,0xcc,0xcc,0x66,0xcc,0xcc,
 0x66,0xcc,0xcc,0x66,0xcc,0xcc,0x66,0xcc,
 0xcc,0x66,0xcc,0xcc,0x00,0x00,0x00,0x33,
 0xcc,0xcc,0x33,0xcc,0xcc,0x33,0xcc,0xcc,
 0x33,0xcc,0xcc,0x33,0xcc,0xcc,0x33,0xcc,
 0xcc,0x33,0xcc,0xcc,0x33,0xcc,0xcc,0x33,
 0xcc,0xcc,0x00,0x00,0x00,0x00,0xcc,0xcc,
 0x00,0xcc,0xcc,0x00,0xcc,0xcc,0x00,0xcc,
 0xcc,0x00,0xcc,0xcc,0x00,0xcc,0xcc,0x00,
 0xcc,0xcc,0x00,0xcc,0xcc,0x00,0xcc,0xcc,
 0x00,0x00,0x00,0x00,0xcc,0x66,0x00,0xcc,
 0x66,0x00,0xcc,0x66,0x00,0xcc,0x66,0x00,
 0xcc,0x66,0x00,0xcc,0x66,0x00,0xcc,0x66,
 0x00,0xcc,0x66,0x00,0xcc,0x66,0x00,0x00,
 0x00,0x33,0xcc,0x66,0x33,0xcc,0x66,0x33,
 0xcc,0x66,0x33,0xcc,0x66,0x33,0xcc,0x66,
 0x33,0xcc,0x66,0x33,0xcc,0x66,0x33,0xcc,
 0x66,0x33,0xcc,0x66,0x00,0x00,0x00,0x66,
 0xcc,0x66,0x66,0xcc,0x66,0x66,0xcc,0x66,
 0x66,0xcc,0x66,0x66,0xcc,0x66,0x66,0xcc,
 0x66,0x66,0xcc,0x66,0x66,0xcc,0x66,0x66,
 0xcc,0x66,0x00,0x00,0x00,0x99,0xcc,0x66,
 0x99,0xcc,0x66,0x99,0xcc,0x66,0x99,0xcc,
 0x66,0x99,0xcc,0x66,0x99,0xcc,0x66,0x99,
 0xcc,0x66,0x99,0xcc,0x66,0x99,0xcc,0x66,
 0x00,0x00,0x00,0xcc,0xcc,0x66,0xcc,0xcc,
 0x66,0xcc,0xcc,0x66,0xcc,0xcc,0x66,0xcc,
 0xcc,0x66,0xcc,0xcc,0x66,0xcc,0xcc,0x66,
 0xcc,0xcc,0x66,0xcc,0xcc,0x66,0x00,0x00,
 0x00,0xff,0xcc,0x66,0xff,0xcc,0x66,0xff,
 0xcc,0x66,0xff,0xcc,0x66,0xff,0xcc,0x66,
 0xff,0xcc,0x66,0xff,0xcc,0x66,0xff,0xcc,
 0x66,0xff,0xcc,0x66,0x00,0x00,0x00,0xff,
 0xcc,0x00,0xff,0xcc,0x00,0xff,0xcc,0x00,
 0xff,0xcc,0x00,0xff,0xcc,0x00,0xff,0xcc,
 0x00,0xff,0xcc,0x00,0xff,0xcc,0x00,0xff,
 0xcc,0x00,0x00,0x00,0x00,0xcc,0xcc,0x00,
 0xcc,0xcc,0x00,0xcc,0xcc,0x00,0xcc,0xcc,
 0x00,0xcc,0xcc,0x00,0xcc,0xcc,0x00,0xcc,
 0xcc,0x00,0xcc,0xcc,0x00,0xcc,0xcc,0x00,
 0x00,0x00,0x00,0x99,0xcc,0x00,0x99,0xcc,
 0x00,0x99,0xcc,0x00,0x99,0xcc,0x00,0x99,
 0xcc,0x00,0x99,0xcc,0x00,0x99,0xcc,0x00,
 0x99,0xcc,0x00,0x99,0xcc,0x00,0x00,0x00,
 0x00,0x66,0xcc,0x00,0x66,0xcc,0x00,0x66,
 0xcc,0x00,0x66,0xcc,0x00,0x66,0xcc,0x00,
 0x66,0xcc,0x00,0x66,0xcc,0x00,0x66,0xcc,
 0x00,0x66,0xcc,0x00,0x00,0x00,0x00,0x33,
 0xcc,0x00,0x33,0xcc,0x00,0x33,0xcc,0x00,
 0x33,0xcc,0x00,0x33,0xcc,0x00,0x33,0xcc,
 0x00,0x33,0xcc,0x00,0x33,0xcc,0x00,0x33,
 0xcc,0x00,0x00,0x00,0x00,0x00,0xcc,0x00,
 0x00,0xcc,0x00,0x00,0xcc,0x00,0x00,0xcc,
 0x00,0x00,0xcc,0x00,0x00,0xcc,0x00,0x00,
 0xcc,0x00,0x00,0xcc,0x00,0x00,0xcc,0x00,
 0x00,0x00,0x00,0x00,0x00,0x00,0x00,0x00,
 0x00,0x33,0x33,0x33,0x33,0x33,0x33,0x33,
 0x33,0x33,0x33,0x33,0x33,0x33,0x33,0x33,
 0x33,0x33,0x33,0x33,0x33,0x33,0x33,0x33,
 0x33,0x33,0x33,0x33,0x00,0x00,0x00,0xff,
 0xcc,0xcc,0xff,0xcc,0xcc,0xff,0xcc,0xcc,
 0xff,0xcc,0xcc,0xff,0xcc,0xcc,0xff,0xcc,
 0xcc,0xff,0xcc,0xcc,0xff,0xcc,0xcc,0xff,
 0xcc,0xcc,0x00,0x00,0x00,0xcc,0xcc,0xcc,
 0xcc,0xcc,0xcc,0xcc,0xcc,0xcc,0xcc,0xcc,
 0xcc,0xcc,0xcc,0xcc,0xcc,0xcc,0xcc,0xcc,
 0xcc,0xcc,0xcc,0xcc,0xcc,0xcc,0xcc,0xcc,
 0x00,0x00,0x00,0x99,0xcc,0xcc,0x99,0xcc,
 0xcc,0x99,0xcc,0xcc,0x99,0xcc,0xcc,0x99,
 0xcc,0xcc,0x99,0xcc,0xcc,0x99,0xcc,0xcc,
 0x99,0xcc,0xcc,0x99,0xcc,0xcc,0x00,0x00,
 0x00,0x66,0xcc,0xcc,0x66,0xcc,0xcc,0x66,
 0xcc,0xcc,0x66,0xcc,0xcc,0x66,0xcc,0xcc,
 0x66,0xcc,0xcc,0x66,0xcc,0xcc,0x66,0xcc,
 0xcc,0x66,0xcc,0xcc,0x00,0x00,0x00,0x33,
 0xcc,0xcc,0x33,0xcc,0xcc,0x33,0xcc,0xcc,
 0x33,0xcc,0xcc,0x33,0xcc,0xcc,0x33,0xcc,
 0xcc,0x33,0xcc,0xcc,0x33,0xcc,0xcc,0x33,
 0xcc,0xcc,0x00,0x00,0x00,0x00,0xcc,0xcc,
 0x00,0xcc,0xcc,0x00,0xcc,0xcc,0x00,0xcc,
 0xcc,0x00,0xcc,0xcc,0x00,0xcc,0xcc,0x00,
 0xcc,0xcc,0x00,0xcc,0xcc,0x00,0xcc,0xcc,
 0x00,0x00,0x00,0x00,0xcc,0x66,0x00,0xcc,
 0x66,0x00,0xcc,0x66,0x00,0xcc,0x66,0x00,
 0xcc,0x66,0x00,0xcc,0x66,0x00,0xcc,0x66,
 0x00,0xcc,0x66,0x00,0xcc,0x66,0x00,0x00,
 0x00,0x33,0xcc,0x66,0x33,0xcc,0x66,0x33,
 0xcc,0x66,0x33,0xcc,0x66,0x33,0xcc,0x66,
 0x33,0xcc,0x66,0x33,0xcc,0x66,0x33,0xcc,
 0x66,0x33,0xcc,0x66,0x00,0x00,0x00,0x66,
 0xcc,0x66,0x66,0xcc,0x66,0x66,0xcc,0x66,
 0x66,0xcc,0x66,0x66,0xcc,0x66,0x66,0xcc,
 0x66,0x66,0xcc,0x66,0x66,0xcc,0x66,0x66,
 0xcc,0x66,0x00,0x00,0x00,0x99,0xcc,0x66,
 0x99,0xcc,0x66,0x99,0xcc,0x66,0x99,0xcc,
 0x66,0x99,0xcc,0x66,0x99,0xcc,0x66,0x99,
 0xcc,0x66,0x99,0xcc,0x66,0x99,0xcc,0x66,
 0x00,0x00,0x00,0xcc,0xcc,0x66,0xcc,0xcc,
 0x66,0xcc,0xcc,0x66,0xcc,0xcc,0x66,0xcc,
 0xcc,0x66,0xcc,0xcc,0x66,0xcc,0xcc,0x66,
 0xcc,0xcc,0x66,0xcc,0xcc,0x66,0x00,0x00,
 0x00,0xff,0xcc,0x66,0xff,0xcc,0x66,0xff,
 0xcc,0x66,0xff,0xcc,0x66,0xff,0xcc,0x66,
 0xff,0xcc,0x66,0xff,0xcc,0x66,0xff,0xcc,
 0x66,0xff,0xcc,0x66,0x00,0x00,0x00,0xff,
 0xcc,0x00,0xff,0xcc,0x00,0xff,0xcc,0x00,
 0xff,0xcc,0x00,0xff,0xcc,0x00,0xff,0xcc,
 0x00,0xff,0xcc,0x00,0xff,0xcc,0x00,0xff,
 0xcc,0x00,0x00,0x00,0x00,0xcc,0xcc,0x00,
 0xcc,0xcc,0x00,0xcc,0xcc,0x00,0xcc,0xcc,
 0x00,0xcc,0xcc,0x00,0xcc,0xcc,0x00,0xcc,
 0xcc,0x00,0xcc,0xcc,0x00,0xcc,0xcc,0x00,
 0x00,0x00,0x00,0x99,0xcc,0x00,0x99,0xcc,
 0x00,0x99,0xcc,0x00,0x99,0xcc,0x00,0x99,
 0xcc,0x00,0x99,0xcc,0x00,0x99,0xcc,0x00,
 0x99,0xcc,0x00,0x99,0xcc,0x00,0x00,0x00,
 0x00,0x66,0xcc,0x00,0x66,0xcc,0x00,0x66,
 0xcc,0x00,0x66,0xcc,0x00,0x66,0xcc,0x00,
 0x66,0xcc,0x00,0x66,0xcc,0x00,0x66,0xcc,
 0x00,0x66,0xcc,0x00,0x00,0x00,0x00,0x33,
 0xcc,0x00,0x33,0xcc,0x00,0x33,0xcc,0x00,
 0x33,0xcc,0x00,0x33,0xcc,0x00,0x33,0xcc,
 0x00,0x33,0xcc,0x00,0x33,0xcc,0x00,0x33,
 0xcc,0x00,0x00,0x00,0x00,0x00,0xcc,0x00,
 0x00,0xcc,0x00,0x00,0xcc,0x00,0x00,0xcc,
 0x00,0x00,0xcc,0x00,0x00,0xcc,0x00,0x00,
 0xcc,0x00,0x00,0xcc,0x00,0x00,0xcc,0x00,
 0x00,0x00,0x00,0x00,0x00,0x00,0x00,0x00,
 0x00,0x33,0x33,0x33,0x33,0x33,0x33,0x33,
 0x33,0x33,0x33,0x33,0x33,0x33,0x33,0x33,
 0x33,0x33,0x33,0x33,0x33,0x33,0x33,0x33,
 0x33,0x33,0x33,0x33,0x00,0x00,0x00,0xff,
 0xcc,0xcc,0xff,0xcc,0xcc,0xff,0xcc,0xcc,
 0xff,0xcc,0xcc,0xff,0xcc,0xcc,0xff,0xcc,
 0xcc,0xff,0xcc,0xcc,0xff,0xcc,0xcc,0xff,
 0xcc,0xcc,0x00,0x00,0x00,0xcc,0xcc,0xcc,
 0xcc,0xcc,0xcc,0xcc,0xcc,0xcc,0xcc,0xcc,
 0xcc,0xcc,0xcc,0xcc,0xcc,0xcc,0xcc,0xcc,
 0xcc,0xcc,0xcc,0xcc,0xcc,0xcc,0xcc,0xcc,
 0x00,0x00,0x00,0x99,0xcc,0xcc,0x99,0xcc,
 0xcc,0x99,0xcc,0xcc,0x99,0xcc,0xcc,0x99,
 0xcc,0xcc,0x99,0xcc,0xcc,0x99,0xcc,0xcc,
 0x99,0xcc,0xcc,0x99,0xcc,0xcc,0x00,0x00,
 0x00,0x66,0xcc,0xcc,0x66,0xcc,0xcc,0x66,
 0xcc,0xcc,0x66,0xcc,0xcc,0x66,0xcc,0xcc,
 0x66,0xcc,0xcc,0x66,0xcc,0xcc,0x66,0xcc,
 0xcc,0x66,0xcc,0xcc,0x00,0x00,0x00,0x33,
 0xcc,0xcc,0x33,0xcc,0xcc,0x33,0xcc,0xcc,
 0x33,0xcc,0xcc,0x33,0xcc,0xcc,0x33,0xcc,
 0xcc,0x33,0xcc,0xcc,0x33,0xcc,0xcc,0x33,
 0xcc,0xcc,0x00,0x00,0x00,0x00,0xcc,0xcc,
 0x00,0xcc,0xcc,0x00,0xcc,0xcc,0x00,0xcc,
 0xcc,0x00,0xcc,0xcc,0x00,0xcc,0xcc,0x00,
 0xcc,0xcc,0x00,0xcc,0xcc,0x00,0xcc,0xcc,
 0x00,0x00,0x00,0x00,0xcc,0x66,0x00,0xcc,
 0x66,0x00,0xcc,0x66,0x00,0xcc,0x66,0x00,
 0xcc,0x66,0x00,0xcc,0x66,0x00,0xcc,0x66,
 0x00,0xcc,0x66,0x00,0xcc,0x66,0x00,0x00,
 0x00,0x33,0xcc,0x66,0x33,0xcc,0x66,0x33,
 0xcc,0x66,0x33,0xcc,0x66,0x33,0xcc,0x66,
 0x33,0xcc,0x66,0x33,0xcc,0x66,0x33,0xcc,
 0x66,0x33,0xcc,0x66,0x00,0x00,0x00,0x66,
 0xcc,0x66,0x66,0xcc,0x66,0x66,0xcc,0x66,
 0x66,0xcc,0x66,0x66,0xcc,0x66,0x66,0xcc,
 0x66,0x66,0xcc,0x66,0x66,0xcc,0x66,0x66,
 0xcc,0x66,0x00,0x00,0x00,0x99,0xcc,0x66,
 0x99,0xcc,0x66,0x99,0xcc,0x66,0x99,0xcc,
 0x66,0x99,0xcc,0x66,0x99,0xcc,0x66,0x99,
 0xcc,0x66,0x99,0xcc,0x66,0x99,0xcc,0x66,
 0x00,0x00,0x00,0xcc,0xcc,0x66,0xcc,0xcc,
 0x66,0xcc,0xcc,0x66,0xcc,0xcc,0x66,0xcc,
 0xcc,0x66,0xcc,0xcc,0x66,0xcc,0xcc,0x66,
 0xcc,0xcc,0x66,0xcc,0xcc,0x66,0x00,0x00,
 0x00,0xff,0xcc,0x66,0xff,0xcc,0x66,0xff,
 0xcc,0x66,0xff,0xcc,0x66,0xff,0xcc,0x66,
 0xff,0xcc,0x66,0xff,0xcc,0x66,0xff,0xcc,
 0x66,0xff,0xcc,0x66,0x00,0x00,0x00,0xff,
 0xcc,0x00,0xff,0xcc,0x00,0xff,0xcc,0x00,
 0xff,0xcc,0x00,0xff,0xcc,0x00,0xff,0xcc,
 0x00,0xff,0xcc,0x00,0xff,0xcc,0x00,0xff,
 0xcc,0x00,0x00,0x00,0x00,0xcc,0xcc,0x00,
 0xcc,0xcc,0x00,0xcc,0xcc,0x00,0xcc,0xcc,
 0x00,0xcc,0xcc,0x00,0xcc,0xcc,0x00,0xcc,
 0xcc,0x00,0xcc,0xcc,0x00,0xcc,0xcc,0x00,
 0x00,0x00,0x00,0x99,0xcc,0x00,0x99,0xcc,
 0x00,0x99,0xcc,0x00,0x99,0xcc,0x00,0x99,
 0xcc,0x00,0x99,0xcc,0x00,0x99,0xcc,0x00,
 0x99,0xcc,0x00,0x99,0xcc,0x00,0x00,0x00,
 0x00,0x66,0xcc,0x00,0x66,0xcc,0x00,0x66,
 0xcc,0x00,0x66,0xcc,0x00,0x66,0xcc,0x00,
 0x66,0xcc,0x00,0x66,0xcc,0x00,0x66,0xcc,
 0x00,0x66,0xcc,0x00,0x00,0x00,0x00,0x33,
 0xcc,0x00,0x33,0xcc,0x00,0x33,0xcc,0x00,
 0x33,0xcc,0x00,0x33,0xcc,0x00,0x33,0xcc,
 0x00,0x33,0xcc,0x00,0x33,0xcc,0x00,0x33,
 0xcc,0x00,0x00,0x00,0x00,0x00,0xcc,0x00,
 0x00,0xcc,0x00,0x00,0xcc,0x00,0x00,0xcc,
 0x00,0x00,0xcc,0x00,0x00,0xcc,0x00,0x00,
 0xcc,0x00,0x00,0xcc,0x00,0x00,0xcc,0x00,
 0x00,0x00,0x00,0x00,0x00,0x00,0x00,0x00,
 0x00,0x33,0x33,0x33,0x33,0x33,0x33,0x33,
 0x33,0x33,0x33,0x33,0x33,0x33,0x33,0x33,
 0x33,0x33,0x33,0x33,0x33,0x33,0x33,0x33,
 0x33,0x33,0x33,0x33,0x00,0x00,0x00,0xff,
 0xcc,0xcc,0xff,0xcc,0xcc,0xff,0xcc,0xcc,
 0xff,0xcc,0xcc,0xff,0xcc,0xcc,0xff,0xcc,
 0xcc,0xff,0xcc,0xcc,0xff,0xcc,0xcc,0xff,
 0xcc,0xcc,0x00,0x00,0x00,0xcc,0xcc,0xcc,
 0xcc,0xcc,0xcc,0xcc,0xcc,0xcc,0xcc,0xcc,
 0xcc,0xcc,0xcc,0xcc,0xcc,0xcc,0xcc,0xcc,
 0xcc,0xcc,0xcc,0xcc,0xcc,0xcc,0xcc,0xcc,
 0x00,0x00,0x00,0x99,0xcc,0xcc,0x99,0xcc,
 0xcc,0x99,0xcc,0xcc,0x99,0xcc,0xcc,0x99,
 0xcc,0xcc,0x99,0xcc,0xcc,0x99,0xcc,0xcc,
 0x99,0xcc,0xcc,0x99,0xcc,0xcc,0x00,0x00,
 0x00,0x66,0xcc,0xcc,0x66,0xcc,0xcc,0x66,
 0xcc,0xcc,0x66,0xcc,0xcc,0x66,0xcc,0xcc,
 0x66,0xcc,0xcc,0x66,0xcc,0xcc,0x66,0xcc,
 0xcc,0x66,0xcc,0xcc,0x00,0x00,0x00,0x33,
 0xcc,0xcc,0x33,0xcc,0xcc,0x33,0xcc,0xcc,
 0x33,0xcc,0xcc,0x33,0xcc,0xcc,0x33,0xcc,
 0xcc,0x33,0xcc,0xcc,0x33,0xcc,0xcc,0x33,
 0xcc,0xcc,0x00,0x00,0x00,0x00,0xcc,0xcc,
 0x00,0xcc,0xcc,0x00,0xcc,0xcc,0x00,0xcc,
 0xcc,0x00,0xcc,0xcc,0x00,0xcc,0xcc,0x00,
 0xcc,0xcc,0x00,0xcc,0xcc,0x00,0xcc,0xcc,
 0x00,0x00,0x00,0x00,0xcc,0x66,0x00,0xcc,
 0x66,0x00,0xcc,0x66,0x00,0xcc,0x66,0x00,
 0xcc,0x66,0x00,0xcc,0x66,0x00,0xcc,0x66,
 0x00,0xcc,0x66,0x00,0xcc,0x66,0x00,0x00,
 0x00,0x33,0xcc,0x66,0x33,0xcc,0x66,0x33,
 0xcc,0x66,0x33,0xcc,0x66,0x33,0xcc,0x66,
 0x33,0xcc,0x66,0x33,0xcc,0x66,0x33,0xcc,
 0x66,0x33,0xcc,0x66,0x00,0x00,0x00,0x66,
 0xcc,0x66,0x66,0xcc,0x66,0x66,0xcc,0x66,
 0x66,0xcc,0x66,0x66,0xcc,0x66,0x66,0xcc,
 0x66,0x66,0xcc,0x66,0x66,0xcc,0x66,0x66,
 0xcc,0x66,0x00,0x00,0x00,0x99,0xcc,0x66,
 0x99,0xcc,0x66,0x99,0xcc,0x66,0x99,0xcc,
 0x66,0x99,0xcc,0x66,0x99,0xcc,0x66,0x99,
 0xcc,0x66,0x99,0xcc,0x66,0x99,0xcc,0x66,
 0x00,0x00,0x00,0xcc,0xcc,0x66,0xcc,0xcc,
 0x66,0xcc,0xcc,0x66,0xcc,0xcc,0x66,0xcc,
 0xcc,0x66,0xcc,0xcc,0x66,0xcc,0xcc,0x66,
 0xcc,0xcc,0x66,0xcc,0xcc,0x66,0x00,0x00,
 0x00,0xff,0xcc,0x66,0xff,0xcc,0x66,0xff,
 0xcc,0x66,0xff,0xcc,0x66,0xff,0xcc,0x66,
 0xff,0xcc,0x66,0xff,0xcc,0x66,0xff,0xcc,
 0x66,0xff,0xcc,0x66,0x00,0x00,0x00,0xff,
 0xcc,0x00,0xff,0xcc,0x00,0xff,0xcc,0x00,
 0xff,0xcc,0x00,0xff,0xcc,0x00,0xff,0xcc,
 0x00,0xff,0xcc,0x00,0xff,0xcc,0x00,0xff,
 0xcc,0x00,0x00,0x00,0x00,0xcc,0xcc,0x00,
 0xcc,0xcc,0x00,0xcc,0xcc,0x00,0xcc,0xcc,
 0x00,0xcc,0xcc,0x00,0xcc,0xcc,0x00,0xcc,
 0xcc,0x00,0xcc,0xcc,0x00,0xcc,0xcc,0x00,
 0x00,0x00,0x00,0x99,0xcc,0x00,0x99,0xcc,
 0x00,0x99,0xcc,0x00,0x99,0xcc,0x00,0x99,
 0xcc,0x00,0x99,0xcc,0x00,0x99,0xcc,0x00,
 0x99,0xcc,0x00,0x99,0xcc,0x00,0x00,0x00,
 0x00,0x66,0xcc,0x00,0x66,0xcc,0x00,0x66,
 0xcc,0x00,0x66,0xcc,0x00,0x66,0xcc,0x00,
 0x66,0xcc,0x00,0x66,0xcc,0x00,0x66,0xcc,
 0x00,0x66,0xcc,0x00,0x00,0x00,0x00,0x33,
 0xcc,0x00,0x33,0xcc,0x00,0x33,0xcc,0x00,
 0x33,0xcc,0x00,0x33,0xcc,0x00,0x33,0xcc,
 0x00,0x33,0xcc,0x00,0x33,0xcc,0x00,0x33,
 0xcc,0x00,0x00,0x00,0x00,0x00,0xcc,0x00,
 0x00,0xcc,0x00,0x00,0xcc,0x00,0x00,0xcc,
 0x00,0x00,0xcc,0x00,0x00,0xcc,0x00,0x00,
 0xcc,0x00,0x00,0xcc,0x00,0x00,0xcc,0x00,
 0x00,0x00,0x00,0x00,0x00,0x00,0x00,0x00,
 0x00,0x33,0x33,0x33,0x33,0x33,0x33,0x33,
 0x33,0x33,0x33,0x33,0x33,0x33,0x33,0x33,
 0x33,0x33,0x33,0x33,0x33,0x33,0x33,0x33,
 0x33,0x33,0x33,0x33,0x00,0x00,0x00,0xff,
 0xcc,0xcc,0xff,0xcc,0xcc,0xff,0xcc,0xcc,
 0xff,0xcc,0xcc,0xff,0xcc,0xcc,0xff,0xcc,
 0xcc,0xff,0xcc,0xcc,0xff,0xcc,0xcc,0xff,
 0xcc,0xcc,0x00,0x00,0x00,0xcc,0xcc,0xcc,
 0xcc,0xcc,0xcc,0xcc,0xcc,0xcc,0xcc,0xcc,
 0xcc,0xcc,0xcc,0xcc,0xcc,0xcc,0xcc,0xcc,
 0xcc,0xcc,0xcc,0xcc,0xcc,0xcc,0xcc,0xcc,
 0x00,0x00,0x00,0x99,0xcc,0xcc,0x99,0xcc,
 0xcc,0x99,0xcc,0xcc,0x99,0xcc,0xcc,0x99,
 0xcc,0xcc,0x99,0xcc,0xcc,0x99,0xcc,0xcc,
 0x99,0xcc,0xcc,0x99,0xcc,0xcc,0x00,0x00,
 0x00,0x66,0xcc,0xcc,0x66,0xcc,0xcc,0x66,
 0xcc,0xcc,0x66,0xcc,0xcc,0x66,0xcc,0xcc,
 0x66,0xcc,0xcc,0x66,0xcc,0xcc,0x66,0xcc,
 0xcc,0x66,0xcc,0xcc,0x00,0x00,0x00,0x33,
 0xcc,0xcc,0x33,0xcc,0xcc,0x33,0xcc,0xcc,
 0x33,0xcc,0xcc,0x33,0xcc,0xcc,0x33,0xcc,
 0xcc,0x33,0xcc,0xcc,0x33,0xcc,0xcc,0x33,
 0xcc,0xcc,0x00,0x00,0x00,0x00,0xcc,0xcc,
 0x00,0xcc,0xcc,0x00,0xcc,0xcc,0x00,0xcc,
 0xcc,0x00,0xcc,0xcc,0x00,0xcc,0xcc,0x00,
 0xcc,0xcc,0x00,0xcc,0xcc,0x00,0xcc,0xcc,
 0x00,0x00,0x00,0x00,0xcc,0x66,0x00,0xcc,
 0x66,0x00,0xcc,0x66,0x00,0xcc,0x66,0x00,
 0xcc,0x66,0x00,0xcc,0x66,0x00,0xcc,0x66,
 0x00,0xcc,0x66,0x00,0xcc,0x66,0x00,0x00,
 0x00,0x33,0xcc,0x66,0x33,0xcc,0x66,0x33,
 0xcc,0x66,0x33,0xcc,0x66,0x33,0xcc,0x66,
 0x33,0xcc,0x66,0x33,0xcc,0x66,0x33,0xcc,
 0x66,0x33,0xcc,0x66,0x00,0x00,0x00,0x66,
 0xcc,0x66,0x66,0xcc,0x66,0x66,0xcc,0x66,
 0x66,0xcc,0x66,0x66,0xcc,0x66,0x66,0xcc,
 0x66,0x66,0xcc,0x66,0x66,0xcc,0x66,0x66,
 0xcc,0x66,0x00,0x00,0x00,0x99,0xcc,0x66,
 0x99,0xcc,0x66,0x99,0xcc,0x66,0x99,0xcc,
 0x66,0x99,0xcc,0x66,0x99,0xcc,0x66,0x99,
 0xcc,0x66,0x99,0xcc,0x66,0x99,0xcc,0x66,
 0x00,0x00,0x00,0xcc,0xcc,0x66,0xcc,0xcc,
 0x66,0xcc,0xcc,0x66,0xcc,0xcc,0x66,0xcc,
 0xcc,0x66,0xcc,0xcc,0x66,0xcc,0xcc,0x66,
 0xcc,0xcc,0x66,0xcc,0xcc,0x66,0x00,0x00,
 0x00,0xff,0xcc,0x66,0xff,0xcc,0x66,0xff,
 0xcc,0x66,0xff,0xcc,0x66,0xff,0xcc,0x66,
 0xff,0xcc,0x66,0xff,0xcc,0x66,0xff,0xcc,
 0x66,0xff,0xcc,0x66,0x00,0x00,0x00,0xff,
 0xcc,0x00,0xff,0xcc,0x00,0xff,0xcc,0x00,
 0xff,0xcc,0x00,0xff,0xcc,0x00,0xff,0xcc,
 0x00,0xff,0xcc,0x00,0xff,0xcc,0x00,0xff,
 0xcc,0x00,0x00,0x00,0x00,0xcc,0xcc,0x00,
 0xcc,0xcc,0x00,0xcc,0xcc,0x00,0xcc,0xcc,
 0x00,0xcc,0xcc,0x00,0xcc,0xcc,0x00,0xcc,
 0xcc,0x00,0xcc,0xcc,0x00,0xcc,0xcc,0x00,
 0x00,0x00,0x00,0x99,0xcc,0x00,0x99,0xcc,
 0x00,0x99,0xcc,0x00,0x99,0xcc,0x00,0x99,
 0xcc,0x00,0x99,0xcc,0x00,0x99,0xcc,0x00,
 0x99,0xcc,0x00,0x99,0xcc,0x00,0x00,0x00,
 0x00,0x66,0xcc,0x00,0x66,0xcc,0x00,0x66,
 0xcc,0x00,0x66,0xcc,0x00,0x66,0xcc,0x00,
 0x66,0xcc,0x00,0x66,0xcc,0x00,0x66,0xcc,
 0x00,0x66,0xcc,0x00,0x00,0x00,0x00,0x33,
 0xcc,0x00,0x33,0xcc,0x00,0x33,0xcc,0x00,
 0x33,0xcc,0x00,0x33,0xcc,0x00,0x33,0xcc,
 0x00,0x33,0xcc,0x00,0x33,0xcc,0x00,0x33,
 0xcc,0x00,0x00,0x00,0x00,0x00,0xcc,0x00,
 0x00,0xcc,0x00,0x00,0xcc,0x00,0x00,0xcc,
 0x00,0x00,0xcc,0x00,0x00,0xcc,0x00,0x00,
 0xcc,0x00,0x00,0xcc,0x00,0x00,0xcc,0x00,
 0x00,0x00,0x00,0x00,0x00,0x00,0x00,0x00,
 0x00,0x33,0x33,0x33,0x33,0x33,0x33,0x33,
 0x33,0x33,0x33,0x33,0x33,0x33,0x33,0x33,
 0x33,0x33,0x33,0x33,0x33,0x33,0x33,0x33,
 0x33,0x33,0x33,0x33,0x00,0x00,0x00,0xff,
 0xcc,0xcc,0xff,0xcc,0xcc,0xff,0xcc,0xcc,
 0xff,0xcc,0xcc,0xff,0xcc,0xcc,0xff,0xcc,
 0xcc,0xff,0xcc,0xcc,0xff,0xcc,0xcc,0xff,
 0xcc,0xcc,0x00,0x00,0x00,0xcc,0xcc,0xcc,
 0xcc,0xcc,0xcc,0xcc,0xcc,0xcc,0xcc,0xcc,
 0xcc,0xcc,0xcc,0xcc,0xcc,0xcc,0xcc,0xcc,
 0xcc,0xcc,0xcc,0xcc,0xcc,0xcc,0xcc,0xcc,
 0x00,0x00,0x00,0x99,0xcc,0xcc,0x99,0xcc,
 0xcc,0x99,0xcc,0xcc,0x99,0xcc,0xcc,0x99,
 0xcc,0xcc,0x99,0xcc,0xcc,0x99,0xcc,0xcc,
 0x99,0xcc,0xcc,0x99,0xcc,0xcc,0x00,0x00,
 0x00,0x66,0xcc,0xcc,0x66,0xcc,0xcc,0x66,
 0xcc,0xcc,0x66,0xcc,0xcc,0x66,0xcc,0xcc,
 0x66,0xcc,0xcc,0x66,0xcc,0xcc,0x66,0xcc,
 0xcc,0x66,0xcc,0xcc,0x00,0x00,0x00,0x33,
 0xcc,0xcc,0x33,0xcc,0xcc,0x33,0xcc,0xcc,
 0x33,0xcc,0xcc,0x33,0xcc,0xcc,0x33,0xcc,
 0xcc,0x33,0xcc,0xcc,0x33,0xcc,0xcc,0x33,
 0xcc,0xcc,0x00,0x00,0x00,0x00,0xcc,0xcc,
 0x00,0xcc,0xcc,0x00,0xcc,0xcc,0x00,0xcc,
 0xcc,0x00,0xcc,0xcc,0x00,0xcc,0xcc,0x00,
 0xcc,0xcc,0x00,0xcc,0xcc,0x00,0xcc,0xcc,
 0x00,0x00,0x00,0x00,0xcc,0x66,0x00,0xcc,
 0x66,0x00,0xcc,0x66,0x00,0xcc,0x66,0x00,
 0xcc,0x66,0x00,0xcc,0x66,0x00,0xcc,0x66,
 0x00,0xcc,0x66,0x00,0xcc,0x66,0x00,0x00,
 0x00,0x33,0xcc,0x66,0x33,0xcc,0x66,0x33,
 0xcc,0x66,0x33,0xcc,0x66,0x33,0xcc,0x66,
 0x33,0xcc,0x66,0x33,0xcc,0x66,0x33,0xcc,
 0x66,0x33,0xcc,0x66,0x00,0x00,0x00,0x66,
 0xcc,0x66,0x66,0xcc,0x66,0x66,0xcc,0x66,
 0x66,0xcc,0x66,0x66,0xcc,0x66,0x66,0xcc,
 0x66,0x66,0xcc,0x66,0x66,0xcc,0x66,0x66,
 0xcc,0x66,0x00,0x00,0x00,0x99,0xcc,0x66,
 0x99,0xcc,0x66,0x99,0xcc,0x66,0x99,0xcc,
 0x66,0x99,0xcc,0x66,0x99,0xcc,0x66,0x99,
 0xcc,0x66,0x99,0xcc,0x66,0x99,0xcc,0x66,
 0x00,0x00,0x00,0xcc,0xcc,0x66,0xcc,0xcc,
 0x66,0xcc,0xcc,0x66,0xcc,0xcc,0x66,0xcc,
 0xcc,0x66,0xcc,0xcc,0x66,0xcc,0xcc,0x66,
 0xcc,0xcc,0x66,0xcc,0xcc,0x66,0x00,0x00,
 0x00,0xff,0xcc,0x66,0xff,0xcc,0x66,0xff,
 0xcc,0x66,0xff,0xcc,0x66,0xff,0xcc,0x66,
 0xff,0xcc,0x66,0xff,0xcc,0x66,0xff,0xcc,
 0x66,0xff,0xcc,0x66,0x00,0x00,0x00,0xff,
 0xcc,0x00,0xff,0xcc,0x00,0xff,0xcc,0x00,
 0xff,0xcc,0x00,0xff,0xcc,0x00,0xff,0xcc,
 0x00,0xff,0xcc,0x00,0xff,0xcc,0x00,0xff,
 0xcc,0x00,0x00,0x00,0x00,0xcc,0xcc,0x00,
 0xcc,0xcc,0x00,0xcc,0xcc,0x00,0xcc,0xcc,
 0x00,0xcc,0xcc,0x00,0xcc,0xcc,0x00,0xcc,
 0xcc,0x00,0xcc,0xcc,0x00,0xcc,0xcc,0x00,
 0x00,0x00,0x00,0x99,0xcc,0x00,0x99,0xcc,
 0x00,0x99,0xcc,0x00,0x99,0xcc,0x00,0x99,
 0xcc,0x00,0x99,0xcc,0x00,0x99,0xcc,0x00,
 0x99,0xcc,0x00,0x99,0xcc,0x00,0x00,0x00,
 0x00,0x66,0xcc,0x00,0x66,0xcc,0x00,0x66,
 0xcc,0x00,0x66,0xcc,0x00,0x66,0xcc,0x00,
 0x66,0xcc,0x00,0x66,0xcc,0x00,0x66,0xcc,
 0x00,0x66,0xcc,0x00,0x00,0x00,0x00,0x33,
 0xcc,0x00,0x33,0xcc,0x00,0x33,0xcc,0x00,
 0x33,0xcc,0x00,0x33,0xcc,0x00,0x33,0xcc,
 0x00,0x33,0xcc,0x00,0x33,0xcc,0x00,0x33,
 0xcc,0x00,0x00,0x00,0x00,0x00,0xcc,0x00,
 0x00,0xcc,0x00,0x00,0xcc,0x00,0x00,0xcc,
 0x00,0x00,0xcc,0x00,0x00,0xcc,0x00,0x00,
 0xcc,0x00,0x00,0xcc,0x00,0x00,0xcc,0x00,
 0x00,0x00,0x00,0x00,0x00,0x00,0x00,0x00,
 0x00,0x33,0x33,0x33,0x33,0x33,0x33,0x33,
 0x33,0x33,0x33,0x33,0x33,0x33,0x33,0x33,
 0x33,0x33,0x33,0x33,0x33,0x33,0x33,0x33,
 0x33,0x33,0x33,0x33,0x00,0x00,0x00,0xff,
 0xcc,0xcc,0xff,0xcc,0xcc,0xff,0xcc,0xcc,
 0xff,0xcc,0xcc,0xff,0xcc,0xcc,0xff,0xcc,
 0xcc,0xff,0xcc,0xcc,0xff,0xcc,0xcc,0xff,
 0xcc,0xcc,0x00,0x00,0x00,0xcc,0xcc,0xcc,
 0xcc,0xcc,0xcc,0xcc,0xcc,0xcc,0xcc,0xcc,
 0xcc,0xcc,0xcc,0xcc,0xcc,0xcc,0xcc,0xcc,
 0xcc,0xcc,0xcc,0xcc,0xcc,0xcc,0xcc,0xcc,
 0x00,0x00,0x00,0x99,0xcc,0xcc,0x99,0xcc,
 0xcc,0x99,0xcc,0xcc,0x99,0xcc,0xcc,0x99,
 0xcc,0xcc,0x99,0xcc,0xcc,0x99,0xcc,0xcc,
 0x99,0xcc,0xcc,0x99,0xcc,0xcc,0x00,0x00,
 0x00,0x66,0xcc,0xcc,0x66,0xcc,0xcc,0x66,
 0xcc,0xcc,0x66,0xcc,0xcc,0x66,0xcc,0xcc,
 0x66,0xcc,0xcc,0x66,0xcc,0xcc,0x66,0xcc,
 0xcc,0x66,0xcc,0xcc,0x00,0x00,0x00,0x33,
 0xcc,0xcc,0x33,0xcc,0xcc,0x33,0xcc,0xcc,
 0x33,0xcc,0xcc,0x33,0xcc,0xcc,0x33,0xcc,
 0xcc,0x33,0xcc,0xcc,0x33,0xcc,0xcc,0x33,
 0xcc,0xcc,0x00,0x00,0x00,0x00,0xcc,0xcc,
 0x00,0xcc,0xcc,0x00,0xcc,0xcc,0x00,0xcc,
 0xcc,0x00,0xcc,0xcc,0x00,0xcc,0xcc,0x00,
 0xcc,0xcc,0x00,0xcc,0xcc,0x00,0xcc,0xcc,
 0x00,0x00,0x00,0x00,0xcc,0x66,0x00,0xcc,
 0x66,0x00,0xcc,0x66,0x00,0xcc,0x66,0x00,
 0xcc,0x66,0x00,0xcc,0x66,0x00,0xcc,0x66,
 0x00,0xcc,0x66,0x00,0xcc,0x66,0x00,0x00,
 0x00,0x33,0xcc,0x66,0x33,0xcc,0x66,0x33,
 0xcc,0x66,0x33,0xcc,0x66,0x33,0xcc,0x66,
 0x33,0xcc,0x66,0x33,0xcc,0x66,0x33,0xcc,
 0x66,0x33,0xcc,0x66,0x00,0x00,0x00,0x66,
 0xcc,0x66,0x66,0xcc,0x66,0x66,0xcc,0x66,
 0x66,0xcc,0x66,0x66,0xcc,0x66,0x66,0xcc,
 0x66,0x66,0xcc,0x66,0x66,0xcc,0x66,0x66,
 0xcc,0x66,0x00,0x00,0x00,0x99,0xcc,0x66,
 0x99,0xcc,0x66,0x99,0xcc,0x66,0x99,0xcc,
 0x66,0x99,0xcc,0x66,0x99,0xcc,0x66,0x99,
 0xcc,0x66,0x99,0xcc,0x66,0x99,0xcc,0x66,
 0x00,0x00,0x00,0xcc,0xcc,0x66,0xcc,0xcc,
 0x66,0xcc,0xcc,0x66,0xcc,0xcc,0x66,0xcc,
 0xcc,0x66,0xcc,0xcc,0x66,0xcc,0xcc,0x66,
 0xcc,0xcc,0x66,0xcc,0xcc,0x66,0x00,0x00,
 0x00,0xff,0xcc,0x66,0xff,0xcc,0x66,0xff,
 0xcc,0x66,0xff,0xcc,0x66,0xff,0xcc,0x66,
 0xff,0xcc,0x66,0xff,0xcc,0x66,0xff,0xcc,
 0x66,0xff,0xcc,0x66,0x00,0x00,0x00,0xff,
 0xcc,0x00,0xff,0xcc,0x00,0xff,0xcc,0x00,
 0xff,0xcc,0x00,0xff,0xcc,0x00,0xff,0xcc,
 0x00,0xff,0xcc,0x00,0xff,0xcc,0x00,0xff,
 0xcc,0x00,0x00,0x00,0x00,0xcc,0xcc,0x00,
 0xcc,0xcc,0x00,0xcc,0xcc,0x00,0xcc,0xcc,
 0x00,0xcc,0xcc,0x00,0xcc,0xcc,0x00,0xcc,
 0xcc,0x00,0xcc,0xcc,0x00,0xcc,0xcc,0x00,
 0x00,0x00,0x00,0x99,0xcc,0x00,0x99,0xcc,
 0x00,0x99,0xcc,0x00,0x99,0xcc,0x00,0x99,
 0xcc,0x00,0x99,0xcc,0x00,0x99,0xcc,0x00,
 0x99,0xcc,0x00,0x99,0xcc,0x00,0x00,0x00,
 0x00,0x66,0xcc,0x00,0x66,0xcc,0x00,0x66,
 0xcc,0x00,0x66,0xcc,0x00,0x66,0xcc,0x00,
 0x66,0xcc,0x00,0x66,0xcc,0x00,0x66,0xcc,
 0x00,0x66,0xcc,0x00,0x00,0x00,0x00,0x33,
 0xcc,0x00,0x33,0xcc,0x00,0x33,0xcc,0x00,
 0x33,0xcc,0x00,0x33,0xcc,0x00,0x33,0xcc,
 0x00,0x33,0xcc,0x00,0x33,0xcc,0x00,0x33,
 0xcc,0x00,0x00,0x00,0x00,0x00,0xcc,0x00,
 0x00,0xcc,0x00,0x00,0xcc,0x00,0x00,0xcc,
 0x00,0x00,0xcc,0x00,0x00,0xcc,0x00,0x00,
 0xcc,0x00,0x00,0xcc,0x00,0x00,0xcc,0x00,
 0x00,0x00,0x00,0x00,0x00,0x00,0x00,0x00,
 0x00,0x33,0x33,0x33,0x33,0x33,0x33,0x33,
 0x33,0x33,0x33,0x33,0x33,0x33,0x33,0x33,
 0x33,0x33,0x33,0x33,0x33,0x33,0x33,0x33,
 0x33,0x33,0x33,0x33,0x00,0x00,0x00,0xff,
 0xcc,0xcc,0xff,0xcc,0xcc,0xff,0xcc,0xcc,
 0xff,0xcc,0xcc,0xff,0xcc,0xcc,0xff,0xcc,
 0xcc,0xff,0xcc,0xcc,0xff,0xcc,0xcc,0xff,
 0xcc,0xcc,0x00,0x00,0x00,0xcc,0xcc,0xcc,
 0xcc,0xcc,0xcc,0xcc,0xcc,0xcc,0xcc,0xcc,
 0xcc,0xcc,0xcc,0xcc,0xcc,0xcc,0xcc,0xcc,
 0xcc,0xcc,0xcc,0xcc,0xcc,0xcc,0xcc,0xcc,
 0x00,0x00,0x00,0x99,0xcc,0xcc,0x99,0xcc,
 0xcc,0x99,0xcc,0xcc,0x99,0xcc,0xcc,0x99,
 0xcc,0xcc,0x99,0xcc,0xcc,0x99,0xcc,0xcc,
 0x99,0xcc,0xcc,0x99,0xcc,0xcc,0x00,0x00,
 0x00,0x66,0xcc,0xcc,0x66,0xcc,0xcc,0x66,
 0xcc,0xcc,0x66,0xcc,0xcc,0x66,0xcc,0xcc,
 0x66,0xcc,0xcc,0x66,0xcc,0xcc,0x66,0xcc,
 0xcc,0x66,0xcc,0xcc,0x00,0x00,0x00,0x33,
 0xcc,0xcc,0x33,0xcc,0xcc,0x33,0xcc,0xcc,
 0x33,0xcc,0xcc,0x33,0xcc,0xcc,0x33,0xcc,
 0xcc,0x33,0xcc,0xcc,0x33,0xcc,0xcc,0x33,
 0xcc,0xcc,0x00,0x00,0x00,0x00,0xcc,0xcc,
 0x00,0xcc,0xcc,0x00,0xcc,0xcc,0x00,0xcc,
 0xcc,0x00,0xcc,0xcc,0x00,0xcc,0xcc,0x00,
 0xcc,0xcc,0x00,0xcc,0xcc,0x00,0xcc,0xcc,
 0x00,0x00,0x00,0x00,0xcc,0x66,0x00,0xcc,
 0x66,0x00,0xcc,0x66,0x00,0xcc,0x66,0x00,
 0xcc,0x66,0x00,0xcc,0x66,0x00,0xcc,0x66,
 0x00,0xcc,0x66,0x00,0xcc,0x66,0x00,0x00,
 0x00,0x33,0xcc,0x66,0x33,0xcc,0x66,0x33,
 0xcc,0x66,0x33,0xcc,0x66,0x33,0xcc,0x66,
 0x33,0xcc,0x66,0x33,0xcc,0x66,0x33,0xcc,
 0x66,0x33,0xcc,0x66,0x00,0x00,0x00,0x66,
 0xcc,0x66,0x66,0xcc,0x66,0x66,0xcc,0x66,
 0x66,0xcc,0x66,0x66,0xcc,0x66,0x66,0xcc,
 0x66,0x66,0xcc,0x66,0x66,0xcc,0x66,0x66,
 0xcc,0x66,0x00,0x00,0x00,0x99,0xcc,0x66,
 0x99,0xcc,0x66,0x99,0xcc,0x66,0x99,0xcc,
 0x66,0x99,0xcc,0x66,0x99,0xcc,0x66,0x99,
 0xcc,0x66,0x99,0xcc,0x66,0x99,0xcc,0x66,
 0x00,0x00,0x00,0xcc,0xcc,0x66,0xcc,0xcc,
 0x66,0xcc,0xcc,0x66,0xcc,0xcc,0x66,0xcc,
 0xcc,0x66,0xcc,0xcc,0x66,0xcc,0xcc,0x66,
 0xcc,0xcc,0x66,0xcc,0xcc,0x66,0x00,0x00,
 0x00,0xff,0xcc,0x66,0xff,0xcc,0x66,0xff,
 0xcc,0x66,0xff,0xcc,0x66,0xff,0xcc,0x66,
 0xff,0xcc,0x66,0xff,0xcc,0x66,0xff,0xcc,
 0x66,0xff,0xcc,0x66,0x00,0x00,0x00,0xff,
 0xcc,0x00,0xff,0xcc,0x00,0xff,0xcc,0x00,
 0xff,0xcc,0x00,0xff,0xcc,0x00,0xff,0xcc,
 0x00,0xff,0xcc,0x00,0xff,0xcc,0x00,0xff,
 0xcc,0x00,0x00,0x00,0x00,0xcc,0xcc,0x00,
 0xcc,0xcc,0x00,0xcc,0xcc,0x00,0xcc,0xcc,
 0x00,0xcc,0xcc,0x00,0xcc,0xcc,0x00,0xcc,
 0xcc,0x00,0xcc,0xcc,0x00,0xcc,0xcc,0x00,
 0x00,0x00,0x00,0x99,0xcc,0x00,0x99,0xcc,
 0x00,0x99,0xcc,0x00,0x99,0xcc,0x00,0x99,
 0xcc,0x00,0x99,0xcc,0x00,0x99,0xcc,0x00,
 0x99,0xcc,0x00,0x99,0xcc,0x00,0x00,0x00,
 0x00,0x66,0xcc,0x00,0x66,0xcc,0x00,0x66,
 0xcc,0x00,0x66,0xcc,0x00,0x66,0xcc,0x00,
 0x66,0xcc,0x00,0x66,0xcc,0x00,0x66,0xcc,
 0x00,0x66,0xcc,0x00,0x00,0x00,0x00,0x33,
 0xcc,0x00,0x33,0xcc,0x00,0x33,0xcc,0x00,
 0x33,0xcc,0x00,0x33,0xcc,0x00,0x33,0xcc,
 0x00,0x33,0xcc,0x00,0x33,0xcc,0x00,0x33,
 0xcc,0x00,0x00,0x00,0x00,0x00,0xcc,0x00,
 0x00,0xcc,0x00,0x00,0xcc,0x00,0x00,0xcc,
 0x00,0x00,0xcc,0x00,0x00,0xcc,0x00,0x00,
 0xcc,0x00,0x00,0xcc,0x00,0x00,0xcc,0x00,
 0x00,0x00,0x00,0x00,0x00,0x00,0x00,0x00,
 0x00,0x33,0x33,0x33,0x33,0x33,0x33,0x33,
 0x33,0x33,0x33,0x33,0x33,0x33,0x33,0x33,
 0x33,0x33,0x33,0x33,0x33,0x33,0x33,0x33,
 0x33,0x33,0x33,0x33,0x00,0x00,0x00,0xff,
 0xcc,0xcc,0xff,0xcc,0xcc,0xff,0xcc,0xcc,
 0xff,0xcc,0xcc,0xff,0xcc,0xcc,0xff,0xcc,
 0xcc,0xff,0xcc,0xcc,0xff,0xcc,0xcc,0xff,
 0xcc,0xcc,0x00,0x00,0x00,0xcc,0xcc,0xcc,
 0xcc,0xcc,0xcc,0xcc,0xcc,0xcc,0xcc,0xcc,
 0xcc,0xcc,0xcc,0xcc,0xcc,0xcc,0xcc,0xcc,
 0xcc,0xcc,0xcc,0xcc,0xcc,0xcc,0xcc,0xcc,
 0x00,0x00,0x00,0x99,0xcc,0xcc,0x99,0xcc,
 0xcc,0x99,0xcc,0xcc,0x99,0xcc,0xcc,0x99,
 0xcc,0xcc,0x99,0xcc,0xcc,0x99,0xcc,0xcc,
 0x99,0xcc,0xcc,0x99,0xcc,0xcc,0x00,0x00,
 0x00,0x66,0xcc,0xcc,0x66,0xcc,0xcc,0x66,
 0xcc,0xcc,0x66,0xcc,0xcc,0x66,0xcc,0xcc,
 0x66,0xcc,0xcc,0x66,0xcc,0xcc,0x66,0xcc,
 0xcc,0x66,0xcc,0xcc,0x00,0x00,0x00,0x33,
 0xcc,0xcc,0x33,0xcc,0xcc,0x33,0xcc,0xcc,
 0x33,0xcc,0xcc,0x33,0xcc,0xcc,0x33,0xcc,
 0xcc,0x33,0xcc,0xcc,0x33,0xcc,0xcc,0x33,
 0xcc,0xcc,0x00,0x00,0x00,0x00,0xcc,0xcc,
 0x00,0xcc,0xcc,0x00,0xcc,0xcc,0x00,0xcc,
 0xcc,0x00,0xcc,0xcc,0x00,0xcc,0xcc,0x00,
 0xcc,0xcc,0x00,0xcc,0xcc,0x00,0xcc,0xcc,
 0x00,0x00,0x00,0x00,0xcc,0x66,0x00,0xcc,
 0x66,0x00,0xcc,0x66,0x00,0xcc,0x66,0x00,
 0xcc,0x66,0x00,0xcc,0x66,0x00,0xcc,0x66,
 0x00,0xcc,0x66,0x00,0xcc,0x66,0x00,0x00,
 0x00,0x33,0xcc,0x66,0x33,0xcc,0x66,0x33,
 0xcc,0x66,0x33,0xcc,0x66,0x33,0xcc,0x66,
 0x33,0xcc,0x66,0x33,0xcc,0x66,0x33,0xcc,
 0x66,0x33,0xcc,0x66,0x00,0x00,0x00,0x66,
 0xcc,0x66,0x66,0xcc,0x66,0x66,0xcc,0x66,
 0x66,0xcc,0x66,0x66,0xcc,0x66,0x66,0xcc,
 0x66,0x66,0xcc,0x66,0x66,0xcc,0x66,0x66,
 0xcc,0x66,0x00,0x00,0x00,0x99,0xcc,0x66,
 0x99,0xcc,0x66,0x99,0xcc,0x66,0x99,0xcc,
 0x66,0x99,0xcc,0x66,0x99,0xcc,0x66,0x99,
 0xcc,0x66,0x99,0xcc,0x66,0x99,0xcc,0x66,
 0x00,0x00,0x00,0xcc,0xcc,0x66,0xcc,0xcc,
 0x66,0xcc,0xcc,0x66,0xcc,0xcc,0x66,0xcc,
 0xcc,0x66,0xcc,0xcc,0x66,0xcc,0xcc,0x66,
 0xcc,0xcc,0x66,0xcc,0xcc,0x66,0x00,0x00,
 0x00,0xff,0xcc,0x66,0xff,0xcc,0x66,0xff,
 0xcc,0x66,0xff,0xcc,0x66,0xff,0xcc,0x66,
 0xff,0xcc,0x66,0xff,0xcc,0x66,0xff,0xcc,
 0x66,0xff,0xcc,0x66,0x00,0x00,0x00,0xff,
 0xcc,0x00,0xff,0xcc,0x00,0xff,0xcc,0x00,
 0xff,0xcc,0x00,0xff,0xcc,0x00,0xff,0xcc,
 0x00,0xff,0xcc,0x00,0xff,0xcc,0x00,0xff,
 0xcc,0x00,0x00,0x00,0x00,0xcc,0xcc,0x00,
 0xcc,0xcc,0x00,0xcc,0xcc,0x00,0xcc,0xcc,
 0x00,0xcc,0xcc,0x00,0xcc,0xcc,0x00,0xcc,
 0xcc,0x00,0xcc,0xcc,0x00,0xcc,0xcc,0x00,
 0x00,0x00,0x00,0x99,0xcc,0x00,0x99,0xcc,
 0x00,0x99,0xcc,0x00,0x99,0xcc,0x00,0x99,
 0xcc,0x00,0x99,0xcc,0x00,0x99,0xcc,0x00,
 0x99,0xcc,0x00,0x99,0xcc,0x00,0x00,0x00,
 0x00,0x66,0xcc,0x00,0x66,0xcc,0x00,0x66,
 0xcc,0x00,0x66,0xcc,0x00,0x66,0xcc,0x00,
 0x66,0xcc,0x00,0x66,0xcc,0x00,0x66,0xcc,
 0x00,0x66,0xcc,0x00,0x00,0x00,0x00,0x33,
 0xcc,0x00,0x33,0xcc,0x00,0x33,0xcc,0x00,
 0x33,0xcc,0x00,0x33,0xcc,0x00,0x33,0xcc,
 0x00,0x33,0xcc,0x00,0x33,0xcc,0x00,0x33,
 0xcc,0x00,0x00,0x00,0x00,0x00,0xcc,0x00,
 0x00,0xcc,0x00,0x00,0xcc,0x00,0x00,0xcc,
 0x00,0x00,0xcc,0x00,0x00,0xcc,0x00,0x00,
 0xcc,0x00,0x00,0xcc,0x00,0x00,0xcc,0x00,
 0x00,0x00,0x00,0x00,0x00,0x00,0x00,0x00,
 0x00,0x00,0x00,0x00,0x00,0x00,0x00,0x00,
 0x00,0x00,0x00,0x00,0x00,0x00,0x00,0x00,
 0x00,0x00,0x00,0x00,0x00,0x00,0x00,0x00,
 0x00,0x00,0x00,0x00,0x00,0x00,0x00,0x00,
 0x00,0x00,0x00,0x00,0x00,0x00,0x00,0x00,
 0x00,0x00,0x00,0x00,0x00,0x00,0x00,0x00,
 0x00,0x00,0x00,0x00,0x00,0x00,0x00,0x00,
 0x00,0x00,0x00,0x00,0x00,0x00,0x00,0x00,
 0x00,0x00,0x00,0x00,0x00,0x00,0x00,0x00,
 0x00,0x00,0x00,0x00,0x00,0x00,0x00,0x00,
 0x00,0x00,0x00,0x00,0x00,0x00,0x00,0x00,
 0x00,0x00,0x00,0x00,0x00,0x00,0x00,0x00,
 0x00,0x00,0x00,0x00,0x00,0x00,0x00,0x00,
 0x00,0x00,0x00,0x00,0x00,0x00,0x00,0x00,
 0x00,0x00,0x00,0x00,0x00,0x00,0x00,0x00,
 0x00,0x00,0x00,0x00,0x00,0x00,0x00,0x00,
 0x00,0x00,0x00,0x00,0x00,0x00,0x00,0x00,
 0x00,0x00,0x00,0x00,0x00,0x00,0x00,0x00,
 0x00,0x00,0x00,0x00,0x00,0x00,0x00,0x00,
 0x00,0x00,0x00,0x00,0x00,0x00,0x00,0x00,
 0x00,0x00,0x00,0x00,0x00,0x00,0x00,0x00,
 0x00,0x00,0x00,0x00,0x00,0x00,0x00,0x00,
 0x00,0x00,0x00,0x00,0x00,0x00,0x00,0x00,
 0x00,0x00,0x00,0x00,0x00,0x00,0x00,0x00,
 0x00,0x00,0x00,0x00,0x00,0x00,0x00,0x00,
 0x00,0x00,0x00,0x00,0x00,0x00,0x00,0x00,
 0x00,0x00,0x00,0x00,0x00,0x00,0x00,0x00,
 0x00,0x00,0x00,0x00,0x00,0x00,0x00,0x00,
 0x00,0x00,0x00,0x00,0x00,0x00,0x00,0x00,
 0x00,0x00,0x00,0x00,0x00,0x00,0x00,0x00,
 0x00,0x00,0x00,0x00,0x00,0x00,0x00,0x00,
 0x00,0x00,0x00,0x00,0x00,0x00,0x00,0x00,
 0x00,0x00,0x00,0x00,0x00,0x00,0x00,0x00,
 0x00,0x00,0x00,0x00,0x00,0x00,0x00,0x00,
 0x00,0x00,0x00,0x00,0x00,0x00,0x00,0x00,
 0x00,0x00,0x00,0x00,0x00,0x00,0x00,0x00,
 0x00,0x00,0x00,0x00,0x00,0x00,0x00,0x00,
 0x00,0x00,0x00,0x00,0x00,0x00,0x00,0x00,
 0x00,0x00,0x00,0x00,0x00,0x00,0x00,0x00,
 0x00,0x00,0x00,0x00,0x00,0x00,0x00,0x00,
 0x00,0x00,0x00,0x00,0x00,0x00,0x00,0x00,
 0x00,0x00,0x00,0x00,0x00,0x00,0x00,0x00,
 0x00,0x00,0x00,0x00,0x00,0x00,0x00,0x00,
 0x00,0x00,0x00,0x00,0x00,0x00,0x00,0x00,
 0x00,0x00,0x00,0x00,0x00,0x00,0x00,0x00,
 0x00,0x00,0x00,0x00,0x00,0x00,0x00,0x00,
 0x00,0x00,0x00,0x00,0x00,0x00,0x00,0x00,
 0x00,0x00,0x00,0x00,0x00,0x00,0x00,0x00,
 0x00,0x00,0x00,0x00,0x00,0x00,0x00,0x00,
 0x00,0x00,0x00,0x00,0x00,0x00,0x00,0x00,
 0x00,0x00,0x00,0x00,0x00,0x00,0x00,0x00,
 0x00,0x00,0x00,0x00,0x00,0x00,0x00,0x00,
 0x00,0x00,0x00,0x00,0x00,0x00,0x00,0x00,
 0x00,0x00,0x00,0x00,0x00,0x00,0x00,0x00,
 0x00,0x00,0x00,0x00,0x00,0x00,0x00,0x00,
 0x00,0x00,0x00,0x00,0x00,0x00,0x00,0x00,
 0x00,0x00,0x00,0x00,0x00,0x00,0x00,0x00,
 0x00,0x00,0x00,0x00,0x00,0x00,0x00,0x00,
 0x00,0x00,0x00,0x00,0x00,0x00,0x00,0x00,
 0x00,0x00,0x00,0x00,0x00,0x00,0x00,0x00,
 0x00,0x00,0x00,0x00,0x00,0x00,0x00,0x00,
 0x00,0x00,0x00,0x00,0x00,0x00,0x00,0x00,
 0x00,0x00,0x00,0x00,0x00,0x00,0x00,0x00,
 0x00,0x00,0x00,0x00,0x00,0x00,0x00,0x00,
 0x00,0x00,0x00,0x00,0x00,0x00,0x00,0x00,
 0x00,0x00,0x00,0x00,0x00,0x00,0x00,0x00,
 0x00,0x00,0x00,0x00,0x00,0x00,0x00,0x00,
 0x00,0x00,0x00,0x00,0x00,0x00,0x00,0x00,
 0x00,0x00,0x00,0x00,0x00,0x00,0x00,0x00,
 0x00,0x00,0x00,0x00,0x00,0x00,0x00,0x00,
 0x00,0x00,0x00,0x00,0x00,0x00,0x00,0x00,
 0x00,0x00,0x00,0x00,0x00,0x00,0x00,0x00,
 0x00,0x00,0x00,0x00,0x00,0x00,0x00,0x00,
 0x00,0x00,0x00,0x00,0x00,0x00,0x00,0x00,
 0x00,0x00,0x00,0x00,0x00,0x00,0x00,0x00,
 0x00,0x00,0x00,0x00,0x00,0x00,0x00,0xff,
 0xff,0xcc,0xff,0xff,0xcc,0xff,0xff,0xcc,
 0xff,0xff,0xcc,0xff,0xff,0xcc,0xff,0xff,
 0xcc,0xff,0xff,0xcc,0xff,0xff,0xcc,0xff,
 0xff,0xcc,0x00,0x00,0x00,0xcc,0xff,0xcc,
 0xcc,0xff,0xcc,0xcc,0xff,0xcc,0xcc,0xff,
 0xcc,0xcc,0xff,0xcc,0xcc,0xff,0xcc,0xcc,
 0xff,0xcc,0xcc,0xff,0xcc,0xcc,0xff,0xcc,
 0x00,0x00,0x00,0x99,0xff,0xcc,0x99,0xff,
 0xcc,0x99,0xff,0xcc,0x99,0xff,0xcc,0x99,
 0xff,0xcc,0x99,0xff,0xcc,0x99,0xff,0xcc,
 0x99,0xff,0xcc,0x99,0xff,0xcc,0x00,0x00,
 0x00,0x66,0xff,0xcc,0x66,0xff,0xcc,0x66,
 0xff,0xcc,0x66,0xff,0xcc,0x66,0xff,0xcc,
 0x66,0xff,0xcc,0x66,0xff,0xcc,0x66,0xff,
 0xcc,0x66,0xff,0xcc,0x00,0x00,0x00,0x33,
 0xff,0xcc,0x33,0xff,0xcc,0x33,0xff,0xcc,
 0x33,0xff,0xcc,0x33,0xff,0xcc,0x33,0xff,
 0xcc,0x33,0xff,0xcc,0x33,0xff,0xcc,0x33,
 0xff,0xcc,0x00,0x00,0x00,0x00,0xff,0xcc,
 0x00,0xff,0xcc,0x00,0xff,0xcc,0x00,0xff,
 0xcc,0x00,0xff,0xcc,0x00,0xff,0xcc,0x00,
 0xff,0xcc,0x00,0xff,0xcc,0x00,0xff,0xcc,
 0x00,0x00,0x00,0x00,0xff,0x66,0x00,0xff,
 0x66,0x00,0xff,0x66,0x00,0xff,0x66,0x00,
 0xff,0x66,0x00,0xff,0x66,0x00,0xff,0x66,
 0x00,0xff,0x66,0x00,0xff,0x66,0x00,0x00,
 0x00,0x33,0xff,0x66,0x33,0xff,0x66,0x33,
 0xff,0x66,0x33,0xff,0x66,0x33,0xff,0x66,
 0x33,0xff,0x66,0x33,0xff,0x66,0x33,0xff,
 0x66,0x33,0xff,0x66,0x00,0x00,0x00,0x66,
 0xff,0x66,0x66,0xff,0x66,0x66,0xff,0x66,
 0x66,0xff,0x66,0x66,0xff,0x66,0x66,0xff,
 0x66,0x66,0xff,0x66,0x66,0xff,0x66,0x66,
 0xff,0x66,0x00,0x00,0x00,0x99,0xff,0x66,
 0x99,0xff,0x66,0x99,0xff,0x66,0x99,0xff,
 0x66,0x99,0xff,0x66,0x99,0xff,0x66,0x99,
 0xff,0x66,0x99,0xff,0x66,0x99,0xff,0x66,
 0x00,0x00,0x00,0xcc,0xff,0x66,0xcc,0xff,
 0x66,0xcc,0xff,0x66,0xcc,0xff,0x66,0xcc,
 0xff,0x66,0xcc,0xff,0x66,0xcc,0xff,0x66,
 0xcc,0xff,0x66,0xcc,0xff,0x66,0x00,0x00,
 0x00,0xff,0xff,0x66,0xff,0xff,0x66,0xff,
 0xff,0x66,0xff,0xff,0x66,0xff,0xff,0x66,
 0xff,0xff,0x66,0xff,0xff,0x66,0xff,0xff,
 0x66,0xff,0xff,0x66,0x00,0x00,0x00,0xff,
 0xff,0x00,0xff,0xff,0x00,0xff,0xff,0x00,
 0xff,0xff,0x00,0xff,0xff,0x00,0xff,0xff,
 0x00,0xff,0xff,0x00,0xff,0xff,0x00,0xff,
 0xff,0x00,0x00,0x00,0x00,0xcc,0xff,0x00,
 0xcc,0xff,0x00,0xcc,0xff,0x00,0xcc,0xff,
 0x00,0xcc,0xff,0x00,0xcc,0xff,0x00,0xcc,
 0xff,0x00,0xcc,0xff,0x00,0xcc,0xff,0x00,
 0x00,0x00,0x00,0x99,0xff,0x00,0x99,0xff,
 0x00,0x99,0xff,0x00,0x99,0xff,0x00,0x99,
 0xff,0x00,0x99,0xff,0x00,0x99,0xff,0x00,
 0x99,0xff,0x00,0x99,0xff,0x00,0x00,0x00,
 0x00,0x66,0xff,0x00,0x66,0xff,0x00,0x66,
 0xff,0x00,0x66,0xff,0x00,0x66,0xff,0x00,
 0x66,0xff,0x00,0x66,0xff,0x00,0x66,0xff,
 0x00,0x66,0xff,0x00,0x00,0x00,0x00,0x33,
 0xff,0x00,0x33,0xff,0x00,0x33,0xff,0x00,
 0x33,0xff,0x00,0x33,0xff,0x00,0x33,0xff,
 0x00,0x33,0xff,0x00,0x33,0xff,0x00,0x33,
 0xff,0x00,0x00,0x00,0x00,0x00,0xff,0x00,
 0x00,0xff,0x00,0x00,0xff,0x00,0x00,0xff,
 0x00,0x00,0xff,0x00,0x00,0xff,0x00,0x00,
 0xff,0x00,0x00,0xff,0x00,0x00,0xff,0x00,
 0x00,0x00,0x00,0x00,0x00,0x00,0x00,0x00,
 0x00,0x00,0x00,0x00,0x00,0x00,0x00,0x00,
 0x00,0x00,0x00,0x00,0x00,0x00,0x00,0x00,
 0x00,0x00,0x00,0x00,0x00,0x00,0x00,0x00,
 0x00,0x00,0x00,0x00,0x00,0x00,0x00,0xff,
 0xff,0xcc,0xff,0xff,0xcc,0xff,0xff,0xcc,
 0xff,0xff,0xcc,0xff,0xff,0xcc,0xff,0xff,
 0xcc,0xff,0xff,0xcc,0xff,0xff,0xcc,0xff,
 0xff,0xcc,0x00,0x00,0x00,0xcc,0xff,0xcc,
 0xcc,0xff,0xcc,0xcc,0xff,0xcc,0xcc,0xff,
 0xcc,0xcc,0xff,0xcc,0xcc,0xff,0xcc,0xcc,
 0xff,0xcc,0xcc,0xff,0xcc,0xcc,0xff,0xcc,
 0x00,0x00,0x00,0x99,0xff,0xcc,0x99,0xff,
 0xcc,0x99,0xff,0xcc,0x99,0xff,0xcc,0x99,
 0xff,0xcc,0x99,0xff,0xcc,0x99,0xff,0xcc,
 0x99,0xff,0xcc,0x99,0xff,0xcc,0x00,0x00,
 0x00,0x66,0xff,0xcc,0x66,0xff,0xcc,0x66,
 0xff,0xcc,0x66,0xff,0xcc,0x66,0xff,0xcc,
 0x66,0xff,0xcc,0x66,0xff,0xcc,0x66,0xff,
 0xcc,0x66,0xff,0xcc,0x00,0x00,0x00,0x33,
 0xff,0xcc,0x33,0xff,0xcc,0x33,0xff,0xcc,
 0x33,0xff,0xcc,0x33,0xff,0xcc,0x33,0xff,
 0xcc,0x33,0xff,0xcc,0x33,0xff,0xcc,0x33,
 0xff,0xcc,0x00,0x00,0x00,0x00,0xff,0xcc,
 0x00,0xff,0xcc,0x00,0xff,0xcc,0x00,0xff,
 0xcc,0x00,0xff,0xcc,0x00,0xff,0xcc,0x00,
 0xff,0xcc,0x00,0xff,0xcc,0x00,0xff,0xcc,
 0x00,0x00,0x00,0x00,0xff,0x66,0x00,0xff,
 0x66,0x00,0xff,0x66,0x00,0xff,0x66,0x00,
 0xff,0x66,0x00,0xff,0x66,0x00,0xff,0x66,
 0x00,0xff,0x66,0x00,0xff,0x66,0x00,0x00,
 0x00,0x33,0xff,0x66,0x33,0xff,0x66,0x33,
 0xff,0x66,0x33,0xff,0x66,0x33,0xff,0x66,
 0x33,0xff,0x66,0x33,0xff,0x66,0x33,0xff,
 0x66,0x33,0xff,0x66,0x00,0x00,0x00,0x66,
 0xff,0x66,0x66,0xff,0x66,0x66,0xff,0x66,
 0x66,0xff,0x66,0x66,0xff,0x66,0x66,0xff,
 0x66,0x66,0xff,0x66,0x66,0xff,0x66,0x66,
 0xff,0x66,0x00,0x00,0x00,0x99,0xff,0x66,
 0x99,0xff,0x66,0x99,0xff,0x66,0x99,0xff,
 0x66,0x99,0xff,0x66,0x99,0xff,0x66,0x99,
 0xff,0x66,0x99,0xff,0x66,0x99,0xff,0x66,
 0x00,0x00,0x00,0xcc,0xff,0x66,0xcc,0xff,
 0x66,0xcc,0xff,0x66,0xcc,0xff,0x66,0xcc,
 0xff,0x66,0xcc,0xff,0x66,0xcc,0xff,0x66,
 0xcc,0xff,0x66,0xcc,0xff,0x66,0x00,0x00,
 0x00,0xff,0xff,0x66,0xff,0xff,0x66,0xff,
 0xff,0x66,0xff,0xff,0x66,0xff,0xff,0x66,
 0xff,0xff,0x66,0xff,0xff,0x66,0xff,0xff,
 0x66,0xff,0xff,0x66,0x00,0x00,0x00,0xff,
 0xff,0x00,0xff,0xff,0x00,0xff,0xff,0x00,
 0xff,0xff,0x00,0xff,0xff,0x00,0xff,0xff,
 0x00,0xff,0xff,0x00,0xff,0xff,0x00,0xff,
 0xff,0x00,0x00,0x00,0x00,0xcc,0xff,0x00,
 0xcc,0xff,0x00,0xcc,0xff,0x00,0xcc,0xff,
 0x00,0xcc,0xff,0x00,0xcc,0xff,0x00,0xcc,
 0xff,0x00,0xcc,0xff,0x00,0xcc,0xff,0x00,
 0x00,0x00,0x00,0x99,0xff,0x00,0x99,0xff,
 0x00,0x99,0xff,0x00,0x99,0xff,0x00,0x99,
 0xff,0x00,0x99,0xff,0x00,0x99,0xff,0x00,
 0x99,0xff,0x00,0x99,0xff,0x00,0x00,0x00,
 0x00,0x66,0xff,0x00,0x66,0xff,0x00,0x66,
 0xff,0x00,0x66,0xff,0x00,0x66,0xff,0x00,
 0x66,0xff,0x00,0x66,0xff,0x00,0x66,0xff,
 0x00,0x66,0xff,0x00,0x00,0x00,0x00,0x33,
 0xff,0x00,0x33,0xff,0x00,0x33,0xff,0x00,
 0x33,0xff,0x00,0x33,0xff,0x00,0x33,0xff,
 0x00,0x33,0xff,0x00,0x33,0xff,0x00,0x33,
 0xff,0x00,0x00,0x00,0x00,0x00,0xff,0x00,
 0x00,0xff,0x00,0x00,0xff,0x00,0x00,0xff,
 0x00,0x00,0xff,0x00,0x00,0xff,0x00,0x00,
 0xff,0x00,0x00,0xff,0x00,0x00,0xff,0x00,
 0x00,0x00,0x00,0x00,0x00,0x00,0x00,0x00,
 0x00,0x00,0x00,0x00,0x00,0x00,0x00,0x00,
 0x00,0x00,0x00,0x00,0x00,0x00,0x00,0x00,
 0x00,0x00,0x00,0x00,0x00,0x00,0x00,0x00,
 0x00,0x00,0x00,0x00,0x00,0x00,0x00,0xff,
 0xff,0xcc,0xff,0xff,0xcc,0xff,0xff,0xcc,
 0xff,0xff,0xcc,0xff,0xff,0xcc,0xff,0xff,
 0xcc,0xff,0xff,0xcc,0xff,0xff,0xcc,0xff,
 0xff,0xcc,0x00,0x00,0x00,0xcc,0xff,0xcc,
 0xcc,0xff,0xcc,0xcc,0xff,0xcc,0xcc,0xff,
 0xcc,0xcc,0xff,0xcc,0xcc,0xff,0xcc,0xcc,
 0xff,0xcc,0xcc,0xff,0xcc,0xcc,0xff,0xcc,
 0x00,0x00,0x00,0x99,0xff,0xcc,0x99,0xff,
 0xcc,0x99,0xff,0xcc,0x99,0xff,0xcc,0x99,
 0xff,0xcc,0x99,0xff,0xcc,0x99,0xff,0xcc,
 0x99,0xff,0xcc,0x99,0xff,0xcc,0x00,0x00,
 0x00,0x66,0xff,0xcc,0x66,0xff,0xcc,0x66,
 0xff,0xcc,0x66,0xff,0xcc,0x66,0xff,0xcc,
 0x66,0xff,0xcc,0x66,0xff,0xcc,0x66,0xff,
 0xcc,0x66,0xff,0xcc,0x00,0x00,0x00,0x33,
 0xff,0xcc,0x33,0xff,0xcc,0x33,0xff,0xcc,
 0x33,0xff,0xcc,0x33,0xff,0xcc,0x33,0xff,
 0xcc,0x33,0xff,0xcc,0x33,0xff,0xcc,0x33,
 0xff,0xcc,0x00,0x00,0x00,0x00,0xff,0xcc,
 0x00,0xff,0xcc,0x00,0xff,0xcc,0x00,0xff,
 0xcc,0x00,0xff,0xcc,0x00,0xff,0xcc,0x00,
 0xff,0xcc,0x00,0xff,0xcc,0x00,0xff,0xcc,
 0x00,0x00,0x00,0x00,0xff,0x66,0x00,0xff,
 0x66,0x00,0xff,0x66,0x00,0xff,0x66,0x00,
 0xff,0x66,0x00,0xff,0x66,0x00,0xff,0x66,
 0x00,0xff,0x66,0x00,0xff,0x66,0x00,0x00,
 0x00,0x33,0xff,0x66,0x33,0xff,0x66,0x33,
 0xff,0x66,0x33,0xff,0x66,0x33,0xff,0x66,
 0x33,0xff,0x66,0x33,0xff,0x66,0x33,0xff,
 0x66,0x33,0xff,0x66,0x00,0x00,0x00,0x66,
 0xff,0x66,0x66,0xff,0x66,0x66,0xff,0x66,
 0x66,0xff,0x66,0x66,0xff,0x66,0x66,0xff,
 0x66,0x66,0xff,0x66,0x66,0xff,0x66,0x66,
 0xff,0x66,0x00,0x00,0x00,0x99,0xff,0x66,
 0x99,0xff,0x66,0x99,0xff,0x66,0x99,0xff,
 0x66,0x99,0xff,0x66,0x99,0xff,0x66,0x99,
 0xff,0x66,0x99,0xff,0x66,0x99,0xff,0x66,
 0x00,0x00,0x00,0xcc,0xff,0x66,0xcc,0xff,
 0x66,0xcc,0xff,0x66,0xcc,0xff,0x66,0xcc,
 0xff,0x66,0xcc,0xff,0x66,0xcc,0xff,0x66,
 0xcc,0xff,0x66,0xcc,0xff,0x66,0x00,0x00,
 0x00,0xff,0xff,0x66,0xff,0xff,0x66,0xff,
 0xff,0x66,0xff,0xff,0x66,0xff,0xff,0x66,
 0xff,0xff,0x66,0xff,0xff,0x66,0xff,0xff,
 0x66,0xff,0xff,0x66,0x00,0x00,0x00,0xff,
 0xff,0x00,0xff,0xff,0x00,0xff,0xff,0x00,
 0xff,0xff,0x00,0xff,0xff,0x00,0xff,0xff,
 0x00,0xff,0xff,0x00,0xff,0xff,0x00,0xff,
 0xff,0x00,0x00,0x00,0x00,0xcc,0xff,0x00,
 0xcc,0xff,0x00,0xcc,0xff,0x00,0xcc,0xff,
 0x00,0xcc,0xff,0x00,0xcc,0xff,0x00,0xcc,
 0xff,0x00,0xcc,0xff,0x00,0xcc,0xff,0x00,
 0x00,0x00,0x00,0x99,0xff,0x00,0x99,0xff,
 0x00,0x99,0xff,0x00,0x99,0xff,0x00,0x99,
 0xff,0x00,0x99,0xff,0x00,0x99,0xff,0x00,
 0x99,0xff,0x00,0x99,0xff,0x00,0x00,0x00,
 0x00,0x66,0xff,0x00,0x66,0xff,0x00,0x66,
 0xff,0x00,0x66,0xff,0x00,0x66,0xff,0x00,
 0x66,0xff,0x00,0x66,0xff,0x00,0x66,0xff,
 0x00,0x66,0xff,0x00,0x00,0x00,0x00,0x33,
 0xff,0x00,0x33,0xff,0x00,0x33,0xff,0x00,
 0x33,0xff,0x00,0x33,0xff,0x00,0x33,0xff,
 0x00,0x33,0xff,0x00,0x33,0xff,0x00,0x33,
 0xff,0x00,0x00,0x00,0x00,0x00,0xff,0x00,
 0x00,0xff,0x00,0x00,0xff,0x00,0x00,0xff,
 0x00,0x00,0xff,0x00,0x00,0xff,0x00,0x00,
 0xff,0x00,0x00,0xff,0x00,0x00,0xff,0x00,
 0x00,0x00,0x00,0x00,0x00,0x00,0x00,0x00,
 0x00,0x00,0x00,0x00,0x00,0x00,0x00,0x00,
 0x00,0x00,0x00,0x00,0x00,0x00,0x00,0x00,
 0x00,0x00,0x00,0x00,0x00,0x00,0x00,0x00,
 0x00,0x00,0x00,0x00,0x00,0x00,0x00,0xff,
 0xff,0xcc,0xff,0xff,0xcc,0xff,0xff,0xcc,
 0xff,0xff,0xcc,0xff,0xff,0xcc,0xff,0xff,
 0xcc,0xff,0xff,0xcc,0xff,0xff,0xcc,0xff,
 0xff,0xcc,0x00,0x00,0x00,0xcc,0xff,0xcc,
 0xcc,0xff,0xcc,0xcc,0xff,0xcc,0xcc,0xff,
 0xcc,0xcc,0xff,0xcc,0xcc,0xff,0xcc,0xcc,
 0xff,0xcc,0xcc,0xff,0xcc,0xcc,0xff,0xcc,
 0x00,0x00,0x00,0x99,0xff,0xcc,0x99,0xff,
 0xcc,0x99,0xff,0xcc,0x99,0xff,0xcc,0x99,
 0xff,0xcc,0x99,0xff,0xcc,0x99,0xff,0xcc,
 0x99,0xff,0xcc,0x99,0xff,0xcc,0x00,0x00,
 0x00,0x66,0xff,0xcc,0x66,0xff,0xcc,0x66,
 0xff,0xcc,0x66,0xff,0xcc,0x66,0xff,0xcc,
 0x66,0xff,0xcc,0x66,0xff,0xcc,0x66,0xff,
 0xcc,0x66,0xff,0xcc,0x00,0x00,0x00,0x33,
 0xff,0xcc,0x33,0xff,0xcc,0x33,0xff,0xcc,
 0x33,0xff,0xcc,0x33,0xff,0xcc,0x33,0xff,
 0xcc,0x33,0xff,0xcc,0x33,0xff,0xcc,0x33,
 0xff,0xcc,0x00,0x00,0x00,0x00,0xff,0xcc,
 0x00,0xff,0xcc,0x00,0xff,0xcc,0x00,0xff,
 0xcc,0x00,0xff,0xcc,0x00,0xff,0xcc,0x00,
 0xff,0xcc,0x00,0xff,0xcc,0x00,0xff,0xcc,
 0x00,0x00,0x00,0x00,0xff,0x66,0x00,0xff,
 0x66,0x00,0xff,0x66,0x00,0xff,0x66,0x00,
 0xff,0x66,0x00,0xff,0x66,0x00,0xff,0x66,
 0x00,0xff,0x66,0x00,0xff,0x66,0x00,0x00,
 0x00,0x33,0xff,0x66,0x33,0xff,0x66,0x33,
 0xff,0x66,0x33,0xff,0x66,0x33,0xff,0x66,
 0x33,0xff,0x66,0x33,0xff,0x66,0x33,0xff,
 0x66,0x33,0xff,0x66,0x00,0x00,0x00,0x66,
 0xff,0x66,0x66,0xff,0x66,0x66,0xff,0x66,
 0x66,0xff,0x66,0x66,0xff,0x66,0x66,0xff,
 0x66,0x66,0xff,0x66,0x66,0xff,0x66,0x66,
 0xff,0x66,0x00,0x00,0x00,0x99,0xff,0x66,
 0x99,0xff,0x66,0x99,0xff,0x66,0x99,0xff,
 0x66,0x99,0xff,0x66,0x99,0xff,0x66,0x99,
 0xff,0x66,0x99,0xff,0x66,0x99,0xff,0x66,
 0x00,0x00,0x00,0xcc,0xff,0x66,0xcc,0xff,
 0x66,0xcc,0xff,0x66,0xcc,0xff,0x66,0xcc,
 0xff,0x66,0xcc,0xff,0x66,0xcc,0xff,0x66,
 0xcc,0xff,0x66,0xcc,0xff,0x66,0x00,0x00,
 0x00,0xff,0xff,0x66,0xff,0xff,0x66,0xff,
 0xff,0x66,0xff,0xff,0x66,0xff,0xff,0x66,
 0xff,0xff,0x66,0xff,0xff,0x66,0xff,0xff,
 0x66,0xff,0xff,0x66,0x00,0x00,0x00,0xff,
 0xff,0x00,0xff,0xff,0x00,0xff,0xff,0x00,
 0xff,0xff,0x00,0xff,0xff,0x00,0xff,0xff,
 0x00,0xff,0xff,0x00,0xff,0xff,0x00,0xff,
 0xff,0x00,0x00,0x00,0x00,0xcc,0xff,0x00,
 0xcc,0xff,0x00,0xcc,0xff,0x00,0xcc,0xff,
 0x00,0xcc,0xff,0x00,0xcc,0xff,0x00,0xcc,
 0xff,0x00,0xcc,0xff,0x00,0xcc,0xff,0x00,
 0x00,0x00,0x00,0x99,0xff,0x00,0x99,0xff,
 0x00,0x99,0xff,0x00,0x99,0xff,0x00,0x99,
 0xff,0x00,0x99,0xff,0x00,0x99,0xff,0x00,
 0x99,0xff,0x00,0x99,0xff,0x00,0x00,0x00,
 0x00,0x66,0xff,0x00,0x66,0xff,0x00,0x66,
 0xff,0x00,0x66,0xff,0x00,0x66,0xff,0x00,
 0x66,0xff,0x00,0x66,0xff,0x00,0x66,0xff,
 0x00,0x66,0xff,0x00,0x00,0x00,0x00,0x33,
 0xff,0x00,0x33,0xff,0x00,0x33,0xff,0x00,
 0x33,0xff,0x00,0x33,0xff,0x00,0x33,0xff,
 0x00,0x33,0xff,0x00,0x33,0xff,0x00,0x33,
 0xff,0x00,0x00,0x00,0x00,0x00,0xff,0x00,
 0x00,0xff,0x00,0x00,0xff,0x00,0x00,0xff,
 0x00,0x00,0xff,0x00,0x00,0xff,0x00,0x00,
 0xff,0x00,0x00,0xff,0x00,0x00,0xff,0x00,
 0x00,0x00,0x00,0x00,0x00,0x00,0x00,0x00,
 0x00,0x00,0x00,0x00,0x00,0x00,0x00,0x00,
 0x00,0x00,0x00,0x00,0x00,0x00,0x00,0x00,
 0x00,0x00,0x00,0x00,0x00,0x00,0x00,0x00,
 0x00,0x00,0x00,0x00,0x00,0x00,0x00,0xff,
 0xff,0xcc,0xff,0xff,0xcc,0xff,0xff,0xcc,
 0xff,0xff,0xcc,0xff,0xff,0xcc,0xff,0xff,
 0xcc,0xff,0xff,0xcc,0xff,0xff,0xcc,0xff,
 0xff,0xcc,0x00,0x00,0x00,0xcc,0xff,0xcc,
 0xcc,0xff,0xcc,0xcc,0xff,0xcc,0xcc,0xff,
 0xcc,0xcc,0xff,0xcc,0xcc,0xff,0xcc,0xcc,
 0xff,0xcc,0xcc,0xff,0xcc,0xcc,0xff,0xcc,
 0x00,0x00,0x00,0x99,0xff,0xcc,0x99,0xff,
 0xcc,0x99,0xff,0xcc,0x99,0xff,0xcc,0x99,
 0xff,0xcc,0x99,0xff,0xcc,0x99,0xff,0xcc,
 0x99,0xff,0xcc,0x99,0xff,0xcc,0x00,0x00,
 0x00,0x66,0xff,0xcc,0x66,0xff,0xcc,0x66,
 0xff,0xcc,0x66,0xff,0xcc,0x66,0xff,0xcc,
 0x66,0xff,0xcc,0x66,0xff,0xcc,0x66,0xff,
 0xcc,0x66,0xff,0xcc,0x00,0x00,0x00,0x33,
 0xff,0xcc,0x33,0xff,0xcc,0x33,0xff,0xcc,
 0x33,0xff,0xcc,0x33,0xff,0xcc,0x33,0xff,
 0xcc,0x33,0xff,0xcc,0x33,0xff,0xcc,0x33,
 0xff,0xcc,0x00,0x00,0x00,0x00,0xff,0xcc,
 0x00,0xff,0xcc,0x00,0xff,0xcc,0x00,0xff,
 0xcc,0x00,0xff,0xcc,0x00,0xff,0xcc,0x00,
 0xff,0xcc,0x00,0xff,0xcc,0x00,0xff,0xcc,
 0x00,0x00,0x00,0x00,0xff,0x66,0x00,0xff,
 0x66,0x00,0xff,0x66,0x00,0xff,0x66,0x00,
 0xff,0x66,0x00,0xff,0x66,0x00,0xff,0x66,
 0x00,0xff,0x66,0x00,0xff,0x66,0x00,0x00,
 0x00,0x33,0xff,0x66,0x33,0xff,0x66,0x33,
 0xff,0x66,0x33,0xff,0x66,0x33,0xff,0x66,
 0x33,0xff,0x66,0x33,0xff,0x66,0x33,0xff,
 0x66,0x33,0xff,0x66,0x00,0x00,0x00,0x66,
 0xff,0x66,0x66,0xff,0x66,0x66,0xff,0x66,
 0x66,0xff,0x66,0x66,0xff,0x66,0x66,0xff,
 0x66,0x66,0xff,0x66,0x66,0xff,0x66,0x66,
 0xff,0x66,0x00,0x00,0x00,0x99,0xff,0x66,
 0x99,0xff,0x66,0x99,0xff,0x66,0x99,0xff,
 0x66,0x99,0xff,0x66,0x99,0xff,0x66,0x99,
 0xff,0x66,0x99,0xff,0x66,0x99,0xff,0x66,
 0x00,0x00,0x00,0xcc,0xff,0x66,0xcc,0xff,
 0x66,0xcc,0xff,0x66,0xcc,0xff,0x66,0xcc,
 0xff,0x66,0xcc,0xff,0x66,0xcc,0xff,0x66,
 0xcc,0xff,0x66,0xcc,0xff,0x66,0x00,0x00,
 0x00,0xff,0xff,0x66,0xff,0xff,0x66,0xff,
 0xff,0x66,0xff,0xff,0x66,0xff,0xff,0x66,
 0xff,0xff,0x66,0xff,0xff,0x66,0xff,0xff,
 0x66,0xff,0xff,0x66,0x00,0x00,0x00,0xff,
 0xff,0x00,0xff,0xff,0x00,0xff,0xff,0x00,
 0xff,0xff,0x00,0xff,0xff,0x00,0xff,0xff,
 0x00,0xff,0xff,0x00,0xff,0xff,0x00,0xff,
 0xff,0x00,0x00,0x00,0x00,0xcc,0xff,0x00,
 0xcc,0xff,0x00,0xcc,0xff,0x00,0xcc,0xff,
 0x00,0xcc,0xff,0x00,0xcc,0xff,0x00,0xcc,
 0xff,0x00,0xcc,0xff,0x00,0xcc,0xff,0x00,
 0x00,0x00,0x00,0x99,0xff,0x00,0x99,0xff,
 0x00,0x99,0xff,0x00,0x99,0xff,0x00,0x99,
 0xff,0x00,0x99,0xff,0x00,0x99,0xff,0x00,
 0x99,0xff,0x00,0x99,0xff,0x00,0x00,0x00,
 0x00,0x66,0xff,0x00,0x66,0xff,0x00,0x66,
 0xff,0x00,0x66,0xff,0x00,0x66,0xff,0x00,
 0x66,0xff,0x00,0x66,0xff,0x00,0x66,0xff,
 0x00,0x66,0xff,0x00,0x00,0x00,0x00,0x33,
 0xff,0x00,0x33,0xff,0x00,0x33,0xff,0x00,
 0x33,0xff,0x00,0x33,0xff,0x00,0x33,0xff,
 0x00,0x33,0xff,0x00,0x33,0xff,0x00,0x33,
 0xff,0x00,0x00,0x00,0x00,0x00,0xff,0x00,
 0x00,0xff,0x00,0x00,0xff,0x00,0x00,0xff,
 0x00,0x00,0xff,0x00,0x00,0xff,0x00,0x00,
 0xff,0x00,0x00,0xff,0x00,0x00,0xff,0x00,
 0x00,0x00,0x00,0x00,0x00,0x00,0x00,0x00,
 0x00,0x00,0x00,0x00,0x00,0x00,0x00,0x00,
 0x00,0x00,0x00,0x00,0x00,0x00,0x00,0x00,
 0x00,0x00,0x00,0x00,0x00,0x00,0x00,0x00,
 0x00,0x00,0x00,0x00,0x00,0x00,0x00,0xff,
 0xff,0xcc,0xff,0xff,0xcc,0xff,0xff,0xcc,
 0xff,0xff,0xcc,0xff,0xff,0xcc,0xff,0xff,
 0xcc,0xff,0xff,0xcc,0xff,0xff,0xcc,0xff,
 0xff,0xcc,0x00,0x00,0x00,0xcc,0xff,0xcc,
 0xcc,0xff,0xcc,0xcc,0xff,0xcc,0xcc,0xff,
 0xcc,0xcc,0xff,0xcc,0xcc,0xff,0xcc,0xcc,
 0xff,0xcc,0xcc,0xff,0xcc,0xcc,0xff,0xcc,
 0x00,0x00,0x00,0x99,0xff,0xcc,0x99,0xff,
 0xcc,0x99,0xff,0xcc,0x99,0xff,0xcc,0x99,
 0xff,0xcc,0x99,0xff,0xcc,0x99,0xff,0xcc,
 0x99,0xff,0xcc,0x99,0xff,0xcc,0x00,0x00,
 0x00,0x66,0xff,0xcc,0x66,0xff,0xcc,0x66,
 0xff,0xcc,0x66,0xff,0xcc,0x66,0xff,0xcc,
 0x66,0xff,0xcc,0x66,0xff,0xcc,0x66,0xff,
 0xcc,0x66,0xff,0xcc,0x00,0x00,0x00,0x33,
 0xff,0xcc,0x33,0xff,0xcc,0x33,0xff,0xcc,
 0x33,0xff,0xcc,0x33,0xff,0xcc,0x33,0xff,
 0xcc,0x33,0xff,0xcc,0x33,0xff,0xcc,0x33,
 0xff,0xcc,0x00,0x00,0x00,0x00,0xff,0xcc,
 0x00,0xff,0xcc,0x00,0xff,0xcc,0x00,0xff,
 0xcc,0x00,0xff,0xcc,0x00,0xff,0xcc,0x00,
 0xff,0xcc,0x00,0xff,0xcc,0x00,0xff,0xcc,
 0x00,0x00,0x00,0x00,0xff,0x66,0x00,0xff,
 0x66,0x00,0xff,0x66,0x00,0xff,0x66,0x00,
 0xff,0x66,0x00,0xff,0x66,0x00,0xff,0x66,
 0x00,0xff,0x66,0x00,0xff,0x66,0x00,0x00,
 0x00,0x33,0xff,0x66,0x33,0xff,0x66,0x33,
 0xff,0x66,0x33,0xff,0x66,0x33,0xff,0x66,
 0x33,0xff,0x66,0x33,0xff,0x66,0x33,0xff,
 0x66,0x33,0xff,0x66,0x00,0x00,0x00,0x66,
 0xff,0x66,0x66,0xff,0x66,0x66,0xff,0x66,
 0x66,0xff,0x66,0x66,0xff,0x66,0x66,0xff,
 0x66,0x66,0xff,0x66,0x66,0xff,0x66,0x66,
 0xff,0x66,0x00,0x00,0x00,0x99,0xff,0x66,
 0x99,0xff,0x66,0x99,0xff,0x66,0x99,0xff,
 0x66,0x99,0xff,0x66,0x99,0xff,0x66,0x99,
 0xff,0x66,0x99,0xff,0x66,0x99,0xff,0x66,
 0x00,0x00,0x00,0xcc,0xff,0x66,0xcc,0xff,
 0x66,0xcc,0xff,0x66,0xcc,0xff,0x66,0xcc,
 0xff,0x66,0xcc,0xff,0x66,0xcc,0xff,0x66,
 0xcc,0xff,0x66,0xcc,0xff,0x66,0x00,0x00,
 0x00,0xff,0xff,0x66,0xff,0xff,0x66,0xff,
 0xff,0x66,0xff,0xff,0x66,0xff,0xff,0x66,
 0xff,0xff,0x66,0xff,0xff,0x66,0xff,0xff,
 0x66,0xff,0xff,0x66,0x00,0x00,0x00,0xff,
 0xff,0x00,0xff,0xff,0x00,0xff,0xff,0x00,
 0xff,0xff,0x00,0xff,0xff,0x00,0xff,0xff,
 0x00,0xff,0xff,0x00,0xff,0xff,0x00,0xff,
 0xff,0x00,0x00,0x00,0x00,0xcc,0xff,0x00,
 0xcc,0xff,0x00,0xcc,0xff,0x00,0xcc,0xff,
 0x00,0xcc,0xff,0x00,0xcc,0xff,0x00,0xcc,
 0xff,0x00,0xcc,0xff,0x00,0xcc,0xff,0x00,
 0x00,0x00,0x00,0x99,0xff,0x00,0x99,0xff,
 0x00,0x99,0xff,0x00,0x99,0xff,0x00,0x99,
 0xff,0x00,0x99,0xff,0x00,0x99,0xff,0x00,
 0x99,0xff,0x00,0x99,0xff,0x00,0x00,0x00,
 0x00,0x66,0xff,0x00,0x66,0xff,0x00,0x66,
 0xff,0x00,0x66,0xff,0x00,0x66,0xff,0x00,
 0x66,0xff,0x00,0x66,0xff,0x00,0x66,0xff,
 0x00,0x66,0xff,0x00,0x00,0x00,0x00,0x33,
 0xff,0x00,0x33,0xff,0x00,0x33,0xff,0x00,
 0x33,0xff,0x00,0x33,0xff,0x00,0x33,0xff,
 0x00,0x33,0xff,0x00,0x33,0xff,0x00,0x33,
 0xff,0x00,0x00,0x00,0x00,0x00,0xff,0x00,
 0x00,0xff,0x00,0x00,0xff,0x00,0x00,0xff,
 0x00,0x00,0xff,0x00,0x00,0xff,0x00,0x00,
 0xff,0x00,0x00,0xff,0x00,0x00,0xff,0x00,
 0x00,0x00,0x00,0x00,0x00,0x00,0x00,0x00,
 0x00,0x00,0x00,0x00,0x00,0x00,0x00,0x00,
 0x00,0x00,0x00,0x00,0x00,0x00,0x00,0x00,
 0x00,0x00,0x00,0x00,0x00,0x00,0x00,0x00,
 0x00,0x00,0x00,0x00,0x00,0x00,0x00,0xff,
 0xff,0xcc,0xff,0xff,0xcc,0xff,0xff,0xcc,
 0xff,0xff,0xcc,0xff,0xff,0xcc,0xff,0xff,
 0xcc,0xff,0xff,0xcc,0xff,0xff,0xcc,0xff,
 0xff,0xcc,0x00,0x00,0x00,0xcc,0xff,0xcc,
 0xcc,0xff,0xcc,0xcc,0xff,0xcc,0xcc,0xff,
 0xcc,0xcc,0xff,0xcc,0xcc,0xff,0xcc,0xcc,
 0xff,0xcc,0xcc,0xff,0xcc,0xcc,0xff,0xcc,
 0x00,0x00,0x00,0x99,0xff,0xcc,0x99,0xff,
 0xcc,0x99,0xff,0xcc,0x99,0xff,0xcc,0x99,
 0xff,0xcc,0x99,0xff,0xcc,0x99,0xff,0xcc,
 0x99,0xff,0xcc,0x99,0xff,0xcc,0x00,0x00,
 0x00,0x66,0xff,0xcc,0x66,0xff,0xcc,0x66,
 0xff,0xcc,0x66,0xff,0xcc,0x66,0xff,0xcc,
 0x66,0xff,0xcc,0x66,0xff,0xcc,0x66,0xff,
 0xcc,0x66,0xff,0xcc,0x00,0x00,0x00,0x33,
 0xff,0xcc,0x33,0xff,0xcc,0x33,0xff,0xcc,
 0x33,0xff,0xcc,0x33,0xff,0xcc,0x33,0xff,
 0xcc,0x33,0xff,0xcc,0x33,0xff,0xcc,0x33,
 0xff,0xcc,0x00,0x00,0x00,0x00,0xff,0xcc,
 0x00,0xff,0xcc,0x00,0xff,0xcc,0x00,0xff,
 0xcc,0x00,0xff,0xcc,0x00,0xff,0xcc,0x00,
 0xff,0xcc,0x00,0xff,0xcc,0x00,0xff,0xcc,
 0x00,0x00,0x00,0x00,0xff,0x66,0x00,0xff,
 0x66,0x00,0xff,0x66,0x00,0xff,0x66,0x00,
 0xff,0x66,0x00,0xff,0x66,0x00,0xff,0x66,
 0x00,0xff,0x66,0x00,0xff,0x66,0x00,0x00,
 0x00,0x33,0xff,0x66,0x33,0xff,0x66,0x33,
 0xff,0x66,0x33,0xff,0x66,0x33,0xff,0x66,
 0x33,0xff,0x66,0x33,0xff,0x66,0x33,0xff,
 0x66,0x33,0xff,0x66,0x00,0x00,0x00,0x66,
 0xff,0x66,0x66,0xff,0x66,0x66,0xff,0x66,
 0x66,0xff,0x66,0x66,0xff,0x66,0x66,0xff,
 0x66,0x66,0xff,0x66,0x66,0xff,0x66,0x66,
 0xff,0x66,0x00,0x00,0x00,0x99,0xff,0x66,
 0x99,0xff,0x66,0x99,0xff,0x66,0x99,0xff,
 0x66,0x99,0xff,0x66,0x99,0xff,0x66,0x99,
 0xff,0x66,0x99,0xff,0x66,0x99,0xff,0x66,
 0x00,0x00,0x00,0xcc,0xff,0x66,0xcc,0xff,
 0x66,0xcc,0xff,0x66,0xcc,0xff,0x66,0xcc,
 0xff,0x66,0xcc,0xff,0x66,0xcc,0xff,0x66,
 0xcc,0xff,0x66,0xcc,0xff,0x66,0x00,0x00,
 0x00,0xff,0xff,0x66,0xff,0xff,0x66,0xff,
 0xff,0x66,0xff,0xff,0x66,0xff,0xff,0x66,
 0xff,0xff,0x66,0xff,0xff,0x66,0xff,0xff,
 0x66,0xff,0xff,0x66,0x00,0x00,0x00,0xff,
 0xff,0x00,0xff,0xff,0x00,0xff,0xff,0x00,
 0xff,0xff,0x00,0xff,0xff,0x00,0xff,0xff,
 0x00,0xff,0xff,0x00,0xff,0xff,0x00,0xff,
 0xff,0x00,0x00,0x00,0x00,0xcc,0xff,0x00,
 0xcc,0xff,0x00,0xcc,0xff,0x00,0xcc,0xff,
 0x00,0xcc,0xff,0x00,0xcc,0xff,0x00,0xcc,
 0xff,0x00,0xcc,0xff,0x00,0xcc,0xff,0x00,
 0x00,0x00,0x00,0x99,0xff,0x00,0x99,0xff,
 0x00,0x99,0xff,0x00,0x99,0xff,0x00,0x99,
 0xff,0x00,0x99,0xff,0x00,0x99,0xff,0x00,
 0x99,0xff,0x00,0x99,0xff,0x00,0x00,0x00,
 0x00,0x66,0xff,0x00,0x66,0xff,0x00,0x66,
 0xff,0x00,0x66,0xff,0x00,0x66,0xff,0x00,
 0x66,0xff,0x00,0x66,0xff,0x00,0x66,0xff,
 0x00,0x66,0xff,0x00,0x00,0x00,0x00,0x33,
 0xff,0x00,0x33,0xff,0x00,0x33,0xff,0x00,
 0x33,0xff,0x00,0x33,0xff,0x00,0x33,0xff,
 0x00,0x33,0xff,0x00,0x33,0xff,0x00,0x33,
 0xff,0x00,0x00,0x00,0x00,0x00,0xff,0x00,
 0x00,0xff,0x00,0x00,0xff,0x00,0x00,0xff,
 0x00,0x00,0xff,0x00,0x00,0xff,0x00,0x00,
 0xff,0x00,0x00,0xff,0x00,0x00,0xff,0x00,
 0x00,0x00,0x00,0x00,0x00,0x00,0x00,0x00,
 0x00,0x00,0x00,0x00,0x00,0x00,0x00,0x00,
 0x00,0x00,0x00,0x00,0x00,0x00,0x00,0x00,
 0x00,0x00,0x00,0x00,0x00,0x00,0x00,0x00,
 0x00,0x00,0x00,0x00,0x00,0x00,0x00,0xff,
 0xff,0xcc,0xff,0xff,0xcc,0xff,0xff,0xcc,
 0xff,0xff,0xcc,0xff,0xff,0xcc,0xff,0xff,
 0xcc,0xff,0xff,0xcc,0xff,0xff,0xcc,0xff,
 0xff,0xcc,0x00,0x00,0x00,0xcc,0xff,0xcc,
 0xcc,0xff,0xcc,0xcc,0xff,0xcc,0xcc,0xff,
 0xcc,0xcc,0xff,0xcc,0xcc,0xff,0xcc,0xcc,
 0xff,0xcc,0xcc,0xff,0xcc,0xcc,0xff,0xcc,
 0x00,0x00,0x00,0x99,0xff,0xcc,0x99,0xff,
 0xcc,0x99,0xff,0xcc,0x99,0xff,0xcc,0x99,
 0xff,0xcc,0x99,0xff,0xcc,0x99,0xff,0xcc,
 0x99,0xff,0xcc,0x99,0xff,0xcc,0x00,0x00,
 0x00,0x66,0xff,0xcc,0x66,0xff,0xcc,0x66,
 0xff,0xcc,0x66,0xff,0xcc,0x66,0xff,0xcc,
 0x66,0xff,0xcc,0x66,0xff,0xcc,0x66,0xff,
 0xcc,0x66,0xff,0xcc,0x00,0x00,0x00,0x33,
 0xff,0xcc,0x33,0xff,0xcc,0x33,0xff,0xcc,
 0x33,0xff,0xcc,0x33,0xff,0xcc,0x33,0xff,
 0xcc,0x33,0xff,0xcc,0x33,0xff,0xcc,0x33,
 0xff,0xcc,0x00,0x00,0x00,0x00,0xff,0xcc,
 0x00,0xff,0xcc,0x00,0xff,0xcc,0x00,0xff,
 0xcc,0x00,0xff,0xcc,0x00,0xff,0xcc,0x00,
 0xff,0xcc,0x00,0xff,0xcc,0x00,0xff,0xcc,
 0x00,0x00,0x00,0x00,0xff,0x66,0x00,0xff,
 0x66,0x00,0xff,0x66,0x00,0xff,0x66,0x00,
 0xff,0x66,0x00,0xff,0x66,0x00,0xff,0x66,
 0x00,0xff,0x66,0x00,0xff,0x66,0x00,0x00,
 0x00,0x33,0xff,0x66,0x33,0xff,0x66,0x33,
 0xff,0x66,0x33,0xff,0x66,0x33,0xff,0x66,
 0x33,0xff,0x66,0x33,0xff,0x66,0x33,0xff,
 0x66,0x33,0xff,0x66,0x00,0x00,0x00,0x66,
 0xff,0x66,0x66,0xff,0x66,0x66,0xff,0x66,
 0x66,0xff,0x66,0x66,0xff,0x66,0x66,0xff,
 0x66,0x66,0xff,0x66,0x66,0xff,0x66,0x66,
 0xff,0x66,0x00,0x00,0x00,0x99,0xff,0x66,
 0x99,0xff,0x66,0x99,0xff,0x66,0x99,0xff,
 0x66,0x99,0xff,0x66,0x99,0xff,0x66,0x99,
 0xff,0x66,0x99,0xff,0x66,0x99,0xff,0x66,
 0x00,0x00,0x00,0xcc,0xff,0x66,0xcc,0xff,
 0x66,0xcc,0xff,0x66,0xcc,0xff,0x66,0xcc,
 0xff,0x66,0xcc,0xff,0x66,0xcc,0xff,0x66,
 0xcc,0xff,0x66,0xcc,0xff,0x66,0x00,0x00,
 0x00,0xff,0xff,0x66,0xff,0xff,0x66,0xff,
 0xff,0x66,0xff,0xff,0x66,0xff,0xff,0x66,
 0xff,0xff,0x66,0xff,0xff,0x66,0xff,0xff,
 0x66,0xff,0xff,0x66,0x00,0x00,0x00,0xff,
 0xff,0x00,0xff,0xff,0x00,0xff,0xff,0x00,
 0xff,0xff,0x00,0xff,0xff,0x00,0xff,0xff,
 0x00,0xff,0xff,0x00,0xff,0xff,0x00,0xff,
 0xff,0x00,0x00,0x00,0x00,0xcc,0xff,0x00,
 0xcc,0xff,0x00,0xcc,0xff,0x00,0xcc,0xff,
 0x00,0xcc,0xff,0x00,0xcc,0xff,0x00,0xcc,
 0xff,0x00,0xcc,0xff,0x00,0xcc,0xff,0x00,
 0x00,0x00,0x00,0x99,0xff,0x00,0x99,0xff,
 0x00,0x99,0xff,0x00,0x99,0xff,0x00,0x99,
 0xff,0x00,0x99,0xff,0x00,0x99,0xff,0x00,
 0x99,0xff,0x00,0x99,0xff,0x00,0x00,0x00,
 0x00,0x66,0xff,0x00,0x66,0xff,0x00,0x66,
 0xff,0x00,0x66,0xff,0x00,0x66,0xff,0x00,
 0x66,0xff,0x00,0x66,0xff,0x00,0x66,0xff,
 0x00,0x66,0xff,0x00,0x00,0x00,0x00,0x33,
 0xff,0x00,0x33,0xff,0x00,0x33,0xff,0x00,
 0x33,0xff,0x00,0x33,0xff,0x00,0x33,0xff,
 0x00,0x33,0xff,0x00,0x33,0xff,0x00,0x33,
 0xff,0x00,0x00,0x00,0x00,0x00,0xff,0x00,
 0x00,0xff,0x00,0x00,0xff,0x00,0x00,0xff,
 0x00,0x00,0xff,0x00,0x00,0xff,0x00,0x00,
 0xff,0x00,0x00,0xff,0x00,0x00,0xff,0x00,
 0x00,0x00,0x00,0x00,0x00,0x00,0x00,0x00,
 0x00,0x00,0x00,0x00,0x00,0x00,0x00,0x00,
 0x00,0x00,0x00,0x00,0x00,0x00,0x00,0x00,
 0x00,0x00,0x00,0x00,0x00,0x00,0x00,0x00,
 0x00,0x00,0x00,0x00,0x00,0x00,0x00,0xff,
 0xff,0xcc,0xff,0xff,0xcc,0xff,0xff,0xcc,
 0xff,0xff,0xcc,0xff,0xff,0xcc,0xff,0xff,
 0xcc,0xff,0xff,0xcc,0xff,0xff,0xcc,0xff,
 0xff,0xcc,0x00,0x00,0x00,0xcc,0xff,0xcc,
 0xcc,0xff,0xcc,0xcc,0xff,0xcc,0xcc,0xff,
 0xcc,0xcc,0xff,0xcc,0xcc,0xff,0xcc,0xcc,
 0xff,0xcc,0xcc,0xff,0xcc,0xcc,0xff,0xcc,
 0x00,0x00,0x00,0x99,0xff,0xcc,0x99,0xff,
 0xcc,0x99,0xff,0xcc,0x99,0xff,0xcc,0x99,
 0xff,0xcc,0x99,0xff,0xcc,0x99,0xff,0xcc,
 0x99,0xff,0xcc,0x99,0xff,0xcc,0x00,0x00,
 0x00,0x66,0xff,0xcc,0x66,0xff,0xcc,0x66,
 0xff,0xcc,0x66,0xff,0xcc,0x66,0xff,0xcc,
 0x66,0xff,0xcc,0x66,0xff,0xcc,0x66,0xff,
 0xcc,0x66,0xff,0xcc,0x00,0x00,0x00,0x33,
 0xff,0xcc,0x33,0xff,0xcc,0x33,0xff,0xcc,
 0x33,0xff,0xcc,0x33,0xff,0xcc,0x33,0xff,
 0xcc,0x33,0xff,0xcc,0x33,0xff,0xcc,0x33,
 0xff,0xcc,0x00,0x00,0x00,0x00,0xff,0xcc,
 0x00,0xff,0xcc,0x00,0xff,0xcc,0x00,0xff,
 0xcc,0x00,0xff,0xcc,0x00,0xff,0xcc,0x00,
 0xff,0xcc,0x00,0xff,0xcc,0x00,0xff,0xcc,
 0x00,0x00,0x00,0x00,0xff,0x66,0x00,0xff,
 0x66,0x00,0xff,0x66,0x00,0xff,0x66,0x00,
 0xff,0x66,0x00,0xff,0x66,0x00,0xff,0x66,
 0x00,0xff,0x66,0x00,0xff,0x66,0x00,0x00,
 0x00,0x33,0xff,0x66,0x33,0xff,0x66,0x33,
 0xff,0x66,0x33,0xff,0x66,0x33,0xff,0x66,
 0x33,0xff,0x66,0x33,0xff,0x66,0x33,0xff,
 0x66,0x33,0xff,0x66,0x00,0x00,0x00,0x66,
 0xff,0x66,0x66,0xff,0x66,0x66,0xff,0x66,
 0x66,0xff,0x66,0x66,0xff,0x66,0x66,0xff,
 0x66,0x66,0xff,0x66,0x66,0xff,0x66,0x66,
 0xff,0x66,0x00,0x00,0x00,0x99,0xff,0x66,
 0x99,0xff,0x66,0x99,0xff,0x66,0x99,0xff,
 0x66,0x99,0xff,0x66,0x99,0xff,0x66,0x99,
 0xff,0x66,0x99,0xff,0x66,0x99,0xff,0x66,
 0x00,0x00,0x00,0xcc,0xff,0x66,0xcc,0xff,
 0x66,0xcc,0xff,0x66,0xcc,0xff,0x66,0xcc,
 0xff,0x66,0xcc,0xff,0x66,0xcc,0xff,0x66,
 0xcc,0xff,0x66,0xcc,0xff,0x66,0x00,0x00,
 0x00,0xff,0xff,0x66,0xff,0xff,0x66,0xff,
 0xff,0x66,0xff,0xff,0x66,0xff,0xff,0x66,
 0xff,0xff,0x66,0xff,0xff,0x66,0xff,0xff,
 0x66,0xff,0xff,0x66,0x00,0x00,0x00,0xff,
 0xff,0x00,0xff,0xff,0x00,0xff,0xff,0x00,
 0xff,0xff,0x00,0xff,0xff,0x00,0xff,0xff,
 0x00,0xff,0xff,0x00,0xff,0xff,0x00,0xff,
 0xff,0x00,0x00,0x00,0x00,0xcc,0xff,0x00,
 0xcc,0xff,0x00,0xcc,0xff,0x00,0xcc,0xff,
 0x00,0xcc,0xff,0x00,0xcc,0xff,0x00,0xcc,
 0xff,0x00,0xcc,0xff,0x00,0xcc,0xff,0x00,
 0x00,0x00,0x00,0x99,0xff,0x00,0x99,0xff,
 0x00,0x99,0xff,0x00,0x99,0xff,0x00,0x99,
 0xff,0x00,0x99,0xff,0x00,0x99,0xff,0x00,
 0x99,0xff,0x00,0x99,0xff,0x00,0x00,0x00,
 0x00,0x66,0xff,0x00,0x66,0xff,0x00,0x66,
 0xff,0x00,0x66,0xff,0x00,0x66,0xff,0x00,
 0x66,0xff,0x00,0x66,0xff,0x00,0x66,0xff,
 0x00,0x66,0xff,0x00,0x00,0x00,0x00,0x33,
 0xff,0x00,0x33,0xff,0x00,0x33,0xff,0x00,
 0x33,0xff,0x00,0x33,0xff,0x00,0x33,0xff,
 0x00,0x33,0xff,0x00,0x33,0xff,0x00,0x33,
 0xff,0x00,0x00,0x00,0x00,0x00,0xff,0x00,
 0x00,0xff,0x00,0x00,0xff,0x00,0x00,0xff,
 0x00,0x00,0xff,0x00,0x00,0xff,0x00,0x00,
 0xff,0x00,0x00,0xff,0x00,0x00,0xff,0x00,
 0x00,0x00,0x00,0x00,0x00,0x00,0x00,0x00,
 0x00,0x00,0x00,0x00,0x00,0x00,0x00,0x00,
 0x00,0x00,0x00,0x00,0x00,0x00,0x00,0x00,
 0x00,0x00,0x00,0x00,0x00,0x00,0x00,0x00,
 0x00,0x00,0x00,0x00,0x00,0x00,0x00,0x00,
 0x00,0x00,0x00,0x00,0x00,0x00,0x00,0x00,
 0x00,0x00,0x00,0x00,0x00,0x00,0x00,0x00,
 0x00,0x00,0x00,0x00,0x00,0x00,0x00,0x00,
 0x00,0x00,0x00,0x00,0x00,0x00,0x00,0x00,
 0x00,0x00,0x00,0x00,0x00,0x00,0x00,0x00,
 0x00,0x00,0x00,0x00,0x00,0x00,0x00,0x00,
 0x00,0x00,0x00,0x00,0x00,0x00,0x00,0x00,
 0x00,0x00,0x00,0x00,0x00,0x00,0x00,0x00,
 0x00,0x00,0x00,0x00,0x00,0x00,0x00,0x00,
 0x00,0x00,0x00,0x00,0x00,0x00,0x00,0x00,
 0x00,0x00,0x00,0x00,0x00,0x00,0x00,0x00,
 0x00,0x00,0x00,0x00,0x00,0x00,0x00,0x00,
 0x00,0x00,0x00,0x00,0x00,0x00,0x00,0x00,
 0x00,0x00,0x00,0x00,0x00,0x00,0x00,0x00,
 0x00,0x00,0x00,0x00,0x00,0x00,0x00,0x00,
 0x00,0x00,0x00,0x00,0x00,0x00,0x00,0x00,
 0x00,0x00,0x00,0x00,0x00,0x00,0x00,0x00,
 0x00,0x00,0x00,0x00,0x00,0x00,0x00,0x00,
 0x00,0x00,0x00,0x00,0x00,0x00,0x00,0x00,
 0x00,0x00,0x00,0x00,0x00,0x00,0x00,0x00,
 0x00,0x00,0x00,0x00,0x00,0x00,0x00,0x00,
 0x00,0x00,0x00,0x00,0x00,0x00,0x00,0x00,
 0x00,0x00,0x00,0x00,0x00,0x00,0x00,0x00,
 0x00,0x00,0x00,0x00,0x00,0x00,0x00,0x00,
 0x00,0x00,0x00,0x00,0x00,0x00,0x00,0x00,
 0x00,0x00,0x00,0x00,0x00,0x00,0x00,0x00,
 0x00,0x00,0x00,0x00,0x00,0x00,0x00,0x00,
 0x00,0x00,0x00,0x00,0x00,0x00,0x00,0x00,
 0x00,0x00,0x00,0x00,0x00,0x00,0x00,0x00,
 0x00,0x00,0x00,0x00,0x00,0x00,0x00,0x00,
 0x00,0x00,0x00,0x00,0x00,0x00,0x00,0x00,
 0x00,0x00,0x00,0x00,0x00,0x00,0x00,0x00,
 0x00,0x00,0x00,0x00,0x00,0x00,0x00,0x00,
 0x00,0x00,0x00,0x00,0x00,0x00,0x00,0x00,
 0x00,0x00,0x00,0x00,0x00,0x00,0x00,0x00,
 0x00,0x00,0x00,0x00,0x00,0x00,0x00,0x00,
 0x00,0x00,0x00,0x00,0x00,0x00,0x00,0x00,
 0x00,0x00,0x00,0x00,0x00,0x00,0x00,0x00,
 0x00,0x00,0x00,0x00,0x00,0x00,0x00,0x00,
 0x00,0x00,0x00,0x00,0x00,0x00,0x00,0x00,
 0x00,0x00,0x00,0x00,0x00,0x00,0x00,0x00,
 0x00,0x00,0x00,0x00,0x00,0x00,0x00,0x00,
 0x00,0x00,0x00,0x00,0x00,0x00,0x00,0x00,
 0x00,0x00,0x00,0x00,0x00,0x00,0x00,0x00,
 0x00,0x00,0x00,0x00,0x00,0x00,0x00,0x00,
 0x00,0x00,0x00,0x00,0x00,0x00,0x00,0x00,
 0x00,0x00,0x00,0x00,0x00,0x00,0x00,0x00,
 0x00,0x00,0x00,0x00,0x00,0x00,0x00,0x00,
 0x00,0x00,0x00,0x00,0x00,0x00,0x00,0x00,
 0x00,0x00,0x00,0x00,0x00,0x00,0x00,0x00,
 0x00,0x00,0x00,0x00,0x00,0x00,0x00,0x00,
 0x00,0x00,0x00,0x00,0x00,0x00,0x00,0x00,
 0x00,0x00,0x00,0x00,0x00,0x00,0x00,0x00,
 0x00,0x00,0x00,0x00,0x00,0x00,0x00,0x00,
 0x00,0x00,0x00,0x00,0x00,0x00,0x00,0x00,
 0x00,0x00,0x00,0x00,0x00,0x00,0x00,0x00,
 0x00,0x00,0x00,0x00,0x00,0x00,0x00,0x00,
 0x00,0x00,0x00,0x00,0x00,0x00,0x00,0x00,
 0x00,0x00,0x00,0x00,0x00,0x00,0x00,0x00,
 0x00,0x00,0x00,0x00,0x00,0x00,0x00,0x00,
 0x00,0x00,0x00,0x00,0x00,0x00,0x00,0x00,
 0x00,0x00,0x00,0x00,0x00,0x00,0x00,0x00,
 0x00,0x00,0x00,0x00,0x00,0x00,0x00,0x00,
 0x00,0x00,0x00,0x00,0x00,0x00,0x00,0x00,
 0x00,0x00,0x00,0x00,0x00,0x00,0x00,0x00,
 0x00,0x00,0x00,0x00,0x00,0x00,0x00,0x00,
 0x00,0x00,0x00,0x00,0x00,0x00,0x00,0x00,
 0x00,0x00,0x00,0x00,0x00,0x00
};
