game	folder	filesize	vandalFix	psxfix_Xa	psxfix_Sio	psxfix_Mdec	psxfix_Cdda	psxfix_Cpu	psxfix_SpuIrq	psxfix_VSyncWA	graphicsFixes	frameskip	framelimit	bitDepth	biosMode	xboxSFilter	ff9	memcardnum1	memcardnum2	psxfix_SpuIrq2	spu_usexa	spu_xaspeed	spu_reverb	spu_interpolation	spu_dbuf	gpu_version	spu_version	FixFF	core_version	screenX	screenY	screenMaxX	screenMaxY	xbox_oldstate	memcard_state	soundtimer	controller1	controller2	controller3	controller4	multitap	rumble_enabled1	rumble_enabled2	rumble1	rumble2
360	360	310	0	0	0	0	0	0	0	0	0	1	1	16	1	0	0	0	1	0	1	0	2	2	0	4	1	0	0	0	0	0	0	0	1	0	2	2	2	2	0	1	1	0	0
3D Baseball	3D Baseball	310	0	0	0	0	0	0	0	0	0	1	1	16	1	0	0	0	1	0	1	0	0	2	0	1	0	1	0	0	0	0	0	0	1	2	0	0	0	0	0	0	0	0	0
3D Lemmings	3D Lemmings	310	0	0	0	0	0	0	0	0	0	0	0	16	1	0	0	0	1	0	1	0	1	1	0	0	0	1	0	0	0	0	0	0	1	2	0	0	0	0	0	0	0	0	0
40 Winks	40 Winks	310	0	0	0	0	1	0	0	0	0	1	1	16	1	0	0	0	1	0	1	0	0	2	0	4	0	1	0	0	0	0	0	0	1	2	0	0	0	0	0	0	0	0	0
4x4 World Trophy	4x4 World Trophy	310	0	0	0	0	0	0	0	0	0	1	1	16	1	0	0	0	1	0	1	0	2	2	0	3	1	0	0	0	0	0	0	0	1	0	0	0	0	0	0	1	1	0	0
A.IV - Evolution Global	A.IV - Evolution Global	306	0	0	0	0	0	0	0	0	0	1	1	16	1	0	0	0	1	0	1	0	1	2	0	1	0	1	0	0	0	0	0	0	1	2	0	0	0	0	0	0	0	0	0
Ace Combat 2	Ace Combat 2	306	0	0	0	0	0	0	0	0	0	1	1	16	0	0	0	0	1	0	1	0	1	2	0	4	0	1	0	0	0	0	0	0	1	2	2	2	2	2	0	1	1	0	0
Ace Combat 3 (Disc 1)	Ace Combat 3 (Disc 1)	310	0	0	0	0	1	0	0	0	16	1	1	16	1	0	0	0	1	0	1	0	0	2	0	4	0	1	0	0	0	0	0	0	1	2	2	2	2	2	0	1	1	0	0
Ace Combat 3 (Disc 2)	Ace Combat 3 (Disc 2)	310	0	0	0	0	1	0	0	0	0	1	1	16	1	0	0	0	1	0	1	0	0	2	0	4	0	1	0	0	0	0	0	0	1	2	2	2	2	2	0	1	1	0	0
Ace Combat 3 - Electrosphere	Ace Combat 3 - Electrosphere	270	0	0	0	0	0	0	0	0	0	1	1	16	1	0	0	0	1	0	1	0	1	1	0	0	1	1	0	0	0	0	0	0	1	2	2	2	2	2	0	1	1	0	0
Aces of the Air	Aces of the Air	310	0	0	0	0	0	0	0	0	0	1	1	16	1	0	0	0	1	0	1	0	1	1	0	3	1	1	0	0	0	0	0	0	1	2	0	0	0	0	0	0	0	0	0
Acid	Acid	310	0	0	0	0	0	0	0	0	128	0	1	16	1	0	0	0	1	0	1	0	1	2	0	0	1	1	0	0	0	0	0	0	1	2	0	0	0	0	0	0	0	0	0
Aconcagua (Disc 1)	Aconcagua (Disc 1)	310	0	0	0	0	0	0	0	0	128	0	1	16	1	0	0	0	1	0	1	0	1	2	0	1	1	0	0	0	0	0	0	0	1	2	2	2	2	2	0	1	1	0	0
Aconcagua (Disc 2)	Aconcagua (Disc 2)	310	0	0	0	0	0	0	0	0	128	0	1	16	1	0	0	0	1	0	1	0	1	2	0	1	1	0	0	0	0	0	0	0	1	2	2	2	2	2	0	1	1	0	0
Action Bass	Action Bass	310	0	0	0	0	0	0	0	0	128	0	1	16	1	0	0	0	1	0	1	0	1	2	0	0	1	1	0	0	0	0	0	0	1	2	2	2	2	2	0	1	1	0	0
Activision Classics	Activision Classics	310	0	0	0	0	0	0	0	0	128	0	0	16	1	0	0	0	1	0	1	0	1	2	0	2	1	1	0	0	0	0	0	0	1	2	0	0	0	0	0	0	0	0	0
Actua Golf 2	Actua Golf 2	310	0	0	0	0	0	0	0	0	128	0	1	16	1	0	0	0	1	0	1	0	1	2	0	1	1	1	0	0	0	0	0	0	1	2	0	0	0	0	0	0	0	0	0
Actua Golf	Actua Golf	310	0	0	0	0	0	0	0	0	128	0	1	16	1	0	0	0	1	0	1	0	1	2	0	1	1	1	0	0	0	0	0	0	1	2	0	0	0	0	0	0	0	0	0
Actua Pool	Actua Pool	306	0	0	0	0	0	0	0	0	192	0	0	16	1	0	0	0	1	0	1	0	2	2	0	3	1	1	0	0	0	0	0	0	1	2	0	0	0	0	0	0	0	0	0
Actua Soccer - Club Edition	Actua Soccer - Club Edition	310	0	0	0	0	0	0	0	0	128	0	1	16	1	0	0	0	1	0	1	0	0	2	0	1	0	1	0	0	0	0	0	0	1	2	0	0	0	0	0	0	0	0	0
Addie's Present - To Moze From Addie	Addie's Present - To Moze From Addie	310	0	0	0	0	0	0	0	0	128	0	1	16	1	0	0	0	1	0	1	0	0	2	0	1	0	1	0	0	0	0	0	0	1	2	2	2	2	2	0	1	1	0	0
Advan Racing	Advan Racing	310	0	0	0	0	0	0	0	0	0	1	0	16	1	0	0	0	1	0	1	0	0	2	0	4	3	0	0	0	0	0	0	0	1	2	0	0	0	0	0	0	0	0	0
Advanced D&D - Iron & Blood	Advanced D&D - Iron & Blood	310	0	0	0	0	0	0	0	0	128	0	0	16	1	0	0	0	1	0	1	0	1	2	0	1	1	0	0	0	0	0	0	0	1	2	0	0	0	0	0	0	0	0	0
Advanced Variable Geo 2	Advanced Variable Geo 2	310	0	0	0	0	0	0	0	0	0	0	0	16	1	0	0	0	1	0	1	0	2	2	0	2	1	0	0	0	0	0	0	0	1	0	2	2	2	2	0	1	1	0	0
Advanced Variable Geo	Advanced Variable Geo	310	0	0	0	0	0	0	0	0	0	0	0	16	1	0	0	0	1	0	1	0	2	2	0	1	1	0	0	0	0	0	0	0	1	0	0	0	0	0	0	0	0	0	0
Adventure of Little Ralph	Adventure of Little Ralph	310	0	0	0	0	0	0	0	0	0	1	1	16	1	0	0	0	1	0	1	0	2	2	0	4	1	0	0	0	0	0	0	0	1	0	0	0	0	0	0	0	0	0	0
Adventures of Lomax	Adventures of Lomax	310	0	0	0	0	0	0	0	0	128	0	0	16	1	0	0	0	1	0	1	0	1	2	0	2	1	1	0	0	0	0	0	0	1	2	0	0	0	0	0	1	1	0	0
Aeon Flux (Prototype)	Aeon Flux (Prototype)	310	0	0	0	0	1	0	0	0	0	0	0	16	1	0	0	0	1	0	1	0	2	2	0	0	1	0	0	0	0	0	0	0	1	0	0	0	0	0	0	0	0	0	0
Afraid Gear	Afraid Gear	310	0	0	0	0	0	0	0	0	128	0	0	16	1	0	0	0	1	0	1	0	1	2	0	0	1	1	0	0	0	0	0	0	1	2	0	0	0	0	0	0	0	0	0
Afro-ken - The Puzzle	Afro-ken - The Puzzle	310	0	0	0	0	0	0	0	0	0	1	1	16	1	0	0	0	1	0	1	0	0	2	0	4	0	1	0	0	0	0	0	0	1	2	2	2	2	2	0	1	1	0	0
Agent Armstrong	Agent Armstrong	310	0	0	0	0	0	0	0	0	0	1	1	16	1	0	0	0	1	0	1	0	1	2	0	4	1	1	0	0	0	0	0	0	1	0	0	0	0	0	0	0	0	0	0
Agile Warrior - F-111X	Agile Warrior - F-111X	310	0	0	0	0	0	0	0	0	128	0	0	16	1	0	0	0	1	0	1	0	1	2	0	1	1	1	0	0	0	0	0	0	1	2	0	0	0	0	0	0	0	0	0
Air Combat	Air Combat	310	0	0	0	0	0	0	0	0	0	1	1	16	1	0	0	0	1	0	1	0	1	2	0	3	1	1	0	0	0	0	0	0	1	2	0	0	0	0	0	0	0	0	0
Air Hockey	Air Hockey	310	0	0	0	0	0	0	0	0	0	1	1	16	1	0	0	0	1	0	1	0	1	2	0	3	1	1	0	0	0	0	0	0	1	2	2	2	2	2	0	1	1	0	0
Air Management 96	Air Management 96	310	0	0	0	0	0	0	0	0	192	0	1	16	1	0	0	0	1	0	1	0	1	2	0	3	1	1	0	0	0	0	0	0	1	2	0	0	0	0	0	0	0	0	0
Air Race	Air Race	310	0	0	0	0	0	0	0	0	0	1	1	16	1	0	0	0	1	0	1	0	2	2	0	4	1	0	0	0	0	0	0	0	1	0	0	0	0	0	0	0	0	0	0
Airgrave	Airgrave	310	0	0	0	0	0	0	0	0	128	0	0	16	1	0	0	0	1	0	1	0	1	2	0	3	1	1	0	0	0	0	0	0	1	2	0	0	0	0	0	0	0	0	0
Aironauts	Aironauts	310	0	0	0	0	0	0	0	0	128	0	1	16	1	0	0	0	1	0	1	0	1	2	0	4	1	1	0	0	0	0	0	0	1	2	2	2	2	2	0	1	1	0	0
Akuji - The Heartless	Akuji - The Heartless	270	0	0	0	0	0	0	0	0	128	1	1	16	1	0	0	0	1	0	1	0	2	2	0	3	1	0	0	0	0	0	0	0	1	0	2	2	2	2	0	1	1	0	0
Akuji the Heartless	Akuji the Heartless	310	0	0	0	0	0	0	0	0	128	1	1	16	1	0	0	0	1	0	1	0	1	1	0	4	1	0	0	0	0	0	0	0	1	0	2	2	2	2	0	1	1	0	0
Aladdin - Nasira's Revenge	Aladdin - Nasira's Revenge	310	0	0	0	0	0	0	0	0	0	1	1	16	1	0	0	0	1	0	1	0	0	2	0	4	0	1	0	0	0	0	0	0	1	2	2	2	2	2	0	1	1	0	0
Alex Ferguson's Player Manager 2001	Alex Ferguson's Player Manager 2001	310	0	0	0	0	0	0	0	0	0	1	0	16	1	0	0	0	1	1	1	0	0	2	0	1	0	1	0	0	0	0	0	0	1	2	2	2	2	2	0	1	1	0	0
Alexi Lalas International Soccer	Alexi Lalas International Soccer	310	0	0	0	0	0	0	0	0	128	0	0	16	1	0	0	0	1	0	1	0	0	2	0	1	0	1	0	0	0	0	0	0	1	2	0	0	0	0	0	0	0	0	0
Alfred Chicken	Alfred Chicken	310	0	0	0	0	0	0	0	0	128	0	0	16	1	0	0	0	1	0	1	0	0	2	0	0	1	1	0	0	0	0	0	0	1	2	2	2	2	2	0	1	1	0	0
Alien Resurrection (Prototype)	Alien Resurrection (Prototype)	306	0	0	0	0	0	0	0	0	0	1	0	16	1	0	0	0	1	0	1	0	1	2	0	3	1	1	0	0	0	0	0	0	1	2	2	2	2	2	0	1	1	0	0
Alien Resurrection	Alien Resurrection	310	0	0	0	0	0	0	0	0	0	1	0	16	1	0	0	0	1	0	1	0	1	2	0	3	1	1	0	0	0	0	0	0	1	2	2	2	2	2	0	1	1	0	0
Alien Trilogy	Alien Trilogy	310	0	0	0	0	0	0	0	0	128	0	0	16	1	0	0	0	1	0	1	0	1	2	0	3	1	1	0	0	0	0	0	0	1	2	0	0	0	0	0	0	0	0	0
All-Star Action (Disc 1)	All-Star Action (Disc 1)	310	0	0	0	0	0	0	0	0	128	0	0	16	1	0	0	0	1	0	1	0	0	2	0	0	1	1	0	0	0	0	0	0	1	2	2	2	2	2	0	1	1	0	0
All-Star Action (Disc 2)	All-Star Action (Disc 2)	310	0	0	0	0	0	0	0	0	128	0	0	16	1	0	0	0	1	0	1	0	0	2	0	0	1	1	0	0	0	0	0	0	1	2	2	2	2	2	0	1	1	0	0
All-Star Baseball 1997	All-Star Baseball 1997	310	0	0	0	0	0	0	0	0	128	0	1	16	1	0	0	0	1	0	1	0	0	2	0	1	1	1	0	0	0	0	0	0	1	2	0	0	0	0	0	0	0	0	0
All-Star Slammin' D-Ball	All-Star Slammin' D-Ball	310	0	0	0	0	0	0	0	0	0	1	1	16	1	0	0	0	1	0	1	0	0	2	0	0	1	1	0	0	0	0	0	0	1	2	0	0	0	0	0	0	0	0	0
Allied General	Allied General	310	0	0	0	0	0	0	0	0	0	1	1	16	1	0	0	0	1	0	1	0	1	2	0	3	1	0	0	0	0	0	0	0	1	2	0	0	0	0	0	0	0	0	0
Alone in the Dark (Disc 1)	Alone in the Dark (Disc 1)	310	0	0	0	0	0	0	0	0	128	0	1	16	1	0	0	0	1	0	1	0	1	2	0	1	1	1	0	0	0	0	0	0	1	2	0	0	0	0	0	0	0	0	0
Alone in the Dark (Disc 2)	Alone in the Dark (Disc 2)	310	0	0	0	0	0	0	0	0	128	0	1	16	1	0	0	0	1	0	1	0	1	2	0	1	1	1	0	0	0	0	0	0	1	2	0	0	0	0	0	0	0	0	0
Alone in the Dark - Jack is Back	Alone in the Dark - Jack is Back	310	0	0	0	0	0	0	0	0	128	0	1	16	1	0	0	0	1	0	1	0	1	2	0	2	1	1	0	0	0	0	0	0	1	2	0	0	0	0	0	0	0	0	0
Alundra 2	Alundra 2	310	0	0	0	0	0	0	0	0	128	0	1	16	1	0	0	0	1	0	1	0	0	2	0	4	0	1	0	0	0	0	0	0	1	2	0	0	0	0	0	0	0	0	0
Alundra	Alundra	310	0	0	0	0	0	0	0	0	0	1	1	16	1	0	0	0	1	0	1	0	1	2	0	1	0	1	0	0	0	0	0	0	1	2	0	0	0	0	0	0	0	0	0
Amazing Virtual Sea-Monkeys	Amazing Virtual Sea-Monkeys	310	0	0	0	0	0	0	0	0	128	0	1	16	1	0	0	0	1	0	1	0	1	2	0	1	1	1	0	0	0	0	0	0	1	2	2	2	2	2	0	1	1	0	0
American Pool	American Pool	310	0	0	0	0	0	0	0	0	0	1	1	16	1	0	0	0	1	0	1	0	1	2	0	0	0	1	0	0	0	0	0	0	1	2	2	2	2	2	0	1	1	0	0
Amerzone (Disc 1)	Amerzone (Disc 1)	310	0	0	0	0	0	0	0	0	136	0	0	16	1	0	0	0	1	0	1	0	1	2	0	3	1	1	0	0	0	0	0	0	1	0	0	0	0	0	0	0	0	0	0
Amerzone (Disc 2)	Amerzone (Disc 2)	310	0	0	0	0	0	0	0	0	72	0	0	16	1	0	0	0	1	0	1	0	1	2	0	3	1	1	0	0	0	0	0	0	1	0	0	0	0	0	0	0	0	0	0
Andretti Racing	Andretti Racing	310	0	0	0	0	0	0	0	0	128	0	0	16	1	0	0	0	1	0	1	0	0	2	0	1	1	1	0	0	0	0	0	0	1	2	0	0	0	0	0	0	0	0	0
Animaniacs - Ten Pin Alley	Animaniacs - Ten Pin Alley	310	0	0	0	0	0	0	0	0	0	1	1	16	1	0	0	0	1	0	1	0	0	2	0	4	1	1	0	0	0	0	0	0	1	2	0	0	0	0	0	0	0	0	0
Animorphs - Shattered Reality	Animorphs - Shattered Reality	310	0	0	0	0	1	0	0	0	24	1	0	16	1	0	0	0	1	0	1	0	0	2	0	1	0	1	0	0	0	0	0	0	1	2	2	2	2	2	0	1	1	0	0
Animorphs	Animorphs	270	0	0	0	0	0	0	0	0	0	1	0	16	1	0	0	0	1	0	1	0	2	2	0	3	1	0	0	0	0	0	0	0	1	0	2	2	2	2	0	1	1	0	0
Anna Kournikova - Smash Court Tennis	Anna Kournikova - Smash Court Tennis	306	0	0	0	0	1	0	0	0	0	1	1	16	1	0	0	0	1	0	1	0	2	2	0	4	1	0	0	0	0	0	0	0	1	2	2	2	2	2	0	1	1	0	0
Another World	Another World	310	0	0	0	0	0	0	0	0	0	0	0	16	1	0	0	0	1	0	1	0	1	2	0	4	0	0	0	0	0	0	0	0	1	0	0	0	0	0	0	0	0	0	0
Ape Escape	Ape Escape	310	0	0	0	0	1	0	0	0	0	1	1	16	1	0	0	0	1	0	1	0	0	1	0	5	0	1	0	0	0	0	0	0	1	2	2	2	2	2	0	0	0	0	0
Apocalypse Zero	Apocalypse Zero	310	0	0	0	0	0	0	0	0	128	0	0	16	1	0	0	0	1	0	1	0	0	2	0	1	1	1	0	0	0	0	0	0	1	2	0	0	0	0	0	0	0	0	0
Apocalypse	Apocalypse	310	0	0	0	0	0	0	0	0	128	0	1	16	1	0	0	0	1	0	1	0	1	2	0	4	3	1	0	0	0	0	0	0	1	2	2	2	2	2	0	1	1	0	0
Aqua GT	Aqua GT	310	0	0	0	0	0	0	0	0	128	0	0	16	1	0	0	0	1	0	1	0	1	2	0	3	1	1	0	0	0	0	0	0	1	2	2	2	2	2	0	1	1	0	0
Aquanaut's Holiday	Aquanaut's Holiday	310	0	0	0	0	0	0	0	0	0	1	1	16	1	0	0	0	1	0	1	0	1	2	0	4	1	1	0	0	0	0	0	0	1	2	0	0	0	0	0	0	0	0	0
Arc the Lad - Arc Arena	Arc the Lad - Arc Arena	306	0	0	0	0	0	0	0	0	0	1	1	16	1	0	0	0	1	0	1	0	2	2	0	3	1	0	0	0	0	0	0	0	1	0	2	2	2	2	0	1	1	0	0
Arc the Lad II	Arc the Lad II	310	0	0	0	0	1	0	0	0	128	0	0	16	1	0	0	0	1	0	1	0	1	2	0	3	1	1	0	0	0	0	0	0	1	2	0	0	0	0	0	1	1	0	0
Arc the Lad III (Disc 1)	Arc the Lad III (Disc 1)	310	0	0	0	0	0	0	0	0	0	1	1	16	1	0	0	0	1	0	1	0	1	2	0	1	1	1	0	0	0	0	0	0	1	2	0	0	0	0	0	0	0	0	0
Arc the Lad III (Disc 2)	Arc the Lad III (Disc 2)	310	0	0	0	0	0	0	0	0	0	1	1	16	1	0	0	0	1	0	1	0	1	2	0	1	1	1	0	0	0	0	0	0	1	2	0	0	0	0	0	0	0	0	0
Arc the Lad	Arc the Lad	310	0	0	0	0	1	0	0	0	128	0	0	16	1	0	0	0	1	0	1	0	1	2	0	3	0	1	0	0	0	0	0	0	1	2	0	0	0	0	0	1	1	0	0
Arcade Party Pak	Arcade Party Pak	310	0	0	0	0	0	0	0	0	128	0	0	16	1	0	0	0	1	0	1	0	1	2	0	2	1	1	0	0	0	0	0	0	1	2	2	2	2	2	0	1	1	0	0
Arcade's G. Hits - Atari 1	Arcade's G. Hits - Atari 1	310	0	0	0	0	0	0	0	0	128	0	0	16	1	0	0	0	1	0	1	0	1	2	0	2	1	1	0	0	0	0	0	0	1	2	0	0	0	0	0	0	0	0	0
Arcade's G. Hits - Atari 2	Arcade's G. Hits - Atari 2	310	0	0	0	0	0	0	0	0	0	1	1	16	1	0	0	0	1	0	1	0	1	2	0	4	1	1	0	0	0	0	0	0	1	2	0	0	0	0	0	0	0	0	0
Arcade's G. Hits - Midway 1	Arcade's G. Hits - Midway 1	310	0	0	0	0	0	0	0	0	128	0	0	16	1	0	0	0	1	0	1	0	1	2	0	2	1	1	0	0	0	0	0	0	1	2	0	0	0	0	0	0	0	0	0
Arcade's G. Hits - Midway 2	Arcade's G. Hits - Midway 2	310	0	0	0	0	0	0	0	0	0	1	1	16	1	0	0	0	1	0	1	0	1	2	0	2	1	1	0	0	0	0	0	0	1	2	0	0	0	0	0	0	0	0	0
Archer Maclean's 3D Pool	Archer Maclean's 3D Pool	310	0	0	0	0	0	0	0	0	128	0	1	16	1	0	0	0	1	0	1	0	0	2	0	3	1	1	0	0	0	0	0	0	1	2	2	2	2	2	0	1	1	0	0
Area 51	Area 51	310	0	0	0	0	0	0	0	0	128	0	1	16	1	0	0	0	1	0	1	0	1	2	0	3	1	1	0	0	0	0	0	0	1	2	0	0	0	0	0	0	0	0	0
Ark of Time	Ark of Time	310	0	0	0	0	0	0	0	0	128	0	1	16	1	0	0	0	1	0	1	0	1	2	0	1	1	1	0	0	0	0	0	0	1	2	0	0	0	0	0	0	0	0	0
Arkanoid R 2000	Arkanoid R 2000	310	0	0	0	0	0	0	0	0	0	1	1	16	1	0	0	0	1	0	1	0	1	2	0	4	1	1	0	0	0	0	0	0	1	2	2	2	2	2	0	1	1	0	0
Arkanoid Returns	Arkanoid Returns	306	0	0	0	0	0	0	0	0	0	1	1	16	1	0	0	0	1	0	1	0	2	2	0	4	1	0	0	0	0	0	0	0	1	2	2	2	2	2	0	1	1	0	0
Armed Fighter	Armed Fighter	310	0	0	0	0	0	0	0	0	0	1	1	16	1	0	0	0	1	0	1	0	0	1	0	5	0	1	0	0	0	0	0	0	1	2	0	0	0	0	0	0	0	0	0
Armored Core - MoA (Disc 1)	Armored Core - MoA (Disc 1)	310	0	0	0	0	0	0	0	0	0	1	1	16	1	0	0	0	1	0	1	0	2	2	0	5	3	1	0	0	0	0	0	0	1	0	2	2	2	2	0	1	1	0	0
Armored Core - MoA (Disc 2)	Armored Core - MoA (Disc 2)	310	0	0	0	0	0	0	0	0	0	1	1	16	1	0	0	0	1	0	1	0	2	2	0	5	3	1	0	0	0	0	0	0	1	0	2	2	2	2	0	1	1	0	0
Armored Core - Project Phantasma	Armored Core - Project Phantasma	310	0	0	0	0	0	0	0	0	0	1	1	16	1	0	0	0	1	0	1	0	2	2	0	5	3	1	0	0	0	0	0	0	1	0	2	2	2	2	0	1	1	0	0
Armored Core	Armored Core	310	0	0	0	0	0	0	0	0	128	0	1	16	1	0	0	0	1	0	1	0	0	2	0	4	1	1	0	0	0	0	0	0	1	2	1	1	1	1	0	0	0	0	0
Armored Trooper Votoms	Armored Trooper Votoms	310	0	0	0	0	1	0	0	0	0	1	1	16	1	0	0	0	1	0	1	0	0	2	0	4	0	1	0	0	0	0	0	0	1	2	2	2	2	2	0	1	1	0	0
Armorines - Project SWARM	Armorines - Project SWARM	310	0	0	0	0	0	0	0	0	128	0	1	16	1	0	0	0	1	0	1	0	0	2	0	4	0	1	0	0	0	0	0	0	1	2	2	2	2	2	0	1	1	0	0
Army Men - Air Attack 2	Army Men - Air Attack 2	306	0	0	0	0	1	0	0	0	192	0	0	16	1	0	0	0	1	0	1	0	0	1	0	0	0	0	0	0	0	0	0	0	1	2	2	2	2	2	0	1	1	0	0
Army Men - Air Attack	Army Men - Air Attack	310	0	0	0	0	0	0	0	0	8	0	1	16	1	0	0	0	1	0	1	0	1	2	0	0	3	1	0	0	0	0	0	0	1	2	2	2	2	2	0	1	1	0	0
Army Men - Green Rogue	Army Men - Green Rogue	306	0	0	0	0	0	0	0	0	0	1	1	16	1	0	0	0	1	0	1	0	2	2	0	4	3	0	0	0	0	0	0	0	1	0	2	2	2	2	0	1	1	0	0
Army Men - Land Sea & Air	Army Men - Land Sea & Air	270	0	0	0	0	0	0	0	0	0	0	0	16	1	0	0	0	1	0	1	0	1	1	0	3	1	0	0	0	0	0	0	0	1	2	2	2	2	2	0	1	1	0	0
Army Men - Land Sea Air	Army Men - Land Sea Air	306	0	0	0	0	1	0	0	0	208	1	0	16	1	0	0	0	1	0	1	0	1	1	0	4	0	0	0	0	0	0	0	0	1	2	2	2	2	2	0	1	1	0	0
Army Men - Lock 'n' Load	Army Men - Lock 'n' Load	306	0	0	0	0	0	0	0	0	0	1	1	16	1	0	0	0	1	0	1	0	2	2	0	4	1	0	0	0	0	0	0	0	1	0	2	2	2	2	0	1	1	0	0
Army Men - Omega Soldier	Army Men - Omega Soldier	306	0	0	0	0	0	0	0	0	208	1	1	16	1	0	0	0	1	0	1	0	1	1	0	4	1	0	0	0	0	0	0	0	1	2	2	2	2	2	0	1	1	0	0
Army Men - Operation Meltdown	Army Men - Operation Meltdown	270	0	0	0	0	1	0	0	0	208	0	0	16	1	0	0	0	1	0	1	0	1	1	0	3	1	0	0	0	0	0	0	0	1	2	2	2	2	2	0	1	1	0	0
Army Men - Sarge's Heroes	Army Men - Sarge's Heroes	306	0	0	0	0	1	0	0	0	208	1	1	16	1	0	0	0	1	0	1	0	1	1	0	4	3	0	0	0	0	0	0	0	1	2	2	2	2	2	0	1	1	0	0
Army Men - Team Assault	Army Men - Team Assault	270	0	0	0	0	0	0	0	0	0	0	0	16	1	0	0	0	1	0	1	0	1	1	0	3	1	0	0	0	0	0	0	0	1	2	2	2	2	2	0	1	1	0	0
Army Men - World War FF	Army Men - World War FF	310	0	0	0	0	0	0	0	0	0	1	1	16	1	0	0	0	1	0	1	0	2	2	0	4	3	1	0	0	0	0	0	0	1	0	2	2	2	2	0	1	1	0	0
Army Men - World War LSA	Army Men - World War LSA	310	0	0	0	0	0	0	0	0	0	1	1	16	1	0	0	0	1	0	1	0	2	2	0	4	3	0	0	0	0	0	0	0	1	0	2	2	2	2	0	1	1	0	0
Army Men - World War TA	Army Men - World War TA	310	0	0	0	0	0	0	0	0	128	0	0	16	1	0	0	0	1	0	1	0	2	2	0	0	3	0	0	0	0	0	0	0	1	0	2	2	2	2	0	1	1	0	0
Army Men - World War	Army Men - World War	310	0	0	0	0	0	0	0	0	0	1	1	16	1	0	0	0	1	0	1	0	2	2	0	4	3	1	0	0	0	0	0	0	1	0	2	2	2	2	0	1	1	0	0
Army Men 3D	Army Men 3D	310	0	0	0	0	0	0	0	0	208	1	1	16	1	0	0	0	1	0	1	0	1	1	0	3	1	0	0	0	0	0	0	0	1	2	2	2	2	2	0	1	1	0	0
Army Men World War - Land Sea Air	Army Men World War - Land Sea Air	270	0	0	0	0	1	0	0	0	208	0	0	16	1	0	0	0	1	0	1	0	1	1	0	3	1	0	0	0	0	0	0	0	1	2	2	2	2	2	0	1	1	0	0
Art Camion	Art Camion	310	0	0	0	0	0	0	0	0	0	1	1	16	1	0	0	0	1	0	1	0	2	2	0	4	3	0	0	0	0	0	0	0	1	0	2	2	2	2	0	1	1	0	0
Art Truck Battle 2	Art Truck Battle 2	310	0	0	0	0	0	0	0	0	0	1	1	16	1	0	0	0	1	0	1	0	0	2	0	5	0	1	0	0	0	0	0	0	1	2	2	2	2	2	0	1	1	0	0
Art Truck Battle	Art Truck Battle	310	0	0	0	0	0	0	0	0	128	0	0	16	1	0	0	0	1	0	1	0	1	2	0	5	0	1	0	0	0	0	0	0	1	2	0	0	0	0	0	0	0	0	0
Arthur to Astaroth	Arthur to Astaroth	310	0	0	0	0	0	0	0	0	0	1	1	16	1	0	0	0	1	0	1	0	1	2	0	3	1	0	0	0	0	0	0	0	1	0	0	0	0	0	0	0	0	0	0
Assault - Retribution	Assault - Retribution	310	0	0	0	0	0	0	0	0	192	0	1	16	1	0	0	0	1	0	1	0	0	2	0	0	0	1	0	0	0	0	0	0	1	2	2	2	2	2	0	1	1	0	0
Assault Rigs	Assault Rigs	310	0	0	0	0	0	0	0	0	128	0	0	16	1	0	0	0	1	0	1	0	1	2	0	3	1	1	0	0	0	0	0	0	1	2	0	0	0	0	0	1	1	0	0
Assault Suits Valken 2	Assault Suits Valken 2	310	0	0	0	0	0	0	0	0	0	1	1	16	1	0	0	0	1	0	1	0	1	2	0	3	1	0	0	0	0	0	0	0	1	0	2	2	2	2	0	1	1	0	0
Assault	Assault	310	0	0	0	0	0	0	0	0	200	0	1	16	1	0	0	0	1	0	1	0	1	2	0	1	2	0	0	0	0	0	0	0	1	2	0	0	0	0	0	0	0	0	0
Asteroids	Asteroids	310	0	0	0	0	0	0	0	0	128	0	1	16	1	0	0	0	1	0	1	0	1	2	0	1	0	1	0	0	0	0	0	0	1	2	2	2	2	2	0	1	1	0	0
Asuka 120 Excellent - Burning Fest	Asuka 120 Excellent - Burning Fest	310	0	0	0	0	0	0	0	0	0	1	1	16	1	0	0	0	1	1	1	0	1	2	1	1	0	1	0	0	0	0	0	0	1	2	0	0	0	0	0	0	0	0	0
Asuka 120 Excellent - Burning Remixes	Asuka 120 Excellent - Burning Remixes	310	0	0	0	0	0	0	0	0	0	1	1	16	1	0	0	0	1	1	1	0	1	2	1	1	0	1	0	0	0	0	0	0	1	2	0	0	0	0	0	0	0	0	0
Asuka 120 Final - Burning Fest	Asuka 120 Final - Burning Fest	310	0	0	0	0	0	0	0	0	128	0	1	16	1	0	0	0	1	1	1	0	1	2	1	1	0	1	0	0	0	0	0	0	1	2	2	2	2	2	0	1	1	0	0
Asuka 120 Special - Burning Fest	Asuka 120 Special - Burning Fest	310	0	0	0	0	0	0	0	0	128	0	1	16	1	0	0	0	1	1	1	0	1	2	1	1	0	1	0	0	0	0	0	0	1	2	0	0	0	0	0	0	0	0	0
Asuka 120 Special - Burning Remixes	Asuka 120 Special - Burning Remixes	310	0	0	0	0	0	0	0	0	128	0	1	16	1	0	0	0	1	1	1	0	1	2	1	1	0	1	0	0	0	0	0	0	1	2	0	0	0	0	0	0	0	0	0
Asuncia	Asuncia	310	0	0	0	0	0	0	0	0	0	1	1	16	1	0	0	0	1	0	1	0	1	2	0	1	1	1	0	0	0	0	0	0	1	2	0	0	0	0	0	0	0	0	0
Atari Anniversary Redux	Atari Anniversary Redux	310	0	0	0	0	0	0	0	0	128	0	0	16	1	0	0	0	1	0	1	0	1	2	0	2	1	0	0	0	0	0	0	0	1	2	2	2	2	2	0	1	1	0	0
Atlantis - Lost Tales (Disc 1)	Atlantis - Lost Tales (Disc 1)	310	0	0	0	0	0	0	0	0	0	1	1	16	1	0	0	0	1	0	1	0	1	2	0	2	0	1	0	0	0	0	0	0	1	2	0	0	0	0	0	0	0	0	0
Atlantis - Lost Tales (Disc 2)	Atlantis - Lost Tales (Disc 2)	310	0	0	0	0	0	0	0	0	0	1	1	16	1	0	0	0	1	0	1	0	1	2	0	2	0	1	0	0	0	0	0	0	1	2	0	0	0	0	0	0	0	0	0
Atlantis - Lost Tales (Disc 3)	Atlantis - Lost Tales (Disc 3)	310	0	0	0	0	0	0	0	0	0	1	1	16	1	0	0	0	1	0	1	0	1	2	0	2	0	1	0	0	0	0	0	0	1	2	0	0	0	0	0	0	0	0	0
Attack of the Saucerman	Attack of the Saucerman	310	0	0	0	0	0	0	0	0	128	0	1	16	1	0	0	0	1	0	1	0	1	2	0	3	1	1	0	0	0	0	0	0	1	2	2	2	2	2	0	0	0	0	0
ATV - Quad Power Racing	ATV - Quad Power Racing	310	0	0	0	0	0	0	0	0	0	1	1	16	1	0	0	0	1	0	1	0	2	2	0	4	3	1	0	0	0	0	0	0	1	0	2	2	2	2	0	1	1	0	0
ATV Mania	ATV Mania	310	0	0	0	0	0	0	0	0	128	0	0	16	1	0	0	0	1	0	1	0	0	2	0	1	0	1	0	0	0	0	0	0	1	2	2	2	2	2	0	1	1	0	0
ATV Racers	ATV Racers	310	0	0	0	0	0	0	0	0	128	0	0	16	1	0	0	0	1	0	1	0	0	2	0	1	0	1	0	0	0	0	0	0	1	2	2	2	2	2	0	1	1	0	0
Austin Powers Pinball	Austin Powers Pinball	310	0	0	0	0	0	0	0	0	128	0	1	16	1	0	0	0	1	0	1	0	2	2	0	2	3	1	0	0	0	0	0	0	1	2	2	2	2	2	0	1	1	0	0
Auto Destruct	Auto Destruct	310	0	0	0	0	1	0	0	0	192	0	1	16	1	0	0	0	1	0	1	0	0	2	0	1	3	1	0	0	0	0	0	0	1	2	0	0	0	0	0	0	0	0	0
Autobahn Raser II	Autobahn Raser II	310	0	0	0	0	0	0	0	0	128	0	0	16	1	0	0	0	1	0	1	0	0	2	0	1	0	1	0	0	0	0	0	0	1	2	2	2	2	2	0	1	1	0	0
Ayrton Senna Kart Duel 2	Ayrton Senna Kart Duel 2	310	0	0	0	0	0	0	0	0	128	0	1	16	1	0	0	0	1	0	1	0	2	2	0	1	3	1	0	0	0	0	0	0	1	0	2	2	2	2	0	1	1	0	0
Ayrton Senna Kart Duel	Ayrton Senna Kart Duel	310	0	0	0	0	0	0	0	0	0	1	1	16	1	0	0	0	1	0	1	0	1	2	0	4	1	1	0	0	0	0	0	0	1	2	0	0	0	0	0	0	0	0	0
Aztec	Aztec	310	0	0	0	0	0	0	0	0	0	1	1	16	1	0	0	0	1	0	1	0	1	2	0	1	0	0	0	0	0	0	0	0	1	2	0	0	0	0	0	0	0	0	0
Azure Dreams	Azure Dreams	310	0	0	0	0	0	0	0	0	128	0	1	16	1	0	0	0	1	0	1	0	1	2	0	3	0	1	0	0	0	0	0	0	1	2	0	0	0	0	0	0	0	0	0
B-Movie	B-Movie	270	0	0	0	0	0	0	0	0	0	0	1	16	1	0	0	0	1	0	1	0	2	2	0	3	1	0	0	0	0	0	0	0	1	0	2	2	2	2	0	1	1	0	0
B.L.U.E. - Legend of Water	B.L.U.E. - Legend of Water	310	0	0	0	0	0	0	0	0	128	0	0	16	1	0	0	0	1	0	1	0	0	2	0	4	1	1	0	0	0	0	0	0	1	2	0	0	0	0	0	0	0	0	0
Baby Felix Tennis	Baby Felix Tennis	310	0	0	0	0	0	0	0	0	128	0	1	16	1	0	0	0	1	0	1	0	0	2	0	0	0	1	0	0	0	0	0	0	1	2	2	2	2	2	0	1	1	0	0
Backstreet Billiards	Backstreet Billiards	310	0	0	0	0	0	0	0	0	0	1	1	16	1	0	0	0	1	0	1	0	0	2	0	3	1	1	0	0	0	0	0	0	1	0	0	0	0	0	0	0	0	0	0
Backyard Soccer	Backyard Soccer	310	0	0	0	0	0	0	0	0	128	0	0	16	1	0	0	0	1	0	1	0	1	2	0	4	0	1	0	0	0	0	0	0	1	2	2	2	2	2	0	1	1	0	0
Bakusou Kyoudai - Eternal Wings	Bakusou Kyoudai - Eternal Wings	310	0	0	0	0	0	0	0	0	8	1	0	16	1	0	0	0	1	0	1	0	0	2	0	0	3	1	0	0	0	0	0	0	1	2	2	2	2	2	0	1	1	0	0
Baldies	Baldies	310	0	0	0	0	0	0	0	0	0	1	1	16	1	0	0	0	1	0	1	0	1	2	0	1	1	1	0	0	0	0	0	0	1	2	0	0	0	0	0	0	0	0	0
Baldur's Gate (Disc 1)	Baldur's Gate (Disc 1)	310	0	0	0	0	0	0	0	0	0	1	1	16	1	0	0	0	1	0	1	0	1	2	0	3	1	1	0	0	0	0	0	0	1	2	0	0	0	0	0	0	0	0	0
Baldur's Gate (Disc 2)	Baldur's Gate (Disc 2)	306	0	0	0	0	0	0	0	0	0	1	1	16	1	0	0	0	1	0	1	0	1	2	0	3	1	1	0	0	0	0	0	0	1	2	0	0	0	0	0	0	0	0	0
Baldur's Gate (Disc 3)	Baldur's Gate (Disc 3)	306	0	0	0	0	0	0	0	0	0	1	1	16	1	0	0	0	1	0	1	0	1	2	0	3	1	1	0	0	0	0	0	0	1	2	0	0	0	0	0	0	0	0	0
Ball Breakers	Ball Breakers	310	0	0	0	0	0	0	0	0	0	1	0	16	1	0	0	0	1	0	1	0	0	2	0	4	0	1	0	0	0	0	0	0	1	2	2	2	2	2	0	1	1	0	0
Ballblazer Champions	Ballblazer Champions	310	0	0	0	0	1	0	0	0	24	1	1	16	1	0	0	0	1	0	1	0	1	2	0	4	0	1	0	0	0	0	0	0	1	2	0	0	0	0	0	0	0	0	0
Ballerburg - Castle Chaos	Ballerburg - Castle Chaos	310	0	0	0	0	1	0	0	0	128	0	1	16	1	0	0	0	1	0	1	0	0	2	0	1	0	1	0	0	0	0	0	0	1	2	2	2	2	2	0	1	1	0	0
Ballerburg	Ballerburg	310	0	0	0	0	1	0	0	0	128	0	1	16	1	0	0	0	1	0	1	0	0	2	0	1	3	1	0	0	0	0	0	0	1	2	2	2	2	2	0	0	0	0	0
Ballistic	Ballistic	310	0	0	0	0	0	0	0	0	0	1	1	16	1	0	0	0	1	0	1	0	1	2	0	3	1	1	0	0	0	0	0	0	1	2	2	2	2	2	0	1	1	0	0
Baroque	Baroque	310	0	0	0	0	0	0	0	0	128	0	1	16	1	0	0	0	1	0	1	0	1	2	0	3	0	0	0	0	0	0	0	0	1	2	2	2	2	2	0	1	1	0	0
Bases Loaded '96 - Double Header	Bases Loaded '96 - Double Header	310	0	0	0	0	0	0	0	0	0	1	1	16	1	0	0	0	1	0	1	0	1	2	0	1	0	1	0	0	0	0	0	0	1	2	0	0	0	0	0	0	0	0	0
Bass Landing	Bass Landing	310	0	0	0	0	0	0	0	0	128	0	0	16	1	0	0	0	1	0	1	0	1	2	0	4	0	1	0	0	0	0	0	0	1	2	2	2	2	2	0	1	1	0	0
Bass Rise	Bass Rise	310	0	0	0	0	0	0	0	0	128	0	0	16	1	0	0	0	1	0	1	0	1	2	0	4	0	1	0	0	0	0	0	0	1	2	2	2	2	2	0	1	1	0	0
Batman & Robin	Batman & Robin	310	0	0	0	0	1	0	0	0	0	1	1	16	1	0	0	0	1	0	1	0	0	2	0	4	0	1	0	0	0	0	0	0	1	2	2	2	2	2	0	1	1	0	0
Batman - Gotham City Racer	Batman - Gotham City Racer	310	0	0	0	0	0	0	1	0	128	0	0	16	1	0	0	0	1	1	1	0	0	2	0	4	3	1	0	0	0	0	0	0	1	2	2	2	2	2	0	1	1	0	0
Batman Beyond - Return of Joker	Batman Beyond - Return of Joker	310	0	0	0	0	0	0	0	0	0	1	1	16	1	0	0	0	1	0	1	0	1	2	0	5	0	1	0	0	0	0	0	0	1	2	2	2	2	2	0	1	1	0	0
Batman Forever	Batman Forever	310	0	1	0	0	1	0	0	0	0	1	0	16	1	0	0	0	1	0	1	0	1	2	0	2	0	1	0	0	0	0	0	0	1	2	0	0	0	0	0	1	1	0	0
Battle Arena Nitoushinden	Battle Arena Nitoushinden	310	0	0	0	0	0	0	0	0	0	0	0	16	1	0	0	0	1	0	1	0	1	2	0	4	0	0	0	0	0	0	0	0	1	0	0	0	0	0	0	0	0	0	0
Battle Arena Toshinden 2 Plus	Battle Arena Toshinden 2 Plus	310	0	0	0	0	0	0	0	0	128	0	1	16	1	0	0	0	1	0	1	0	1	2	0	4	0	1	0	0	0	0	0	0	1	2	0	0	0	0	0	0	0	0	0
Battle Arena Toshinden 3	Battle Arena Toshinden 3	310	0	0	0	0	0	0	0	0	64	1	1	16	1	0	0	0	1	0	1	0	1	2	0	4	3	1	0	0	0	0	0	0	1	2	2	2	2	2	0	1	1	0	0
Battle Arena Toshinden 4 - Subaru	Battle Arena Toshinden 4 - Subaru	310	0	0	1	0	1	0	0	0	0	1	1	16	1	0	0	0	1	0	1	0	2	2	0	4	0	1	0	0	0	0	0	0	1	0	2	2	2	2	0	1	1	0	0
Battle Arena Toshinden 4	Battle Arena Toshinden 4	310	0	0	0	0	0	0	0	0	128	0	1	16	1	0	0	0	1	0	1	0	0	0	0	3	0	0	0	0	0	0	0	0	1	2	2	2	2	2	0	1	1	0	0
Battle Arena Toshinden	Battle Arena Toshinden	310	0	0	0	0	0	0	0	0	128	0	1	16	1	0	0	0	1	0	1	0	1	2	0	3	1	1	0	0	0	0	0	0	1	2	0	0	0	0	0	0	0	0	0
Battle Hunter	Battle Hunter	310	0	0	0	0	0	0	0	0	0	1	1	16	1	0	0	0	1	0	1	0	1	2	0	3	1	1	0	0	0	0	0	0	1	2	0	0	0	0	0	0	0	0	0
Battle Qix	Battle Qix	310	0	0	0	0	0	0	0	0	0	1	1	16	1	0	0	0	1	0	1	0	1	2	0	1	0	1	0	0	0	0	0	0	1	2	0	0	0	0	0	0	0	0	0
Battle Stations	Battle Stations	310	0	0	0	0	0	0	0	0	0	1	1	16	1	0	0	0	1	0	1	0	1	2	0	4	0	1	0	0	0	0	0	0	1	2	0	0	0	0	0	0	0	0	0
Battlesport	Battlesport	310	0	0	0	0	0	0	0	0	128	0	1	16	1	0	0	0	1	0	1	0	1	2	0	4	1	0	0	0	0	0	0	0	1	0	0	0	0	0	0	0	0	0	0
BattleTanx - Global Assault	BattleTanx - Global Assault	270	0	0	0	0	1	0	0	0	192	0	1	16	1	0	0	0	1	0	1	0	2	2	0	3	1	0	0	0	0	0	0	0	1	2	2	2	2	2	0	1	1	0	0
Beast Wars - Transformers	Beast Wars - Transformers	310	0	0	0	0	0	0	0	0	0	1	1	16	1	0	0	0	1	0	1	0	1	2	0	0	0	0	0	0	0	0	0	0	1	2	0	0	0	0	0	0	0	0	0
Beast Wars - Transmetals	Beast Wars - Transmetals	310	0	0	0	0	0	0	0	0	0	1	1	16	1	0	0	0	1	0	1	0	0	2	0	5	0	1	0	0	0	0	0	0	1	2	2	2	2	2	0	1	1	0	0
Beatmania	Beatmania	306	0	0	0	0	0	0	0	0	192	0	0	16	1	0	0	0	1	0	1	0	1	1	0	4	3	0	0	0	0	0	0	0	1	2	2	2	2	2	0	1	1	0	0
Beavis & Butt-Head - Virtual Stupidity	Beavis & Butt-Head - Virtual Stupidity	306	0	0	0	0	0	0	0	0	0	1	1	16	1	0	0	0	1	0	1	0	1	2	0	3	2	1	0	0	0	0	0	0	1	2	0	0	0	0	0	0	0	0	0
Bedlam	Bedlam	310	0	0	0	0	0	0	0	0	0	1	1	16	1	0	0	0	1	0	1	0	0	2	0	5	0	1	0	0	0	0	0	0	1	2	0	0	0	0	0	0	0	0	0
Beyblade	Beyblade	310	0	0	0	0	0	0	0	0	0	1	1	16	1	0	0	0	1	0	1	0	0	2	0	1	1	1	0	0	0	0	0	0	1	2	2	2	2	2	0	1	1	0	0
Beyond the Beyond	Beyond the Beyond	310	0	0	0	0	0	0	0	0	0	1	1	16	1	0	0	0	1	0	1	0	1	2	0	3	1	0	0	0	0	0	0	0	1	0	0	0	0	0	0	0	0	0	0
Big Air	Big Air	310	0	0	0	0	0	0	0	0	128	0	0	16	1	0	0	0	1	0	1	0	1	2	0	1	0	1	0	0	0	0	0	0	1	2	0	0	0	0	0	0	0	0	0
Big Challenge Golf - Tokyo CC	Big Challenge Golf - Tokyo CC	310	0	0	0	0	0	0	0	0	128	0	0	16	1	0	0	0	1	0	1	0	1	2	0	0	0	1	0	0	0	0	0	0	1	2	0	0	0	0	0	0	0	0	0
Big Challenge Golf - Tokyo YCC	Big Challenge Golf - Tokyo YCC	310	0	0	0	0	0	0	0	0	128	0	1	16	1	0	0	0	1	0	1	0	1	2	0	0	1	1	0	0	0	0	0	0	1	2	0	0	0	0	0	0	0	0	0
Big Strike Bowling	Big Strike Bowling	310	0	0	0	0	0	0	0	0	0	1	1	16	1	0	0	0	1	0	1	0	0	2	0	4	0	1	0	0	0	0	0	0	1	2	2	2	2	2	0	1	1	0	0
Billiards	Billiards	310	0	0	0	0	0	0	0	0	0	1	1	16	1	0	0	0	1	0	1	0	1	2	0	4	1	1	0	0	0	0	0	0	1	2	0	0	0	0	0	0	0	0	0
Bio FREAKS	Bio FREAKS	310	0	0	0	0	0	0	0	0	128	0	1	16	1	0	0	0	1	0	1	0	0	2	0	4	0	1	0	0	0	0	0	0	1	2	0	0	0	0	0	0	0	0	0
Bishi Bashi Special	Bishi Bashi Special	310	0	0	0	0	0	0	0	0	128	0	1	16	1	0	0	0	1	0	1	0	0	2	0	1	0	1	0	0	0	0	0	0	1	2	2	2	2	2	0	1	1	0	0
Black Bass with Blue Marlin	Black Bass with Blue Marlin	310	0	0	0	0	0	0	0	0	128	0	1	16	1	0	0	0	1	0	1	0	1	2	0	0	1	1	0	0	0	0	0	0	1	2	2	2	2	2	0	1	1	0	0
Black Dawn	Black Dawn	310	0	0	0	0	0	0	0	0	0	1	0	16	1	0	0	0	1	0	1	0	0	2	0	4	0	1	0	0	0	0	0	0	1	2	0	0	0	0	0	0	0	0	0
Blade	Blade	310	0	0	0	0	0	0	0	0	0	1	1	16	1	0	0	0	1	0	1	0	1	1	0	4	0	1	0	0	0	0	0	0	1	2	2	2	2	2	0	1	1	0	0
Blam - Machine Head	Blam - Machine Head	310	0	0	0	0	0	0	0	0	0	1	1	16	1	0	0	0	1	0	1	0	1	2	0	3	1	1	0	0	0	0	0	0	1	2	0	0	0	0	0	0	0	0	0
Blast Chamber	Blast Chamber	310	0	0	0	0	0	0	0	0	128	1	1	16	1	0	0	0	1	0	1	0	1	2	0	4	0	0	0	0	0	0	0	0	1	2	0	0	0	0	0	0	0	0	0
Blast Lacrosse	Blast Lacrosse	310	0	0	0	0	0	0	0	0	128	0	0	16	1	0	0	0	1	0	1	0	0	2	0	0	1	1	0	0	0	0	0	0	1	2	2	2	2	2	0	1	1	0	0
Blast Radius	Blast Radius	310	0	0	0	0	0	0	0	0	64	0	1	16	1	0	0	0	1	0	1	0	1	2	0	3	1	0	0	0	0	0	0	0	1	0	2	2	2	2	0	1	1	0	0
Blaster Master - Blasting Again	Blaster Master - Blasting Again	310	0	0	0	0	0	0	0	0	0	1	1	16	1	0	0	0	1	0	1	0	1	1	0	5	0	1	0	0	0	0	0	0	1	2	0	0	0	0	0	0	0	0	0
Blaster Master	Blaster Master	270	0	0	0	0	0	0	0	0	128	1	1	16	1	0	0	0	1	0	1	0	2	2	0	3	1	0	0	0	0	0	0	0	1	0	2	2	2	2	0	0	0	0	0
Blasto	Blasto	306	0	0	0	0	0	0	0	0	200	0	1	16	1	0	0	0	1	0	1	0	2	2	0	3	1	0	0	0	0	0	0	0	1	0	2	2	2	2	0	1	1	0	0
Blaze and Blade - Eternal Quest	Blaze and Blade - Eternal Quest	310	0	0	0	0	0	0	0	0	0	1	1	16	1	0	0	0	1	0	1	0	1	2	0	3	0	1	0	0	0	0	0	0	1	2	0	0	0	0	0	0	0	0	0
Blazing Dragons	Blazing Dragons	310	0	0	0	0	0	0	0	0	0	1	1	16	1	0	0	0	1	0	1	0	1	2	0	3	1	1	0	0	0	0	0	0	1	2	0	0	0	0	0	0	0	0	0
Block & Switch	Block & Switch	310	0	0	0	0	0	0	0	0	0	1	1	16	1	0	0	0	1	0	1	0	1	2	0	1	1	1	0	0	0	0	0	0	1	2	0	0	0	0	0	0	0	0	0
Block Buster	Block Buster	310	0	0	0	0	0	0	0	0	128	0	1	16	1	0	0	0	1	0	1	0	0	2	0	3	1	1	0	0	0	0	0	0	1	2	0	0	0	0	0	1	1	0	0
Block Kuzushi - Deden no Gyakushuu	Block Kuzushi - Deden no Gyakushuu	310	0	0	0	0	0	0	0	0	128	0	0	16	1	0	0	0	1	0	1	0	1	2	0	0	1	1	0	0	0	0	0	0	1	0	0	0	0	0	0	0	0	0	0
Block Kuzushi - Kowashite Help!	Block Kuzushi - Kowashite Help!	310	0	0	0	0	0	0	0	0	128	0	0	16	1	0	0	0	1	0	1	0	1	2	0	0	1	1	0	0	0	0	0	0	1	2	0	0	0	0	0	0	0	0	0
Block Kuzushi 2	Block Kuzushi 2	310	0	0	0	0	0	0	0	0	128	0	0	16	1	0	0	0	1	0	1	0	1	2	0	0	1	1	0	0	0	0	0	0	1	2	0	0	0	0	0	0	0	0	0
Block Wars	Block Wars	310	0	0	0	0	0	0	0	0	0	1	1	16	1	0	0	0	1	0	1	0	1	2	0	3	1	1	0	0	0	0	0	0	1	2	0	0	0	0	0	0	0	0	0
Blockids	Blockids	310	0	0	0	0	0	0	0	0	128	0	0	16	1	0	0	0	1	0	1	0	0	2	0	0	1	1	0	0	0	0	0	0	1	2	0	0	0	0	0	0	0	0	0
Bloody Roar	Bloody Roar	310	0	0	0	0	1	0	0	0	0	1	1	16	1	0	0	0	1	0	1	0	0	2	0	2	0	1	0	0	0	0	0	0	1	2	2	2	2	2	0	1	1	0	0
Blue Breaker Burst - Egao	Blue Breaker Burst - Egao	310	0	0	0	0	0	0	0	0	0	1	1	16	1	0	0	0	1	0	1	0	0	1	0	4	0	1	0	0	0	0	0	0	1	2	2	2	2	2	0	1	1	0	0
Blue Breaker Burst - Hohoemi	Blue Breaker Burst - Hohoemi	310	0	0	0	0	0	0	0	0	0	1	1	16	1	0	0	0	1	0	1	0	0	1	0	4	0	1	0	0	0	0	0	0	1	2	2	2	2	2	0	1	1	0	0
Blue Breaker	Blue Breaker	310	0	0	0	0	0	0	0	0	128	0	0	16	1	0	0	0	1	0	1	0	1	2	0	4	1	1	0	0	0	0	0	0	1	2	0	0	0	0	0	0	0	0	0
Bokan Desu Yo	Bokan Desu Yo	310	0	0	0	0	0	0	0	0	128	0	1	16	1	0	0	0	1	0	1	0	1	2	0	3	1	1	0	0	0	0	0	0	1	2	0	0	0	0	0	1	1	0	0
Bokan GoGoGo	Bokan GoGoGo	310	0	0	0	0	0	0	0	0	0	1	1	16	1	0	0	0	1	0	1	0	0	2	0	4	0	1	0	0	0	0	0	0	1	2	2	2	2	2	0	1	1	0	0
Bokan to Ippatsu! Doronboo	Bokan to Ippatsu! Doronboo	310	0	0	0	0	0	0	0	0	128	0	0	16	1	0	0	0	1	0	1	0	1	2	0	3	1	0	0	0	0	0	0	0	1	0	0	0	0	0	0	1	1	0	0
Bomberman Fantasy Race	Bomberman Fantasy Race	310	0	0	0	0	0	0	0	0	0	1	1	16	1	0	0	0	1	0	1	0	2	2	0	4	3	1	0	0	0	0	0	0	1	0	0	0	0	0	0	0	0	0	0
Bomberman Wars	Bomberman Wars	310	0	0	0	0	0	0	0	0	128	0	1	16	1	0	0	0	1	0	1	0	1	2	0	3	2	1	0	0	0	0	0	0	1	2	0	0	0	0	0	0	0	0	0
Bomberman World	Bomberman World	310	0	0	0	0	0	0	0	0	0	1	1	16	1	0	0	0	1	0	1	0	1	2	0	3	1	0	0	0	0	0	0	0	1	0	0	0	0	0	0	0	0	0	0
Bomberman	Bomberman	310	0	0	0	0	0	0	0	0	0	1	1	16	1	0	0	0	1	0	1	0	1	2	0	3	1	0	0	0	0	0	0	0	1	2	0	0	0	0	0	0	0	0	0
Bombing Islands	Bombing Islands	306	0	0	0	0	0	0	0	0	0	1	1	16	1	0	0	0	1	0	1	0	2	2	0	4	1	0	0	0	0	0	0	0	1	0	2	2	2	2	0	1	1	0	0
Bomboat	Bomboat	310	0	0	0	0	0	0	0	0	128	0	0	16	1	0	0	0	1	0	1	0	1	2	0	1	1	1	0	0	0	0	0	0	1	2	0	0	0	0	0	0	0	0	0
BoomBots	BoomBots	310	0	0	0	0	1	0	0	0	0	1	1	16	1	0	0	0	1	0	1	0	0	2	0	5	0	0	0	0	0	0	0	0	1	2	2	2	2	2	0	1	1	0	0
Brahma Force	Brahma Force	310	0	0	0	0	0	0	0	0	0	1	1	16	1	0	0	0	1	0	1	0	1	2	0	4	0	1	0	0	0	0	0	0	1	2	2	2	2	2	0	1	1	0	0
BrainDead 13 (Disc 1)	BrainDead 13 (Disc 1)	306	0	0	0	0	0	0	0	0	0	1	1	16	1	0	0	0	1	0	1	0	2	2	0	3	2	0	0	0	0	0	0	0	1	0	0	0	0	0	0	0	0	0	0
BrainDead 13 (Disc 2)	BrainDead 13 (Disc 2)	306	0	0	0	0	0	0	0	0	0	1	1	16	1	0	0	0	1	0	1	0	2	2	0	3	2	0	0	0	0	0	0	0	1	0	0	0	0	0	0	0	0	0	0
Brave Fencer Musashi	Brave Fencer Musashi	310	0	0	0	0	1	0	0	0	16	1	1	16	1	0	0	0	1	0	1	0	0	1	0	5	3	1	0	0	0	0	0	0	1	2	2	2	2	2	0	1	1	0	0
Brave Prove	Brave Prove	310	0	0	0	0	0	0	0	0	0	1	1	16	1	0	0	0	1	0	1	0	1	2	0	1	0	1	0	0	0	0	0	0	1	2	0	0	0	0	0	0	0	0	0
Bravo Air Race	Bravo Air Race	310	0	0	0	0	0	0	0	0	128	0	0	16	1	0	0	0	1	0	1	0	1	2	0	1	0	1	0	0	0	0	0	0	1	2	0	0	0	0	0	0	0	0	0
Break Out	Break Out	310	0	0	0	0	0	0	0	0	128	0	0	16	1	0	0	0	1	0	1	0	0	2	0	0	1	1	0	0	0	0	0	0	1	2	2	2	2	2	0	1	1	0	0
Break Point	Break Point	310	0	0	0	0	0	0	0	0	128	0	1	16	1	0	0	0	1	0	1	0	0	2	0	1	0	1	0	0	0	0	0	0	1	2	0	0	0	0	0	0	0	0	0
Break Thru!	Break Thru!	310	0	0	0	0	0	0	0	0	192	0	1	16	1	0	0	0	1	0	1	0	2	2	0	3	3	1	0	0	0	0	0	0	1	0	0	0	0	0	0	0	0	0	0
Break Volley	Break Volley	310	0	0	0	0	0	0	0	0	0	1	1	16	1	0	0	0	1	0	1	0	1	2	0	4	1	1	0	0	0	0	0	0	1	2	2	2	2	2	0	1	1	0	0
Breath of Fire III	Breath of Fire III	310	0	0	0	0	0	0	0	0	0	1	1	16	1	0	0	0	1	0	1	0	1	2	0	4	1	1	0	0	0	0	0	0	1	2	0	0	0	0	0	0	0	0	0
Breath of Fire IV	Breath of Fire IV	310	0	0	0	0	0	0	0	0	0	1	1	16	1	0	0	0	1	0	1	0	0	2	0	4	0	1	0	0	0	0	0	0	1	2	0	0	0	0	0	1	1	0	0
Breed Master	Breed Master	310	0	0	0	0	0	0	0	0	0	1	1	16	1	0	0	0	1	0	1	0	1	2	0	4	0	1	0	0	0	0	0	0	1	2	2	2	2	2	0	1	1	0	0
Brian Lara Cricket	Brian Lara Cricket	310	0	0	0	0	0	0	0	0	0	1	1	16	1	0	0	0	1	0	1	0	0	2	0	4	0	1	0	0	0	0	0	0	1	2	0	0	0	0	0	0	0	0	0
Brigandine - Grand Cross (Disc 1)	Brigandine - Grand Cross (Disc 1)	310	0	0	0	0	0	0	0	0	24	1	1	16	1	0	0	0	1	0	1	0	1	2	0	1	0	1	0	0	0	0	0	0	1	2	2	2	2	2	0	1	1	0	0
Brigandine - Grand Cross (Disc 2)	Brigandine - Grand Cross (Disc 2)	310	0	0	0	0	0	0	0	0	24	1	1	16	1	0	0	0	1	0	1	0	1	2	0	1	0	1	0	0	0	0	0	0	1	2	2	2	2	2	0	1	1	0	0
Brightis	Brightis	310	0	0	0	0	0	0	0	0	128	0	1	16	1	0	0	0	1	0	1	0	0	2	0	1	1	1	0	0	0	0	0	0	1	2	2	2	2	2	0	1	1	0	0
Broken Helix	Broken Helix	310	0	0	0	0	0	0	0	0	128	0	1	16	1	0	0	0	1	0	1	0	1	2	0	0	2	1	0	0	0	0	0	0	1	2	0	0	0	0	0	1	1	0	0
Broken Sword II The Smoking Mirror	Broken Sword II The Smoking Mirror	310	0	0	0	0	0	0	0	0	128	0	1	16	1	0	0	0	1	0	1	0	1	2	0	1	1	1	0	0	0	0	0	0	1	2	0	0	0	0	0	1	1	0	0
Broken Sword	Broken Sword	310	0	0	0	0	0	0	0	0	128	0	1	16	1	0	0	0	1	0	1	0	1	2	0	1	1	1	0	0	0	0	0	0	1	2	0	0	0	0	0	1	1	0	0
Brunswick Circuit Pro Bowling 2	Brunswick Circuit Pro Bowling 2	310	0	0	0	0	0	0	0	0	128	0	0	16	1	0	0	0	1	0	1	0	1	2	0	0	1	0	0	0	0	0	0	0	1	0	2	2	2	2	0	1	1	0	0
Brunswick Circuit Pro Bowling	Brunswick Circuit Pro Bowling	310	0	0	0	0	0	0	0	0	128	0	0	16	1	0	0	0	1	0	1	0	1	2	0	0	1	0	0	0	0	0	0	0	1	0	0	0	0	0	0	0	0	0	0
Bubble Bobble & Rainbow Islands	Bubble Bobble & Rainbow Islands	310	0	0	0	0	0	0	0	0	0	1	1	16	1	0	0	0	1	0	1	0	1	2	0	3	1	1	0	0	0	0	0	0	1	2	0	0	0	0	0	0	0	0	0
Bubsy 3D - Furbitten Planet	Bubsy 3D - Furbitten Planet	310	0	0	0	0	0	0	0	0	0	1	1	16	1	0	0	0	1	0	1	0	0	2	0	0	1	1	0	0	0	0	0	0	1	2	0	0	0	0	0	0	0	0	0
Buckle Up!	Buckle Up!	310	0	0	0	0	0	0	0	0	128	0	0	16	1	0	0	0	1	0	1	0	1	2	0	0	0	1	0	0	0	0	0	0	1	2	0	0	0	0	0	0	0	0	0
Buggy	Buggy	306	0	0	0	0	0	0	0	0	0	0	0	16	1	0	0	0	1	0	1	0	1	2	0	0	0	0	0	0	0	0	0	0	1	2	2	2	2	2	0	1	1	0	0
Bugriders	Bugriders	310	0	0	0	0	0	0	0	0	128	0	0	16	1	0	0	0	1	0	1	0	0	2	0	1	1	1	0	0	0	0	0	0	1	2	0	0	0	0	0	0	0	0	0
Bugs & Taz - Time Busters	Bugs & Taz - Time Busters	310	0	0	0	0	0	0	0	0	128	0	1	16	1	0	0	0	1	0	1	0	0	1	0	5	0	0	0	0	0	0	0	0	1	2	2	2	2	2	0	1	1	0	0
Bugs Bunny & Taz - Time Busters	Bugs Bunny & Taz - Time Busters	310	0	0	0	0	0	0	0	0	128	0	1	16	1	0	0	0	1	0	1	0	0	2	0	0	3	1	0	0	0	0	0	0	1	2	2	2	2	2	0	1	1	0	0
Bugs Bunny - Lost in Time	Bugs Bunny - Lost in Time	310	0	0	0	0	1	0	0	0	0	1	1	16	1	0	0	0	1	0	1	0	1	1	0	5	3	1	0	0	0	0	0	0	1	2	2	2	2	2	0	1	1	0	0
Building Crush!	Building Crush!	310	0	0	0	0	0	0	0	0	128	0	0	16	1	0	0	0	1	0	1	0	1	2	0	1	0	1	0	0	0	0	0	0	1	2	0	0	0	0	0	0	0	0	0
Burning Road	Burning Road	310	0	0	0	0	0	0	0	0	0	0	0	16	1	0	0	0	1	0	1	0	0	2	0	4	1	1	0	0	0	0	0	0	1	2	0	0	0	0	0	0	0	0	0
BursTrick - Wake Boarding	BursTrick - Wake Boarding	310	0	0	0	0	1	0	0	0	0	1	0	16	1	0	0	0	1	0	1	0	0	2	0	4	0	1	0	0	0	0	0	0	1	2	2	2	2	2	0	1	1	0	0
Bushido Blade 2	Bushido Blade 2	310	0	0	0	0	1	0	0	0	0	1	1	16	1	0	0	0	1	0	1	0	2	2	0	4	3	0	0	0	0	0	0	0	1	0	0	0	0	0	0	0	0	0	0
Bushido Blade	Bushido Blade	310	0	0	0	0	0	0	0	0	192	0	1	16	1	0	0	0	1	0	1	0	1	1	0	4	3	0	0	0	0	0	0	0	1	0	0	0	0	0	0	0	0	0	0
Bust-A-Groove	Bust-A-Groove	310	0	0	0	0	0	0	0	0	0	0	1	16	1	0	0	0	1	0	1	0	0	2	0	0	0	1	0	0	0	0	0	0	1	2	0	0	0	0	0	0	0	0	0
Bust-A-Move 2	Bust-A-Move 2	310	0	0	0	0	0	0	0	0	0	1	1	16	1	0	0	0	1	0	1	0	1	2	0	1	0	1	0	0	0	0	0	0	1	2	0	0	0	0	0	0	0	0	0
Bust-A-Move 3 DX	Bust-A-Move 3 DX	310	0	0	0	0	0	0	0	0	0	1	1	16	1	0	0	0	1	0	1	0	1	2	0	3	1	0	0	0	0	0	0	0	1	0	0	0	0	0	0	0	0	0	0
Bust-A-Move 4	Bust-A-Move 4	310	0	0	0	0	0	0	0	0	0	1	1	16	1	0	0	0	1	0	1	0	1	2	0	3	1	0	0	0	0	0	0	0	1	0	2	2	2	2	0	1	1	0	0
Buster Bros. Collection	Buster Bros. Collection	310	0	0	0	0	0	0	0	0	0	1	1	16	0	0	0	0	1	0	1	0	0	2	0	5	0	1	0	0	0	0	0	0	1	2	0	0	0	0	0	0	0	0	0
Buttsubushi	Buttsubushi	310	0	0	0	0	0	0	0	0	0	1	1	16	1	0	0	0	1	0	1	0	1	2	0	2	0	0	0	0	0	0	0	0	1	2	2	2	2	2	1	1	1	0	0
C - The Contra Adventure	C - The Contra Adventure	310	0	0	0	0	0	0	1	0	0	0	0	16	1	0	0	0	1	0	1	0	0	2	0	4	0	1	0	0	0	0	0	0	1	2	2	2	2	2	0	1	1	0	0
C-12 - Final Resistance	C-12 - Final Resistance	310	0	0	0	0	1	0	0	0	88	1	0	16	0	0	0	0	1	0	1	0	0	1	0	1	0	1	0	0	0	0	0	0	1	2	2	2	2	2	0	1	1	0	0
C1 - Circuit	C1 - Circuit	310	0	0	0	0	0	0	0	0	0	1	1	16	1	0	0	0	1	0	1	0	2	2	0	4	0	0	0	0	0	0	0	0	1	0	0	0	0	0	0	0	0	0	0
Cabela's Big Game Hunter	Cabela's Big Game Hunter	310	0	0	0	0	0	0	0	0	0	1	1	16	1	0	0	0	1	0	1	0	0	2	0	4	0	1	0	0	0	0	0	0	1	2	2	2	2	2	0	1	1	0	0
Cabela's Ultimate Deer Hunt	Cabela's Ultimate Deer Hunt	310	0	0	0	0	0	0	0	0	0	1	1	16	1	0	0	0	1	0	1	0	0	2	0	4	0	1	0	0	0	0	0	0	1	2	2	2	2	2	0	1	1	0	0
Caesars Palace 2000 - MGE	Caesars Palace 2000 - MGE	310	0	0	0	0	0	0	0	0	0	1	1	16	1	0	0	0	1	0	1	0	1	2	0	0	1	1	0	0	0	0	0	0	1	2	2	2	2	2	0	1	1	0	0
Calcolo!	Calcolo!	310	0	0	0	0	0	0	0	0	128	0	0	16	1	0	0	0	1	0	1	0	1	2	0	4	1	1	0	0	0	0	0	0	1	2	0	0	0	0	0	0	0	0	0
California Watersports	California Watersports	310	0	0	0	0	0	0	0	0	128	0	0	16	1	0	0	0	1	0	1	0	1	2	0	1	0	1	0	0	0	0	0	0	1	2	2	2	2	2	0	1	1	0	0
Call of Cthulhu - Prisoner of Ice	Call of Cthulhu - Prisoner of Ice	310	0	0	0	0	0	0	0	0	128	0	0	16	1	0	0	0	1	0	1	0	1	2	0	1	0	1	0	0	0	0	0	0	1	2	0	0	0	0	0	0	0	0	0
Capcom G. (Blazing Guns)	Capcom G. (Blazing Guns)	310	0	0	0	0	0	0	0	0	128	0	0	16	1	0	0	0	1	0	1	0	1	2	0	1	0	1	0	0	0	0	0	0	1	2	2	2	2	2	0	1	1	0	0
Capcom G. (Chronicles of Arthur)	Capcom G. (Chronicles of Arthur)	310	0	0	0	0	0	0	0	0	128	0	0	16	1	0	0	0	1	0	1	0	1	2	0	1	0	1	0	0	0	0	0	0	1	2	2	2	2	2	0	1	1	0	0
Capcom G. (First Generation)	Capcom G. (First Generation)	310	0	0	0	0	0	0	0	0	128	0	0	16	1	0	0	0	1	0	1	0	1	2	0	2	0	1	0	0	0	0	0	0	1	2	2	2	2	2	0	1	1	0	0
Capcom G. (Street Fighter)	Capcom G. (Street Fighter)	310	0	0	0	0	0	0	0	0	128	0	0	16	1	0	0	0	1	0	1	0	0	2	0	4	0	1	0	0	0	0	0	0	1	2	0	0	0	0	0	0	0	0	0
Capcom G. (Wings of Destiny)	Capcom G. (Wings of Destiny)	310	0	0	0	0	0	0	0	0	128	0	0	16	1	0	0	0	1	0	1	0	1	2	0	1	0	1	0	0	0	0	0	0	1	2	2	2	2	2	0	1	1	0	0
Capcom vs. SNK - Millennium Fight	Capcom vs. SNK - Millennium Fight	306	0	0	0	0	0	0	0	0	128	0	1	16	1	0	0	0	1	0	1	0	1	2	0	4	3	0	0	0	0	0	0	0	1	2	2	2	2	2	0	1	1	0	0
Capcom vs. SNK Pro	Capcom vs. SNK Pro	310	0	0	0	0	0	0	0	0	128	0	1	16	1	0	0	0	1	0	1	0	0	2	0	4	0	1	0	0	0	0	0	0	1	2	2	2	2	2	0	1	1	0	0
Captain Commando	Captain Commando	310	0	0	0	0	0	0	0	0	128	0	0	16	1	0	0	0	1	0	1	0	1	2	0	3	1	1	0	0	0	0	0	0	1	2	0	0	0	0	0	0	0	0	0
Card Captor Sakura (Disc 1)	Card Captor Sakura (Disc 1)	310	0	0	0	0	0	0	0	0	0	1	1	16	1	0	0	0	1	0	1	0	0	2	0	0	1	1	0	0	0	0	0	0	1	2	0	0	0	0	0	0	0	0	0
Card Captor Sakura (Disc 2)	Card Captor Sakura (Disc 2)	310	0	0	0	0	0	0	0	0	0	1	1	16	1	0	0	0	1	0	1	0	0	2	0	0	1	1	0	0	0	0	0	0	1	2	0	0	0	0	0	0	0	0	0
Card Games	Card Games	310	0	0	0	0	0	0	0	0	0	1	1	16	1	0	0	0	1	0	1	0	2	2	0	1	1	1	0	0	0	0	0	0	1	0	2	2	2	2	0	1	1	0	0
Cardinal Syn	Cardinal Syn	310	0	0	0	0	0	0	0	0	0	1	1	16	1	0	0	0	1	0	1	0	1	2	0	4	0	1	0	0	0	0	0	0	1	2	0	0	0	0	0	0	0	0	0
Carnage Heart (Briefing - Disc 1)	Carnage Heart (Briefing - Disc 1)	310	0	0	0	0	0	0	0	0	128	0	1	16	1	0	0	0	1	0	1	0	1	2	0	1	0	1	0	0	0	0	0	0	1	2	0	0	0	0	0	0	0	0	0
Carnage Heart (Missions - Disc 2)	Carnage Heart (Missions - Disc 2)	310	0	0	0	0	0	0	0	0	200	0	1	16	1	0	0	0	1	0	1	0	0	2	0	1	0	1	0	0	0	0	0	0	1	2	0	0	0	0	0	0	0	0	0
Carnage Heart	Carnage Heart	310	0	0	0	0	0	0	0	0	128	0	0	16	1	0	0	0	1	0	1	0	1	2	0	0	0	1	0	0	0	0	0	0	1	2	0	0	0	0	0	0	0	0	0
Carom Shot 2	Carom Shot 2	310	0	0	0	0	0	0	0	0	0	1	1	16	1	0	0	0	1	0	1	0	1	1	0	4	2	1	0	0	0	0	0	0	1	2	2	2	2	2	0	1	1	0	0
Carom Shot	Carom Shot	310	0	0	0	0	0	0	0	0	0	1	1	16	1	0	0	0	1	0	1	0	1	2	0	4	1	1	0	0	0	0	0	0	1	2	0	0	0	0	0	0	0	0	0
CART World Series	CART World Series	310	0	0	0	0	0	0	0	0	8	1	0	16	1	0	0	0	1	0	1	0	0	2	0	0	0	1	0	0	0	0	0	0	1	2	0	0	0	0	0	0	0	0	0
Casper	Casper	310	0	0	0	0	0	0	1	0	0	0	0	16	0	0	0	0	1	1	1	0	0	2	0	5	0	1	0	0	0	0	0	0	1	2	0	0	0	0	0	0	0	0	0
Castlevania Chronicles	Castlevania Chronicles	310	0	0	0	0	0	0	0	0	128	0	1	16	1	0	0	0	1	0	1	0	0	2	0	4	0	1	0	0	0	0	0	0	1	2	0	0	0	0	0	0	0	0	0
Castlevania Rondo of the Night	Castlevania Rondo of the Night	310	0	0	0	0	0	0	0	0	0	1	1	16	1	0	0	0	1	0	1	0	0	2	0	4	0	1	0	0	0	0	0	0	1	2	0	0	0	0	0	0	0	0	0
Castlevania Symphony of the Night	Castlevania Symphony of the Night	310	0	0	0	0	0	0	0	0	0	1	1	16	1	0	0	0	1	0	1	0	1	2	0	4	0	1	0	0	0	0	0	0	1	2	0	0	0	0	0	0	0	0	0
Castrol Honda Superbike	Castrol Honda Superbike	310	0	0	0	0	0	0	0	0	0	1	0	16	1	0	0	0	1	0	1	0	0	2	0	4	0	0	0	0	0	0	0	0	1	0	2	2	2	2	0	1	1	0	0
Castrol Honda VTR	Castrol Honda VTR	310	0	0	0	0	0	0	0	0	0	1	0	16	1	0	0	0	1	0	1	0	0	2	0	4	0	0	0	0	0	0	0	0	1	0	2	2	2	2	0	1	1	0	0
Cave Story	Cave Story	310	0	0	0	0	0	0	0	0	128	0	1	16	1	0	0	0	1	0	1	0	1	2	0	3	1	0	0	0	0	0	0	0	1	0	2	2	2	2	0	1	1	0	0
Celebrity Deathmatch	Celebrity Deathmatch	310	0	0	0	0	1	0	0	0	128	0	0	16	1	0	0	0	1	0	1	0	0	2	0	1	0	1	0	0	0	0	0	0	1	2	2	2	2	2	0	1	1	0	0
Centipede	Centipede	310	0	0	0	0	0	0	0	0	128	0	1	16	1	0	0	0	1	0	1	0	0	2	0	1	1	1	0	0	0	0	0	0	1	2	2	2	2	2	0	1	1	0	0
Champion Wrestler	Champion Wrestler	310	0	0	0	0	0	0	0	0	128	0	0	16	1	0	0	0	1	0	1	0	1	2	0	4	1	1	0	0	0	0	0	0	1	2	0	0	0	0	0	0	0	0	0
Championship Manager Quiz	Championship Manager Quiz	310	0	0	0	0	0	0	0	0	128	0	0	16	1	0	0	0	1	0	1	0	1	2	0	0	1	1	0	0	0	0	0	0	1	2	2	2	2	2	0	1	1	0	0
Chaos Break	Chaos Break	310	0	0	0	0	0	0	0	0	0	1	1	16	1	0	0	0	1	1	1	0	0	2	0	2	0	1	0	0	0	0	0	0	1	2	2	2	2	2	0	1	1	0	0
Chaos Control	Chaos Control	310	0	0	0	0	0	0	0	0	0	1	1	16	1	0	0	0	1	0	1	0	1	2	0	4	0	1	0	0	0	0	0	0	1	0	0	0	0	0	0	0	0	0	0
Chase the Express (Disc 1)	Chase the Express (Disc 1)	310	0	0	0	0	0	0	0	0	0	1	1	16	1	0	0	0	1	0	1	0	2	2	0	3	1	0	0	0	0	0	0	0	1	0	2	2	2	2	0	1	1	0	0
Checkmate II	Checkmate II	310	0	0	0	0	0	0	0	0	0	1	1	16	1	0	0	0	1	0	1	0	1	2	0	3	1	0	0	0	0	0	0	0	1	0	0	0	0	0	0	0	0	0	0
Checkmate	Checkmate	310	0	0	0	0	0	0	0	0	0	1	1	16	1	0	0	0	1	0	1	0	1	2	0	3	1	0	0	0	0	0	0	0	1	0	2	2	2	2	0	1	1	0	0
Cheesy	Cheesy	310	0	0	0	0	0	0	0	0	0	0	1	16	1	0	0	0	1	0	1	0	0	2	0	4	1	1	0	0	0	0	0	0	1	2	0	0	0	0	0	0	0	0	0
Chessmaster 3-D	Chessmaster 3-D	310	0	0	0	0	0	0	0	0	128	0	1	16	1	0	0	0	1	0	1	0	1	2	0	0	0	1	0	0	0	0	0	0	1	2	0	0	0	0	0	0	0	0	0
Chessmaster II	Chessmaster II	310	0	0	0	0	0	0	0	0	0	1	1	16	1	0	0	0	1	0	1	0	0	2	0	0	0	1	0	0	0	0	0	0	1	2	0	0	0	0	0	0	0	0	0
Chicken Run	Chicken Run	310	0	0	0	0	1	0	0	0	0	1	1	16	1	0	0	0	1	0	1	0	0	2	0	1	0	1	0	0	0	0	0	0	1	2	2	2	2	2	0	1	1	0	0
Chill	Chill	310	0	0	0	0	0	0	0	0	0	1	1	16	1	0	0	0	1	0	1	0	1	2	0	4	0	0	0	0	0	0	0	0	1	2	2	2	2	2	0	1	1	0	0
China - Forbidden City	China - Forbidden City	310	0	0	0	0	0	0	0	0	0	1	1	16	1	0	0	0	1	0	1	0	1	2	0	2	0	0	0	0	0	0	0	0	1	2	0	0	0	0	0	0	0	0	0
Chocobo Racing	Chocobo Racing	310	0	0	0	0	1	0	0	0	0	1	1	16	1	0	0	0	1	0	1	0	0	2	0	4	3	0	0	0	0	0	0	0	1	2	2	2	2	2	0	1	1	0	0
Chocobo's Dungeon 2	Chocobo's Dungeon 2	310	0	0	0	0	0	0	0	0	128	0	1	16	1	0	0	0	1	0	1	0	1	2	0	3	1	0	0	0	0	0	0	0	1	2	2	2	2	2	0	1	1	0	0
Chocobo's Dungeon	Chocobo's Dungeon	310	0	0	0	0	0	0	0	0	0	1	1	16	0	0	0	0	1	0	1	0	1	2	0	3	1	0	0	0	0	0	0	0	1	0	0	0	0	0	0	0	0	0	0
Choro Q - Wonderful!	Choro Q - Wonderful!	310	0	0	0	0	1	0	0	0	128	0	1	16	1	0	0	0	1	0	1	0	0	1	0	4	3	1	0	0	0	0	0	0	1	2	2	2	2	2	0	1	1	0	0
Choro Q 2	Choro Q 2	306	0	0	0	0	0	0	0	0	192	0	1	16	1	0	0	0	1	0	1	0	1	1	0	3	3	0	0	0	0	0	0	0	1	2	0	0	0	0	0	0	0	0	0
Choro Q Jet - Rainbow Wings	Choro Q Jet - Rainbow Wings	310	0	0	0	0	0	0	0	0	128	0	1	16	1	0	0	0	1	0	1	0	1	2	0	4	0	1	0	0	0	0	0	0	1	2	2	2	2	2	0	1	1	0	0
Choro Q	Choro Q	306	0	0	0	0	0	0	0	0	0	1	1	16	1	0	0	0	1	0	1	0	2	2	0	4	1	0	0	0	0	0	0	0	1	0	0	0	0	0	0	0	0	0	0
Chou Aniki	Chou Aniki	310	0	0	0	0	0	0	0	0	128	0	0	16	1	0	0	0	1	0	1	0	1	2	0	3	1	0	0	0	0	0	0	0	1	0	0	0	0	0	0	0	0	0	0
Chris Kamara's Street Soccer	Chris Kamara's Street Soccer	310	0	0	0	0	0	0	0	0	8	0	1	16	1	0	0	0	1	0	1	0	0	2	0	4	0	1	0	0	0	0	0	0	1	2	2	2	2	2	0	1	1	0	0
Chronicles of the Sword (Disc 1)	Chronicles of the Sword (Disc 1)	310	0	0	0	0	0	0	0	0	128	0	1	16	1	0	0	0	1	0	1	0	1	2	0	1	1	1	0	0	0	0	0	0	1	2	0	0	0	0	0	0	0	0	0
Chrono Cross (Disc 1)	Chrono Cross (Disc 1)	310	0	0	0	0	1	0	0	0	64	1	1	16	1	0	0	0	1	0	1	0	0	2	0	0	0	1	0	0	0	0	0	0	1	2	2	2	2	2	0	1	1	0	0
Chrono Cross (Disc 2)	Chrono Cross (Disc 2)	310	0	0	0	0	1	0	0	0	64	1	1	16	1	0	0	0	1	0	1	0	0	2	0	0	0	1	0	0	0	0	0	0	1	2	2	2	2	2	0	1	1	0	0
Chrono Trigger	Chrono Trigger	310	0	0	0	0	0	0	0	0	192	0	1	16	1	0	0	0	1	0	1	0	0	2	0	2	1	1	0	0	0	0	0	0	1	2	0	0	0	0	0	0	0	0	0
Circuit Breakers	Circuit Breakers	310	0	0	0	0	0	0	0	0	128	0	0	16	1	0	0	0	1	0	1	0	1	2	0	0	1	1	0	0	0	0	0	0	1	2	2	2	2	2	1	1	1	0	0
City of Lost Children	City of Lost Children	310	0	0	0	0	0	0	0	0	0	1	1	16	1	0	0	0	1	0	1	0	0	2	0	0	1	1	0	0	0	0	0	0	1	2	0	0	0	0	0	1	1	0	0
Civilization 2	Civilization 2	310	0	0	0	0	0	0	0	0	128	0	1	16	1	0	0	0	1	0	1	0	1	2	0	2	2	1	0	0	0	0	0	0	1	2	1	1	1	1	0	0	0	0	0
Civilization	Civilization	310	0	0	0	0	0	0	0	0	0	1	1	16	1	0	0	0	1	0	1	0	1	2	0	4	0	1	0	0	0	0	0	0	1	2	0	0	0	0	0	0	0	0	0
Cleopatra Fortune	Cleopatra Fortune	310	0	0	0	0	0	0	0	0	128	0	1	16	1	0	0	0	1	0	1	0	1	2	0	4	0	0	0	0	0	0	0	0	1	2	0	0	0	0	0	0	0	0	0
Cleopatra's Fortune	Cleopatra's Fortune	306	0	0	0	0	0	0	0	0	0	1	1	16	1	0	0	0	1	0	1	0	1	2	0	3	1	0	0	0	0	0	0	0	1	0	0	0	0	0	0	0	0	0	0
Clock Tower - First Fear	Clock Tower - First Fear	310	0	0	0	0	0	0	0	0	0	1	1	16	1	0	0	0	1	0	1	0	1	2	0	3	1	1	0	0	0	0	0	0	1	2	0	0	0	0	0	0	0	0	0
Clock Tower II - The Struggle Within	Clock Tower II - The Struggle Within	310	0	0	0	0	1	0	0	0	216	0	1	16	1	0	0	0	1	0	1	0	1	2	0	0	0	1	0	0	0	0	0	0	1	0	0	0	0	0	0	0	0	0	0
Clock Tower	Clock Tower	310	0	0	0	0	0	0	0	0	0	1	1	16	1	0	0	0	1	0	1	0	1	2	0	4	1	1	0	0	0	0	0	0	1	2	0	0	0	0	0	1	1	0	0
Club Solaris	Club Solaris	310	0	0	0	0	1	0	0	0	88	1	0	16	1	0	0	0	1	0	1	0	1	1	0	5	0	1	0	0	0	0	0	0	1	2	0	0	0	0	0	0	0	0	0
Codename - Tenka	Codename - Tenka	310	0	0	0	0	0	0	0	0	136	0	1	16	1	0	0	0	1	0	1	0	0	2	0	1	0	1	0	0	0	0	0	0	1	2	0	0	0	0	0	0	0	0	0
Colin McRae Rally 2.0	Colin McRae Rally 2.0	310	0	0	0	0	1	0	0	0	72	0	1	16	1	0	0	0	1	0	1	0	0	2	0	5	3	1	0	0	0	0	0	0	1	2	2	2	2	2	0	1	1	0	0
Colin McRae Rally	Colin McRae Rally	310	0	0	0	0	0	0	0	0	192	1	0	16	1	0	0	0	1	0	1	0	1	2	0	4	0	1	0	0	0	0	0	0	1	2	0	0	0	0	0	0	0	0	0
College Slam	College Slam	310	0	0	0	0	0	0	0	0	128	0	0	16	1	0	0	0	1	0	1	0	0	2	0	4	0	1	0	0	0	0	0	0	1	2	0	0	0	0	0	0	0	0	0
Colony Wars (Disc 1)	Colony Wars (Disc 1)	310	0	0	0	0	1	0	0	0	0	1	1	16	1	0	0	0	1	0	1	0	1	2	0	0	3	1	0	0	0	0	0	0	1	2	2	2	2	2	0	1	1	0	0
Colony Wars (Disc 2)	Colony Wars (Disc 2)	310	0	0	0	0	1	0	0	0	0	1	1	16	1	0	0	0	1	0	1	0	0	2	0	0	3	0	0	0	0	0	0	0	1	2	2	2	2	2	0	1	1	0	0
Colony Wars - Vengeance	Colony Wars - Vengeance	310	0	0	0	0	0	0	0	0	128	0	1	16	1	0	0	0	1	0	1	0	0	2	0	4	1	1	0	0	0	0	0	0	1	2	2	2	2	2	0	1	1	0	0
Colony Wars 3 - Red Sun	Colony Wars 3 - Red Sun	310	0	0	0	0	1	0	0	0	128	0	1	16	1	0	0	0	1	0	1	0	0	2	0	0	0	1	0	0	0	0	0	0	1	2	2	2	2	2	0	1	1	0	0
Colony Wars	Colony Wars	306	0	0	0	0	0	0	0	0	0	1	1	16	1	0	0	0	1	0	1	0	2	2	0	3	1	0	0	0	0	0	0	0	1	0	0	0	0	0	0	0	0	0	0
Command & Conquer (GDI)	Command & Conquer (GDI)	310	0	0	0	0	0	0	0	0	0	1	1	16	1	0	0	0	1	0	1	0	0	2	0	0	0	1	0	0	0	0	0	0	1	2	0	0	0	0	0	0	0	0	0
Command & Conquer (NOD)	Command & Conquer (NOD)	310	0	0	0	0	0	0	0	0	0	1	1	16	1	0	0	0	1	0	1	0	0	2	0	0	0	1	0	0	0	0	0	0	1	2	0	0	0	0	0	0	0	0	0
Command & Conquer Commando	Command & Conquer Commando	310	0	0	0	0	0	0	0	0	128	0	0	16	1	0	0	0	1	0	1	0	2	2	0	1	1	1	0	0	0	0	0	0	1	0	0	0	0	0	0	0	0	0	0
Command & Conquer Red Alert (Allies)	Command & Conquer Red Alert (Allies)	310	0	0	0	0	0	0	0	0	0	1	1	16	1	0	0	0	1	0	1	0	0	2	0	0	0	1	0	0	0	0	0	0	1	2	0	0	0	0	0	0	0	0	0
Command & Conquer Red Alert (Soviet)	Command & Conquer Red Alert (Soviet)	310	0	0	0	0	0	0	0	0	0	1	1	16	1	0	0	0	1	0	1	0	0	2	0	0	0	1	0	0	0	0	0	0	1	2	0	0	0	0	0	0	0	0	0
Command & Conquer Retaliation (Allies)	Command & Conquer Retaliation (Allies)	310	0	0	0	0	0	0	0	0	0	1	1	16	1	0	0	0	1	0	1	0	0	2	0	0	0	1	0	0	0	0	0	0	1	2	0	0	0	0	0	1	1	0	0
Command & Conquer Retaliation (Soviet)	Command & Conquer Retaliation (Soviet)	310	0	0	0	0	0	0	0	0	0	1	1	16	1	0	0	0	1	0	1	0	0	2	0	0	0	1	0	0	0	0	0	0	1	2	0	0	0	0	0	1	1	0	0
Community Pom	Community Pom	310	0	0	0	0	0	0	0	0	0	1	1	16	1	0	0	0	1	0	1	0	1	2	0	4	0	1	0	0	0	0	0	0	1	2	0	0	0	0	0	0	0	0	0
Constructor	Constructor	310	0	0	0	0	0	0	0	0	128	0	1	16	1	0	0	0	1	0	1	0	0	2	0	0	0	1	0	0	0	0	0	0	1	2	0	0	0	0	0	0	0	0	0
Contender 2	Contender 2	310	0	0	0	0	1	0	0	0	64	1	1	16	1	0	0	0	1	0	1	0	0	2	0	4	0	1	0	0	0	0	0	0	1	2	2	2	2	2	0	1	1	0	0
Contender	Contender	310	0	0	0	0	0	0	0	0	128	0	1	16	1	0	0	0	1	0	1	0	0	2	0	1	0	1	0	0	0	0	0	0	1	2	0	0	0	0	0	0	0	0	0
Contra - Legacy of War	Contra - Legacy of War	310	0	0	0	0	0	0	0	0	192	0	1	16	1	0	0	0	1	0	1	0	1	2	0	4	1	1	0	0	0	0	0	0	1	2	0	0	0	0	0	0	0	0	0
Cool Boarders 2001	Cool Boarders 2001	310	0	0	0	0	1	0	0	0	0	1	1	16	1	0	0	0	1	0	1	0	0	2	0	4	0	1	0	0	0	0	0	0	1	2	2	2	2	2	0	1	1	0	0
Coolboarders 2	Coolboarders 2	310	0	0	0	0	0	0	0	0	0	1	1	16	1	0	0	0	1	0	1	0	1	2	0	4	1	0	0	0	0	0	0	0	1	2	0	0	0	0	0	0	0	0	0
Coolboarders 2001	Coolboarders 2001	310	0	0	0	0	1	0	0	0	0	1	1	16	1	0	0	0	1	0	1	0	0	2	0	4	1	1	0	0	0	0	0	0	1	2	2	2	2	2	0	1	1	0	0
Coolboarders 3	Coolboarders 3	310	0	0	0	0	0	0	0	0	64	0	0	16	1	0	0	0	1	0	1	0	1	1	0	4	0	0	0	0	0	0	0	0	1	2	2	2	2	2	0	1	1	0	0
Coolboarders 4	Coolboarders 4	310	0	0	0	0	0	0	0	0	0	1	1	16	1	0	0	0	1	0	1	0	1	1	0	4	0	0	0	0	0	0	0	0	1	2	2	2	2	2	1	0	0	0	0
Coolboarders	Coolboarders	310	0	0	0	0	0	0	0	0	0	1	1	16	1	0	0	0	1	0	1	0	1	2	0	4	0	1	0	0	0	0	0	0	1	2	0	0	0	0	0	0	0	0	0
Cosmowarrior Zero	Cosmowarrior Zero	310	0	0	0	0	0	0	0	0	0	1	1	16	1	0	0	0	1	0	1	0	0	2	0	4	0	1	0	0	0	0	0	0	1	2	2	2	2	2	0	1	1	0	0
Cotton - Fantastic Night Dreams	Cotton - Fantastic Night Dreams	266	0	0	0	0	0	0	0	0	0	1	1	16	1	0	0	0	1	0	1	0	2	1	0	3	1	1	0	0	0	0	0	0	1	2	0	0	0	0	0	0	0	0	0
Countdown Vampires (Disc 1)	Countdown Vampires (Disc 1)	310	0	0	0	0	0	0	0	0	0	1	1	16	1	0	0	0	1	0	1	0	0	2	0	4	0	0	0	0	0	0	0	0	1	2	2	2	2	2	0	1	1	0	0
Countdown Vampires (Disc 2)	Countdown Vampires (Disc 2)	306	0	0	0	0	0	0	0	0	0	1	1	16	1	0	0	0	1	0	1	0	0	2	0	4	0	0	0	0	0	0	0	0	1	2	2	2	2	2	0	1	1	0	0
Courier Crisis	Courier Crisis	310	0	0	0	0	0	0	0	0	128	0	0	16	1	0	0	0	1	0	1	0	1	2	0	1	0	1	0	0	0	0	0	0	1	2	0	0	0	0	0	1	1	0	0
Covert Ops - Nuclear Dawn (Disc 1)	Covert Ops - Nuclear Dawn (Disc 1)	310	0	0	0	0	1	0	0	0	128	0	1	16	1	0	0	0	1	0	1	0	0	2	0	4	0	1	0	0	0	0	0	0	1	2	2	2	2	2	0	1	1	0	0
Covert Ops - Nuclear Dawn (Disc 2)	Covert Ops - Nuclear Dawn (Disc 2)	310	0	0	0	0	1	0	0	0	0	1	1	16	1	0	0	0	1	0	1	0	0	2	0	4	0	1	0	0	0	0	0	0	1	2	2	2	2	2	0	1	1	0	0
Cowboy Bebop	Cowboy Bebop	310	0	0	0	0	0	0	0	0	136	0	1	16	1	0	0	0	1	0	1	0	0	2	0	4	0	1	0	0	0	0	0	0	1	2	2	2	2	2	0	1	1	0	0
Crash Bandicoot (Prototype)	Crash Bandicoot (Prototype)	310	0	0	0	0	0	0	0	0	0	1	0	16	1	0	0	0	1	0	1	0	0	2	0	3	1	1	0	0	0	0	0	0	1	2	0	0	0	0	0	0	0	0	0
Crash Bandicoot 2	Crash Bandicoot 2	310	0	0	0	0	1	0	0	0	0	1	1	16	1	0	0	0	1	0	1	0	0	2	0	4	0	1	0	0	0	0	0	0	1	2	0	0	0	0	0	0	0	0	0
Crash Bandicoot 3 - Warped	Crash Bandicoot 3 - Warped	310	0	0	0	0	1	0	0	0	160	0	1	16	1	0	0	0	1	0	1	0	0	2	0	5	0	1	0	0	0	0	0	0	1	2	2	2	2	2	0	1	1	0	0
Crash Bandicoot	Crash Bandicoot	310	0	0	0	0	1	0	0	0	160	0	1	16	1	0	0	0	1	0	1	0	0	2	0	4	0	1	0	0	0	0	0	0	1	2	0	0	0	0	0	0	0	0	0
Crash Bash	Crash Bash	310	0	0	0	0	0	0	0	0	0	1	1	16	1	0	0	0	1	0	1	0	0	2	0	4	0	1	0	0	0	0	0	0	1	2	2	2	2	2	1	1	1	0	0
Crash Team Racing	Crash Team Racing	310	0	0	0	0	1	0	0	0	152	0	1	16	1	0	0	0	1	0	1	0	0	2	1	5	0	1	0	0	0	0	0	0	1	2	2	2	2	2	1	1	1	0	0
Crazy Balloon 2000	Crazy Balloon 2000	310	0	0	0	0	0	0	0	0	0	1	1	16	1	0	0	0	1	0	1	0	1	2	0	1	1	1	0	0	0	0	0	0	1	2	0	0	0	0	0	0	0	0	0
Crazy Climber 2000	Crazy Climber 2000	310	0	0	0	0	0	0	0	0	128	0	1	16	1	0	0	0	1	0	1	0	1	2	0	2	1	1	0	0	0	0	0	0	1	2	2	2	2	2	0	1	1	0	0
Crazy Climber	Crazy Climber	310	0	0	0	0	0	0	0	0	0	0	0	16	1	0	0	0	1	0	1	0	0	2	0	4	0	1	0	0	0	0	0	0	1	2	0	0	0	0	0	0	0	0	0
Creature Shock (Disc 1)	Creature Shock (Disc 1)	310	0	0	0	0	0	0	0	0	128	0	1	16	1	0	0	0	1	0	1	0	1	2	0	1	0	1	0	0	0	0	0	0	1	2	0	0	0	0	0	0	0	0	0
Creature Shock (Disc 2)	Creature Shock (Disc 2)	310	0	0	0	0	0	0	0	0	128	0	1	16	1	0	0	0	1	0	1	0	1	2	0	1	0	1	0	0	0	0	0	0	1	2	0	0	0	0	0	0	0	0	0
Creatures - Raised in Space	Creatures - Raised in Space	310	0	0	0	0	0	0	0	0	0	1	1	16	1	0	0	0	1	0	1	0	1	2	0	2	1	1	0	0	0	0	0	0	1	2	2	2	2	2	0	1	1	0	0
Creatures	Creatures	310	0	0	0	0	0	0	0	0	0	1	1	16	1	0	0	0	1	0	1	0	1	2	0	3	1	1	0	0	0	0	0	0	1	2	0	0	0	0	0	0	0	0	0
Crime Crackers	Crime Crackers	310	0	0	0	0	0	0	0	0	128	0	1	16	1	0	0	0	1	0	1	0	1	2	0	2	0	0	0	0	0	0	0	0	1	0	0	0	0	0	0	0	0	0	0
Crime Killer	Crime Killer	310	0	0	0	0	0	0	0	0	128	0	1	16	1	0	0	0	1	0	1	0	0	2	0	1	1	1	0	0	0	0	0	0	1	2	0	0	0	0	0	0	0	0	0
Crisis Beat	Crisis Beat	310	0	0	0	0	0	0	0	0	0	1	1	16	1	0	0	0	1	0	1	0	0	2	0	4	0	1	0	0	0	0	0	0	1	2	2	2	2	2	0	1	1	0	0
Crisis City	Crisis City	310	0	0	0	0	0	0	0	0	128	0	0	16	1	0	0	0	1	0	1	0	1	2	0	5	0	1	0	0	0	0	0	0	1	2	2	2	2	2	0	1	1	0	0
Critical Blow	Critical Blow	310	0	0	0	0	0	0	0	0	0	1	1	16	1	0	0	0	1	0	1	0	2	2	0	0	3	0	0	0	0	0	0	0	1	0	2	2	2	2	0	1	1	0	0
Critical Depth	Critical Depth	310	0	0	0	0	0	0	0	0	128	0	1	16	1	0	0	0	1	0	1	0	1	2	0	4	1	1	0	0	0	0	0	0	1	2	0	0	0	0	0	1	1	0	0
Criticom	Criticom	310	0	0	0	0	0	0	0	0	128	0	1	16	1	0	0	0	1	0	1	0	0	2	0	1	0	1	0	0	0	0	0	0	1	2	0	0	0	0	0	0	0	0	0
Croc 2	Croc 2	306	0	0	0	0	0	0	0	0	0	1	1	16	1	0	0	0	1	0	1	0	0	2	0	0	0	0	0	0	0	0	0	0	1	2	2	2	2	2	0	0	0	0	0
Croc	Croc	310	0	0	0	0	1	0	0	0	0	1	1	16	1	0	0	0	1	0	1	0	0	2	0	5	0	1	0	0	0	0	0	0	1	2	0	0	0	0	0	0	0	0	0
Crossroad Crisis	Crossroad Crisis	310	0	0	0	0	0	0	0	0	192	0	1	16	1	0	0	0	1	0	1	0	0	2	0	0	0	0	0	0	0	0	0	0	1	2	0	0	0	0	0	0	0	0	0
Crusader - No Remorse	Crusader - No Remorse	310	0	0	0	0	0	0	0	0	136	0	1	16	1	0	0	0	1	0	1	0	0	2	0	3	1	1	0	0	0	0	0	0	1	2	0	0	0	0	0	0	0	0	0
Crusaders of Might and Magic	Crusaders of Might and Magic	310	0	0	0	0	0	0	0	0	0	0	1	16	1	0	0	0	1	0	1	0	0	2	0	4	0	1	0	0	0	0	0	0	1	2	0	0	0	0	0	0	0	0	0
Crypt Killer	Crypt Killer	310	0	0	0	0	0	0	0	0	0	1	1	16	1	0	0	0	1	0	1	0	1	2	0	4	0	1	0	0	0	0	0	0	1	2	0	0	0	0	0	0	0	0	0
CT Special Forces 2	CT Special Forces 2	310	0	0	0	0	0	0	0	0	0	0	1	16	1	0	0	0	1	0	1	0	1	2	0	4	1	1	0	0	0	0	0	0	1	2	0	0	0	0	0	0	0	0	0
CT Special Forces 3	CT Special Forces 3	310	0	0	0	0	0	0	0	0	128	0	1	16	1	0	0	0	1	0	1	0	1	2	0	4	0	1	0	0	0	0	0	0	1	2	0	0	0	0	0	0	0	0	0
CT Special Forces	CT Special Forces	310	0	0	0	0	0	0	0	0	128	0	1	16	1	0	0	0	1	0	1	0	1	2	0	1	0	1	0	0	0	0	0	0	1	2	0	0	0	0	0	0	0	0	0
Cu-On-Pa	Cu-On-Pa	310	0	0	0	0	0	0	0	0	128	0	0	16	1	0	0	0	1	0	1	0	1	2	0	0	1	1	0	0	0	0	0	0	1	2	0	0	0	0	0	0	0	0	0
Cubix Robots - Race 'n Robots	Cubix Robots - Race 'n Robots	310	0	0	0	0	0	0	0	0	128	0	0	16	1	0	0	0	1	0	1	0	1	2	0	0	1	1	0	0	0	0	0	0	1	2	2	2	2	2	0	1	1	0	0
Cyber Org	Cyber Org	310	0	0	0	0	0	0	0	0	128	0	1	16	1	0	0	0	1	0	1	0	1	2	0	0	1	1	0	0	0	0	0	0	1	2	2	2	2	2	0	1	1	0	0
Cyberbots - Fullmetal Madness	Cyberbots - Fullmetal Madness	310	0	0	0	0	0	0	0	0	128	0	0	16	1	0	0	0	1	0	1	0	1	2	0	0	1	1	0	0	0	0	0	0	1	2	0	0	0	0	0	0	0	0	0
Cyberia	Cyberia	310	0	0	0	0	0	0	0	0	0	1	1	16	1	0	0	0	1	0	1	0	1	2	0	3	1	1	0	0	0	0	0	0	1	2	0	0	0	0	0	0	0	0	0
Cybernetic Empire (Disc 1)	Cybernetic Empire (Disc 1)	310	0	0	0	0	0	0	0	0	128	0	0	16	1	0	0	0	1	0	1	0	1	2	0	4	1	1	0	0	0	0	0	0	1	2	2	2	2	2	0	1	1	0	0
Cybernetic Empire (Disc 2)	Cybernetic Empire (Disc 2)	310	0	0	0	0	0	0	0	0	0	1	1	16	1	0	0	0	1	0	1	0	1	2	0	4	1	1	0	0	0	0	0	0	1	2	2	2	2	2	0	1	1	0	0
CyberSled	CyberSled	310	0	0	0	0	0	0	0	0	128	0	1	16	1	0	0	0	1	0	1	0	1	2	0	1	1	1	0	0	0	0	0	0	1	2	0	0	0	0	0	0	0	0	0
CyberSpeed	CyberSpeed	310	0	0	0	0	0	0	0	0	128	0	0	16	1	0	0	0	1	0	1	0	1	2	0	1	1	1	0	0	0	0	0	0	1	0	0	0	0	0	0	0	0	0	0
CyberTiger	CyberTiger	310	0	0	0	0	0	0	0	0	0	1	1	16	1	0	0	0	1	0	1	0	0	2	0	4	0	1	0	0	0	0	0	0	1	2	2	2	2	2	0	1	1	0	0
Cyberwar (Disc 1)	Cyberwar (Disc 1)	310	0	0	1	0	0	0	1	0	128	0	0	16	0	0	0	0	1	0	1	0	1	2	0	0	0	1	0	0	0	0	0	0	1	2	0	0	0	0	0	0	0	0	0
Cyborg 009 - Block Kuzushi	Cyborg 009 - Block Kuzushi	310	0	0	0	0	0	0	0	0	0	1	1	16	1	0	0	0	1	0	1	0	1	2	0	4	0	1	0	0	0	0	0	0	1	2	2	2	2	2	0	1	1	0	0
Cyborg Kuro-chan Returns	Cyborg Kuro-chan Returns	310	0	0	0	0	0	0	0	0	128	0	0	16	1	0	0	0	1	0	1	0	1	2	0	0	1	1	0	0	0	0	0	0	1	2	2	2	2	2	0	1	1	0	0
D (Disc 1)	D (Disc 1)	310	0	0	0	0	0	0	0	0	128	0	1	16	1	0	0	0	1	0	1	0	1	2	0	2	1	1	0	0	0	0	0	0	1	2	0	0	0	0	0	0	0	0	0
D (Disc 2)	D (Disc 2)	310	0	0	0	0	0	0	0	0	128	0	1	16	1	0	0	0	1	0	1	0	1	2	0	2	1	1	0	0	0	0	0	0	1	2	0	0	0	0	0	0	0	0	0
D (Disc 3)	D (Disc 3)	310	0	0	0	0	0	0	0	0	128	0	1	16	1	0	0	0	1	0	1	0	1	2	0	2	1	1	0	0	0	0	0	0	1	2	0	0	0	0	0	0	0	0	0
Dakar 97	Dakar 97	306	0	0	0	0	0	0	0	0	0	1	1	16	1	0	0	0	1	0	1	0	2	2	0	4	1	0	0	0	0	0	0	0	1	0	0	0	0	0	0	0	0	0	0
DamDam Stompland	DamDam Stompland	310	0	0	0	0	0	0	0	0	128	0	0	16	1	0	0	0	1	0	1	0	0	2	0	1	1	1	0	0	0	0	0	0	1	2	0	0	0	0	0	0	0	0	0
Dance Dance Revolution	Dance Dance Revolution	310	0	0	0	0	0	0	0	0	128	0	1	16	1	0	0	0	1	0	1	0	1	2	0	1	1	1	0	0	0	0	0	0	1	2	2	2	2	2	0	1	1	0	0
Dangan	Dangan	310	0	0	0	0	0	0	0	0	128	0	1	16	1	0	0	0	1	0	1	0	1	2	0	3	1	1	0	0	0	0	0	0	1	2	0	0	0	0	0	0	0	0	0
Danger Girl	Danger Girl	310	0	0	0	0	1	0	0	0	128	0	1	16	1	0	0	0	1	0	1	0	0	2	0	3	0	1	0	0	0	0	0	0	1	2	2	2	2	2	0	1	1	0	0
Darius Gaiden	Darius Gaiden	310	0	0	0	0	0	0	0	0	24	1	0	16	0	0	0	0	1	0	1	0	0	2	0	1	0	1	0	0	0	0	0	0	1	2	0	0	0	0	0	0	0	0	0
Dark Hunter - Strange Dimension School	Dark Hunter - Strange Dimension School	310	0	0	0	0	0	0	0	0	0	1	1	16	1	0	0	0	1	0	1	0	2	2	0	3	1	0	0	0	0	0	0	0	1	0	0	0	0	0	0	0	0	0	0
Dark Hunter 2 - Demon Forest	Dark Hunter 2 - Demon Forest	306	0	0	0	0	0	0	0	0	0	1	1	16	1	0	0	0	1	0	1	0	2	2	0	3	1	0	0	0	0	0	0	0	1	0	0	0	0	0	0	0	0	0	0
Dark Tales - From the Lost Soul	Dark Tales - From the Lost Soul	310	0	0	0	0	0	0	0	0	128	0	1	16	1	0	0	0	1	0	1	0	1	2	0	4	0	1	0	0	0	0	0	0	1	2	2	2	2	2	0	1	1	0	0
Darklight Conflict	Darklight Conflict	310	0	0	0	0	0	0	0	0	128	0	0	16	1	0	0	0	1	0	1	0	1	2	0	3	1	0	0	0	0	0	0	0	1	0	0	0	0	0	0	0	0	0	0
Darkstalkers 3 (Uncensored)	Darkstalkers 3 (Uncensored)	310	0	0	0	0	0	0	0	0	0	1	1	16	1	0	0	0	1	0	1	0	1	2	0	0	1	0	0	0	0	0	0	0	1	0	0	0	0	0	0	0	0	0	0
Darkstalkers 3	Darkstalkers 3	306	0	0	0	0	0	0	0	0	0	1	1	16	1	0	0	0	1	0	1	0	2	2	0	5	1	0	0	0	0	0	0	0	1	2	2	2	2	2	0	1	1	0	0
Darkstalkers	Darkstalkers	310	0	0	0	0	0	0	0	0	128	0	1	16	1	0	0	0	1	0	1	0	0	2	0	1	0	1	0	0	0	0	0	0	1	2	0	0	0	0	0	0	0	0	0
Darkstone	Darkstone	310	0	0	0	0	0	0	0	0	128	0	1	16	1	0	0	0	1	0	1	0	0	2	0	2	0	1	0	0	0	0	0	0	1	2	0	0	0	0	0	0	0	0	0
Dave Mirra BMX - Maximum Remix	Dave Mirra BMX - Maximum Remix	310	0	0	0	0	0	0	0	0	0	1	1	16	1	0	0	0	1	0	1	0	2	2	0	4	3	1	0	0	0	0	0	0	1	0	2	2	2	2	0	1	1	0	0
David Beckham Soccer	David Beckham Soccer	310	0	0	0	0	1	0	0	0	0	1	0	16	1	0	0	0	1	1	1	0	0	2	0	0	0	1	0	0	0	0	0	0	1	2	2	2	2	2	0	1	1	0	0
Davis Cup Complete Tennis	Davis Cup Complete Tennis	310	0	0	0	0	0	0	0	0	128	0	0	16	1	0	0	0	1	0	1	0	1	2	0	4	0	1	0	0	0	0	0	0	1	2	0	0	0	0	0	0	0	0	0
Dawn of the Dead (Disc 1)	Dawn of the Dead (Disc 1)	310	0	0	0	0	1	0	0	0	8	1	1	16	1	0	0	0	1	0	1	0	0	2	0	0	0	1	0	0	0	0	0	0	1	2	0	0	0	0	0	0	0	0	0
DBZ - Dead Ball Zone	DBZ - Dead Ball Zone	310	0	0	0	0	0	0	0	0	0	1	1	16	1	0	0	0	1	0	1	0	0	2	0	2	0	1	0	0	0	0	0	0	1	2	2	2	2	2	0	1	1	0	0
Dead in the Water	Dead in the Water	306	0	0	0	0	0	0	0	0	192	0	0	16	1	0	0	0	1	0	1	0	1	2	0	3	1	1	0	0	0	0	0	0	1	2	2	2	2	2	0	1	1	0	0
Dead or Alive	Dead or Alive	310	0	0	0	0	0	0	0	0	0	1	1	16	1	0	0	0	1	0	1	0	2	2	0	5	1	0	0	0	0	0	0	0	1	0	2	2	2	2	0	1	1	0	0
Deadheat Road	Deadheat Road	310	0	0	0	0	0	0	0	0	192	0	1	16	1	0	0	0	1	0	1	0	1	2	0	0	0	0	0	0	0	0	0	0	1	2	0	0	0	0	0	0	0	0	0
Death Wing	Death Wing	310	0	0	0	0	0	0	0	0	128	0	0	16	1	0	0	0	1	0	1	0	1	2	0	5	0	1	0	0	0	0	0	0	1	2	0	0	0	0	0	0	0	0	0
Deathtrap Dungeon	Deathtrap Dungeon	310	0	0	0	0	0	0	0	0	0	0	0	16	1	0	0	0	1	0	1	0	1	2	0	4	1	1	0	0	0	0	0	0	1	2	0	0	0	0	0	1	1	0	0
Deception II	Deception II	310	0	0	0	0	0	0	0	0	0	1	1	16	1	0	0	0	1	0	1	0	0	2	0	2	1	1	0	0	0	0	0	0	1	2	2	2	2	2	0	1	1	0	0
Deception III - Dark Delusion	Deception III - Dark Delusion	310	0	0	0	0	1	0	0	0	88	1	0	16	1	0	0	0	1	0	1	0	0	2	0	5	0	1	0	0	0	0	0	0	1	2	2	2	2	2	0	1	1	0	0
Deception	Deception	310	0	0	0	0	0	0	0	0	0	1	1	16	1	0	0	0	1	0	1	0	0	2	0	4	1	1	0	0	0	0	0	0	1	2	0	0	0	0	0	0	0	0	0
Deep Freeze	Deep Freeze	310	0	0	0	0	0	0	0	0	0	1	1	16	1	0	0	0	1	0	1	0	0	2	0	4	1	0	0	0	0	0	0	0	1	2	0	0	0	0	0	0	0	0	0
Defcon 5 - Peace Has a Price	Defcon 5 - Peace Has a Price	310	1	0	0	0	0	0	0	0	256	1	1	16	1	0	0	0	1	0	1	0	1	2	0	3	1	1	0	0	0	0	0	0	1	2	0	0	0	0	0	0	0	0	0
Delta Force - Urban Warfare	Delta Force - Urban Warfare	310	0	0	0	0	0	0	0	0	128	0	0	16	1	0	0	0	1	0	1	0	0	1	0	5	0	0	0	0	0	0	0	0	1	2	2	2	2	2	0	1	1	0	0
Delta Force Urban Warfare	Delta Force Urban Warfare	306	0	0	0	0	1	0	0	0	0	1	1	16	1	0	0	0	1	0	1	0	0	0	0	4	2	1	0	0	0	0	0	0	1	2	2	2	2	2	0	1	1	0	0
Demolition Racer	Demolition Racer	310	0	0	0	0	1	0	0	0	0	1	1	16	1	0	0	0	1	0	1	0	0	0	0	5	0	0	0	0	0	0	0	0	1	2	2	2	2	2	0	1	1	0	0
Descent Maximum	Descent Maximum	310	0	0	0	0	0	0	0	0	128	1	1	16	1	0	0	0	1	0	1	0	0	2	0	4	3	1	0	0	0	0	0	0	1	2	0	0	0	0	0	1	1	0	0
Descent	Descent	310	0	0	0	0	1	0	0	0	128	0	1	16	1	0	0	0	1	0	1	0	0	2	0	4	3	1	0	0	0	0	0	0	1	0	0	0	0	0	0	0	0	0	0
Destrega	Destrega	310	0	0	0	0	0	0	0	0	128	0	1	16	1	0	0	0	1	0	1	0	0	1	0	5	0	1	0	0	0	0	0	0	1	2	2	2	2	2	0	1	1	0	0
Destruction Derby 2	Destruction Derby 2	310	0	0	0	0	0	0	0	0	128	0	0	16	1	0	0	0	1	0	1	0	0	2	0	4	0	1	0	0	0	0	0	0	1	2	0	0	0	0	0	0	0	0	0
Destruction Derby Raw	Destruction Derby Raw	310	0	0	0	0	0	0	0	0	128	0	0	16	1	0	0	0	1	0	1	0	0	2	0	4	0	1	0	0	0	0	0	0	1	2	0	0	0	0	0	1	1	0	0
Destruction Derby	Destruction Derby	310	0	0	0	0	0	0	0	0	128	0	0	16	1	0	0	0	1	0	1	0	1	2	0	3	0	1	0	0	0	0	0	0	1	2	0	0	0	0	0	1	1	0	0
Destructo 2	Destructo 2	310	0	0	0	0	0	0	0	0	0	1	1	16	1	0	0	0	1	0	1	0	1	2	0	0	1	1	0	0	0	0	0	0	1	2	2	2	2	2	0	1	1	0	0
Detana Twinbee Yahoo!	Detana Twinbee Yahoo!	310	0	0	0	0	0	0	1	0	128	0	0	16	0	0	0	0	1	1	1	0	1	2	0	4	2	1	0	0	0	0	0	0	1	2	0	0	0	0	0	0	0	0	0
Devil Dice	Devil Dice	310	0	0	0	0	0	0	0	0	128	0	0	16	1	0	0	0	1	0	1	0	0	2	0	2	1	1	0	0	0	0	0	0	1	2	0	0	0	0	0	0	0	0	0
Devil Man	Devil Man	310	0	0	0	0	0	0	0	0	128	0	0	16	1	0	0	0	1	0	1	0	1	2	0	5	0	1	0	0	0	0	0	0	1	2	2	2	2	2	0	1	1	0	0
Dexter's Laboratory - Mandark's Lab	Dexter's Laboratory - Mandark's Lab	310	0	0	0	0	0	0	0	0	128	0	1	16	1	0	0	0	1	0	1	0	0	2	0	2	0	1	0	0	0	0	0	0	1	2	2	2	2	2	0	1	1	0	0
Dezaemon Kids! - Select 100	Dezaemon Kids! - Select 100	310	0	0	0	0	0	0	0	0	24	1	1	16	1	0	0	0	1	0	1	0	0	2	0	3	0	1	0	0	0	0	0	0	1	2	0	0	0	0	0	0	0	0	0
Dezaemon Kids!	Dezaemon Kids!	310	0	0	0	0	0	0	0	0	24	1	1	16	1	0	0	0	1	0	1	0	0	2	0	3	0	1	0	0	0	0	0	0	1	2	0	0	0	0	0	0	0	0	0
Dezaemon Plus	Dezaemon Plus	310	0	0	0	0	0	0	0	0	24	1	1	16	1	0	0	0	1	0	1	0	1	2	0	0	1	1	0	0	0	0	0	0	1	2	0	0	0	0	0	0	0	0	0
Diablo	Diablo	310	0	0	0	0	0	0	0	0	192	0	1	16	1	0	0	0	1	0	1	0	0	2	0	0	0	1	0	0	0	0	0	0	1	2	0	0	0	0	0	0	0	0	0
Die Hard Trilogy 2	Die Hard Trilogy 2	310	0	0	0	0	1	0	0	0	0	1	1	16	1	0	0	0	1	0	1	0	0	0	0	5	0	1	0	0	0	0	0	0	1	2	2	2	2	2	0	1	1	0	0
Die Hard Trilogy	Die Hard Trilogy	310	0	0	0	0	0	0	0	0	152	0	0	16	1	0	0	0	1	0	1	0	0	2	0	1	0	1	0	0	0	0	0	0	1	2	0	0	0	0	0	0	0	0	0
Digimon Rumble Arena	Digimon Rumble Arena	310	0	0	0	0	1	0	0	0	136	0	1	16	1	0	0	0	1	0	1	0	0	2	0	4	0	1	0	0	0	0	0	0	1	2	2	2	2	2	0	1	1	0	0
Digimon World - Maeson	Digimon World - Maeson	310	0	0	0	0	0	0	0	0	128	0	1	16	1	0	0	0	1	0	1	0	1	2	0	0	0	1	0	0	0	0	0	0	1	2	0	0	0	0	0	0	0	0	0
Digimon World 2 - Alternative	Digimon World 2 - Alternative	310	0	0	0	0	0	0	0	0	128	0	1	16	1	0	0	0	1	0	1	0	1	2	0	3	2	1	0	0	0	0	0	0	1	2	0	0	0	0	0	0	0	0	0
Digimon World 2 - Enhanced	Digimon World 2 - Enhanced	310	0	0	0	0	0	0	0	0	128	0	1	16	1	0	0	0	1	0	1	0	1	2	0	3	2	1	0	0	0	0	0	0	1	2	0	0	0	0	0	0	0	0	0
Digimon World 2	Digimon World 2	310	0	0	0	0	0	0	0	0	128	0	1	16	1	0	0	0	1	0	1	0	1	2	0	3	2	1	0	0	0	0	0	0	1	2	0	0	0	0	0	0	0	0	0
Digimon World 3	Digimon World 3	306	0	0	0	0	0	0	0	0	128	0	1	16	1	0	0	0	1	0	1	0	1	2	0	0	0	1	0	0	0	0	0	0	1	2	2	2	2	2	0	1	1	0	0
Digimon World	Digimon World	310	0	0	0	0	0	0	0	0	0	1	1	16	1	0	0	0	1	0	1	0	1	2	0	3	2	1	0	0	0	0	0	0	1	2	0	0	0	0	0	0	0	0	0
Dino Crisis 2	Dino Crisis 2	306	0	0	0	0	1	0	0	0	200	0	1	16	1	0	0	0	1	0	1	0	0	2	0	5	0	1	0	0	0	0	0	0	1	2	2	2	2	2	0	1	1	0	0
Dino Crisis	Dino Crisis	310	0	0	0	0	1	0	0	0	8	1	1	16	1	0	0	0	1	0	1	0	0	2	0	0	0	1	0	0	0	0	0	0	1	2	0	0	0	0	0	0	0	0	0
Dinosaur	Dinosaur	310	0	0	0	0	1	0	0	0	128	0	1	16	1	0	0	0	1	0	1	0	0	2	0	1	0	1	0	0	0	0	0	0	1	2	2	2	2	2	0	1	1	0	0
Dirt Jockey	Dirt Jockey	306	0	0	0	0	0	0	0	0	0	1	1	16	1	0	0	0	1	0	1	0	2	2	0	3	1	0	0	0	0	0	0	0	1	0	2	2	2	2	0	1	1	0	0
Discworld II	Discworld II	310	0	0	0	0	0	0	0	0	0	1	1	16	1	0	0	0	1	0	1	0	1	2	0	0	1	1	0	0	0	0	0	0	1	0	0	0	0	0	0	0	0	0	0
Discworld Noir	Discworld Noir	310	0	0	0	0	0	1	1	0	152	0	1	16	1	0	1	0	1	1	1	0	0	2	1	2	1	1	0	0	0	0	0	0	1	2	0	0	0	0	0	0	0	0	0
Discworld	Discworld	310	0	0	0	0	0	0	0	0	0	1	1	16	1	0	0	0	1	0	1	0	1	2	0	0	1	1	0	0	0	0	0	0	1	0	0	0	0	0	0	0	0	0	0
Disruptor	Disruptor	310	0	0	0	0	0	0	0	0	128	0	1	16	1	0	0	0	1	0	1	0	1	2	0	2	1	1	0	0	0	0	0	0	1	2	0	0	0	0	0	0	0	0	0
Diver's Dream	Diver's Dream	310	0	0	0	0	0	0	0	0	0	1	0	16	1	0	0	0	1	0	1	0	2	2	0	0	3	1	0	0	0	0	0	0	1	0	0	0	0	0	0	0	0	0	0
Divide - Enemies Within	Divide - Enemies Within	310	0	0	0	0	0	0	0	0	192	0	1	16	1	0	0	0	1	0	1	0	1	2	0	4	0	1	0	0	0	0	0	0	1	2	0	0	0	0	0	0	0	0	0
Dodgem Arena	Dodgem Arena	310	0	0	0	0	0	0	0	0	0	1	1	16	1	0	0	0	1	0	1	0	1	2	0	4	1	1	0	0	0	0	0	0	1	2	2	2	2	2	0	1	1	0	0
DoDonPachi	DoDonPachi	310	0	0	0	0	0	0	0	0	128	0	1	16	1	0	0	0	1	0	1	0	1	2	0	3	1	1	0	0	0	0	0	0	1	0	0	0	0	0	0	1	1	0	0
Donald Duck - Quack Attack	Donald Duck - Quack Attack	306	0	0	0	0	0	0	0	0	0	1	1	16	1	0	0	0	1	0	1	0	1	2	0	4	1	0	0	0	0	0	0	0	1	0	2	2	2	2	0	1	1	0	0
DonPachi	DonPachi	310	0	0	0	0	0	0	0	0	128	0	1	16	1	0	0	0	1	0	1	0	1	2	0	3	1	1	0	0	0	0	0	0	1	2	0	0	0	0	0	1	1	0	0
Doom	Doom	310	0	0	0	0	0	0	0	0	0	0	0	16	1	0	0	0	1	0	1	0	1	2	0	4	0	1	0	0	0	0	0	0	1	2	0	0	0	0	0	0	0	0	0
Doraemon - Nobita to Fukkatsu	Doraemon - Nobita to Fukkatsu	310	0	0	0	0	0	0	0	0	128	0	1	16	1	0	0	0	1	0	1	0	1	2	0	4	0	1	0	0	0	0	0	0	1	2	0	0	0	0	0	0	0	0	0
Doraemon 2 - SOS! Otogi no Kuni	Doraemon 2 - SOS! Otogi no Kuni	310	0	0	0	0	0	0	0	0	0	1	1	16	1	0	0	0	1	0	1	0	1	2	0	4	0	1	0	0	0	0	0	0	1	2	0	0	0	0	0	0	0	0	0
Doraemon	Doraemon	310	0	0	0	0	0	0	0	0	128	0	0	16	1	0	0	0	1	0	1	0	1	2	0	1	0	1	0	0	0	0	0	0	1	2	0	0	0	0	0	0	0	0	0
Double Dragon	Double Dragon	310	0	0	0	0	0	0	0	0	0	1	1	16	1	0	0	0	1	0	1	0	2	2	0	4	1	0	0	0	0	0	0	0	1	0	0	0	0	0	0	0	0	0	0
Downhill Snow	Downhill Snow	310	0	0	0	0	0	0	0	0	128	0	1	16	1	0	0	0	1	0	1	0	1	2	0	0	1	1	0	0	0	0	0	0	1	2	0	0	0	0	0	0	0	0	0
Dr. Slump	Dr. Slump	310	0	0	0	0	0	0	0	0	0	0	1	16	1	0	0	0	1	0	1	0	1	2	0	4	1	1	0	0	0	0	0	0	1	0	2	2	2	2	0	0	0	0	0
Dracula - The Last Sanctuary (Disc 1)	Dracula - The Last Sanctuary (Disc 1)	310	0	0	0	0	0	0	0	0	128	0	0	16	1	0	0	0	1	0	1	0	1	2	0	1	0	1	0	0	0	0	0	0	1	2	0	0	0	0	0	0	0	0	0
Dracula - The Last Sanctuary (Disc 2)	Dracula - The Last Sanctuary (Disc 2)	310	0	0	0	0	0	0	0	0	128	0	0	16	1	0	0	0	1	0	1	0	1	2	0	1	0	1	0	0	0	0	0	0	1	2	0	0	0	0	0	0	0	0	0
Dracula - The Resurrection (Disc 1)	Dracula - The Resurrection (Disc 1)	310	0	0	0	0	0	0	0	0	128	0	0	16	1	0	0	0	1	0	1	0	1	2	0	1	0	1	0	0	0	0	0	0	1	2	0	0	0	0	0	1	1	0	0
Dracula - The Resurrection (Disc 2)	Dracula - The Resurrection (Disc 2)	310	0	0	0	0	0	0	0	0	128	0	0	16	1	0	0	0	1	0	1	0	1	2	0	1	0	1	0	0	0	0	0	0	1	2	0	0	0	0	0	1	1	0	0
Dragon Ball - Final Bout	Dragon Ball - Final Bout	306	0	0	0	0	0	0	0	0	0	1	0	16	1	0	0	0	1	0	1	0	1	2	0	4	1	1	0	0	0	0	0	0	1	2	0	0	0	0	0	0	0	0	0
Dragon Ball Z - The Legend	Dragon Ball Z - The Legend	310	0	0	0	0	0	0	0	0	128	0	0	16	1	0	0	0	1	0	1	0	1	2	0	4	0	1	0	0	0	0	0	0	1	2	0	0	0	0	0	0	0	0	0
Dragon Ball Z - Ultimate Battle 22	Dragon Ball Z - Ultimate Battle 22	306	0	0	0	0	0	0	0	0	192	0	1	16	1	0	0	0	1	0	1	0	1	2	0	5	3	0	0	0	0	0	0	0	1	2	0	0	0	0	0	0	0	0	0
Dragon Seeds	Dragon Seeds	310	0	0	0	0	0	0	0	0	0	1	1	16	1	0	0	0	1	0	1	0	1	2	0	4	1	0	0	0	0	0	0	0	1	0	2	2	2	2	0	1	1	0	0
Dragon Tales - Dragonseek	Dragon Tales - Dragonseek	306	0	0	0	0	0	0	0	0	0	1	1	16	1	0	0	0	1	0	1	0	2	2	0	3	1	0	0	0	0	0	0	0	1	0	2	2	2	2	0	1	1	0	0
Dragon Valor (Disc 1)	Dragon Valor (Disc 1)	310	0	0	0	0	0	0	0	0	0	1	1	16	1	0	0	0	1	0	1	0	0	2	0	1	0	0	0	0	0	0	0	0	1	0	2	2	2	2	0	1	1	0	0
Dragon Valor (Disc 2)	Dragon Valor (Disc 2)	306	0	0	0	0	0	0	0	0	0	1	1	16	1	0	0	0	1	0	1	0	0	2	0	1	0	0	0	0	0	0	0	0	1	0	2	2	2	2	0	1	1	0	0
Dragon Warrior VII (Disc 1)	Dragon Warrior VII (Disc 1)	310	0	0	0	0	0	0	0	0	0	1	1	16	1	0	0	0	1	0	1	0	1	2	0	3	0	1	0	0	0	0	0	0	1	2	2	2	2	2	0	1	1	0	0
Dragon Warrior VII (Disc 2)	Dragon Warrior VII (Disc 2)	310	0	0	0	0	0	0	0	0	0	1	1	16	1	0	0	0	1	0	1	0	1	2	0	3	0	1	0	0	0	0	0	0	1	2	2	2	2	2	0	1	1	0	0
Dragonbeat - Legend of Pinball	Dragonbeat - Legend of Pinball	310	0	0	0	0	0	0	0	0	0	1	1	16	1	0	0	0	1	0	1	0	2	2	0	5	1	0	0	0	0	0	0	0	1	0	0	0	0	0	0	0	0	0	0
DragonHeart - Fire & Steel	DragonHeart - Fire & Steel	306	0	0	0	0	0	0	0	0	0	0	0	16	1	0	0	0	1	0	1	0	2	2	0	4	1	0	0	0	0	0	0	0	1	0	0	0	0	0	0	0	0	0	0
Dragstars	Dragstars	310	0	0	0	0	0	0	0	0	0	0	0	16	1	0	0	0	1	0	1	0	0	2	0	0	0	0	0	0	0	0	0	0	1	2	0	0	0	0	0	0	0	0	0
Driver (Prototype)	Driver (Prototype)	310	0	0	0	0	1	0	0	0	128	0	1	16	1	0	0	0	1	0	0	0	0	2	0	4	0	1	0	0	0	0	0	0	1	2	2	2	2	2	0	0	0	0	0
Driver 2 (Disc 1)	Driver 2 (Disc 1)	310	0	0	0	0	1	0	0	0	0	1	1	16	1	0	0	0	1	0	1	0	0	2	0	4	0	0	0	0	0	0	0	0	1	0	2	2	2	2	0	1	1	0	0
Driver 2 (Disc 2)	Driver 2 (Disc 2)	310	0	0	0	0	1	0	0	0	64	1	0	16	1	0	0	0	1	0	1	0	0	2	0	4	0	0	0	0	0	0	0	0	1	0	2	2	2	2	0	1	1	0	0
Driver	Driver	310	0	0	0	0	1	0	0	0	64	1	1	16	1	0	0	0	1	0	1	0	0	2	0	4	0	1	0	0	0	0	0	0	1	2	2	2	2	2	0	1	1	0	0
Duke Nukem - Land of the Babes	Duke Nukem - Land of the Babes	306	0	0	0	0	0	0	0	0	0	1	1	16	1	0	0	0	1	0	1	0	0	1	0	4	3	1	0	0	0	0	0	0	1	2	2	2	2	2	0	1	1	0	0
Duke Nukem - Planet of the Babes	Duke Nukem - Planet of the Babes	310	0	0	0	0	1	0	0	0	200	0	1	16	1	0	0	0	1	0	1	0	0	2	0	1	0	1	0	0	0	0	0	0	1	2	2	2	2	2	0	1	1	0	0
Duke Nukem - Time to Kill (Prototype)	Duke Nukem - Time to Kill (Prototype)	306	0	0	0	0	0	0	0	0	0	1	1	16	1	0	0	0	1	0	1	0	0	2	0	4	0	0	0	0	0	0	0	0	1	2	2	2	2	2	0	1	1	0	0
Duke Nukem - Time to Kill	Duke Nukem - Time to Kill	310	0	0	0	0	1	0	0	0	8	1	1	16	1	0	0	1	2	0	1	0	0	2	0	4	0	1	0	0	0	0	0	0	1	2	2	2	2	2	0	1	1	0	0
Duke Nukem - Total Meltdown	Duke Nukem - Total Meltdown	310	0	0	0	0	0	0	0	0	128	0	1	16	1	0	0	0	1	0	1	0	1	2	0	0	1	1	0	0	0	0	0	0	1	2	2	2	2	2	0	1	1	0	0
Duke Nukem	Duke Nukem	306	0	0	0	0	0	0	0	0	0	1	1	16	1	0	0	0	1	0	1	0	1	1	0	4	3	0	0	0	0	0	0	0	1	2	2	2	2	2	0	1	1	0	0
Dukes of Hazzard	Dukes of Hazzard	310	0	0	0	0	1	0	0	0	152	0	0	16	1	0	0	0	1	0	1	0	0	2	0	4	0	1	0	0	0	0	0	0	1	2	2	2	2	2	0	1	1	0	0
Dune 2000	Dune 2000	310	0	0	0	0	0	0	0	0	192	0	1	16	1	0	0	0	1	0	1	0	0	2	0	0	0	1	0	0	0	0	0	0	1	2	2	2	2	2	0	1	1	0	0
Dynasty Warriors	Dynasty Warriors	310	0	0	0	0	0	0	0	0	24	1	0	16	1	0	0	0	1	0	1	0	0	2	0	5	0	1	0	0	0	0	0	0	1	2	0	0	0	0	0	0	0	0	0
E.T. - Interplanetary Mission	E.T. - Interplanetary Mission	310	0	0	0	0	0	0	0	0	128	0	0	16	1	0	0	0	1	0	1	0	0	2	0	0	1	1	0	0	0	0	0	0	1	2	2	2	2	2	0	1	1	0	0
Eagle One - Harrier Attack	Eagle One - Harrier Attack	306	0	0	0	0	1	0	0	0	128	1	1	16	1	0	0	0	1	0	1	0	1	1	0	3	1	0	0	0	0	0	0	0	1	2	0	0	0	0	0	0	0	0	0
Earthworm Jim 2	Earthworm Jim 2	310	0	0	0	0	0	0	0	0	128	0	1	16	1	0	0	0	1	0	1	0	1	2	0	3	1	1	0	0	0	0	0	0	1	2	0	0	0	0	0	1	1	0	0
Echo Night 2	Echo Night 2	310	0	0	0	0	0	0	0	0	0	1	1	16	1	0	0	0	1	0	1	0	1	2	0	1	0	1	0	0	0	0	0	0	1	2	0	0	0	0	0	0	0	0	0
Echo Night	Echo Night	310	0	0	0	0	0	0	0	0	0	1	1	16	1	0	0	0	1	0	1	0	1	2	0	2	1	1	0	0	0	0	0	0	1	2	0	0	0	0	0	1	1	0	0
Ecsaform (Disc 1)	Ecsaform (Disc 1)	310	0	0	0	0	0	0	0	0	128	0	1	16	1	0	0	0	1	0	1	0	1	2	0	2	1	1	0	0	0	0	0	0	1	2	0	0	0	0	0	0	0	0	0
Ecsaform (Disc 2)	Ecsaform (Disc 2)	310	0	0	0	0	0	0	0	0	128	0	1	16	1	0	0	0	1	0	1	0	1	2	0	2	1	1	0	0	0	0	0	0	1	2	0	0	0	0	0	0	0	0	0
ECW Anarchy Rulz	ECW Anarchy Rulz	310	0	0	0	0	0	0	0	0	0	1	1	16	1	0	0	0	1	0	1	0	1	2	0	4	1	0	0	0	0	0	0	0	1	2	2	2	2	2	1	1	1	0	0
ECW Hardcore Revolution	ECW Hardcore Revolution	310	0	0	0	0	0	0	0	0	0	1	1	16	1	0	0	0	1	0	1	0	1	2	0	4	1	0	0	0	0	0	0	0	1	2	2	2	2	2	1	1	1	0	0
Eggs of Steel	Eggs of Steel	310	0	0	0	0	0	0	0	0	128	0	1	16	1	0	0	0	1	0	1	0	1	2	0	2	0	1	0	0	0	0	0	0	1	2	0	0	0	0	0	0	0	0	0
Egypt - Tomb of Pharaoh	Egypt - Tomb of Pharaoh	310	0	0	0	0	0	0	0	0	0	1	1	16	1	0	0	0	1	0	1	0	1	2	0	2	0	0	0	0	0	0	0	0	1	2	0	0	0	0	0	0	0	0	0
Egypt II - Heliopolis Prophecy	Egypt II - Heliopolis Prophecy	310	0	0	0	0	0	0	0	0	0	1	1	16	1	0	0	0	1	0	1	0	1	2	0	2	0	0	0	0	0	0	0	0	1	2	0	0	0	0	0	0	0	0	0
Einhander	Einhander	310	0	0	0	0	1	0	1	0	216	1	1	16	1	0	0	0	1	1	1	0	1	2	1	1	3	1	0	0	0	0	0	0	1	2	0	0	0	0	0	0	0	0	0
Elemental Gearbolt	Elemental Gearbolt	310	0	0	0	0	1	0	0	0	0	1	1	16	1	0	0	0	1	0	1	0	0	2	0	5	0	1	0	0	0	0	0	0	1	2	0	0	0	0	0	0	0	0	0
Elemental Pinball	Elemental Pinball	306	0	0	0	0	0	0	0	0	0	1	1	16	1	0	0	0	1	0	1	0	1	2	0	3	0	1	0	0	0	0	0	0	1	2	0	0	0	0	0	0	0	0	0
Eliminator	Eliminator	310	0	0	0	0	0	0	0	0	128	0	1	16	1	0	0	0	1	0	1	0	0	2	0	0	0	1	0	0	0	0	0	0	1	2	0	0	0	0	0	0	0	0	0
Emit Value Pack (Vol. 1)	Emit Value Pack (Vol. 1)	310	0	0	0	0	0	0	0	0	0	1	1	16	0	0	0	0	1	0	1	0	1	2	0	0	0	1	0	0	0	0	0	0	1	2	0	0	0	0	0	0	0	0	0
Engacho!	Engacho!	310	0	0	0	0	0	0	0	0	128	0	1	16	1	0	0	0	1	0	1	0	1	2	0	1	1	1	0	0	0	0	0	0	1	2	2	2	2	2	0	1	1	0	0
EOS - Edge of Skyhigh	EOS - Edge of Skyhigh	310	0	0	0	0	0	0	0	0	128	0	1	16	1	0	0	0	1	0	1	0	0	2	0	2	1	1	0	0	0	0	0	0	1	2	0	0	0	0	0	0	0	0	0
Epidemic	Epidemic	310	0	0	0	0	0	0	0	0	128	0	1	16	1	0	0	0	1	0	1	0	1	2	0	2	1	1	0	0	0	0	0	0	1	2	0	0	0	0	0	0	0	0	0
Equestriad 2001	Equestriad 2001	310	0	0	0	0	0	0	0	0	128	0	0	16	1	0	0	0	1	0	1	0	0	2	0	1	0	1	0	0	0	0	0	0	1	2	2	2	2	2	0	1	1	0	0
Equestrian Showcase	Equestrian Showcase	310	0	0	0	0	0	0	0	0	128	0	0	16	1	0	0	0	1	0	1	0	1	2	0	0	1	1	0	0	0	0	0	0	1	2	2	2	2	2	0	1	1	0	0
ESPN Extreme Games 2	ESPN Extreme Games 2	310	0	0	0	0	0	0	0	0	128	0	1	16	1	0	0	0	1	0	1	0	1	2	0	4	2	1	0	0	0	0	0	0	1	2	0	0	0	0	0	1	1	0	0
ESPN Extreme Games 3	ESPN Extreme Games 3	310	0	0	0	0	0	0	0	0	0	1	1	16	1	0	0	0	1	0	1	0	1	2	0	4	3	0	0	0	0	0	0	0	1	0	2	2	2	2	0	1	1	0	0
ESPN Extreme Games	ESPN Extreme Games	310	0	0	0	0	0	0	0	0	128	0	1	16	1	0	0	0	1	0	1	0	1	2	0	0	1	1	0	0	0	0	0	0	1	2	0	0	0	0	0	0	0	0	0
ESPN MLS Gamenight	ESPN MLS Gamenight	310	0	0	0	0	0	0	0	0	0	1	1	16	1	0	0	0	1	0	1	0	1	2	0	4	0	1	0	0	0	0	0	0	1	2	2	2	2	2	0	1	1	0	0
Eternal Eyes	Eternal Eyes	310	0	0	0	0	0	0	0	0	128	0	1	16	1	0	0	0	1	0	1	0	1	2	0	1	1	1	0	0	0	0	0	0	1	2	0	0	0	0	0	0	0	0	0
Europe Racer	Europe Racer	306	0	0	0	0	0	0	0	0	0	1	1	16	1	0	0	0	1	0	1	0	0	2	0	4	0	0	0	0	0	0	0	0	1	2	2	2	2	2	0	1	1	0	0
European Super League	European Super League	310	0	0	0	0	0	0	0	0	0	1	1	16	1	0	0	0	1	0	1	0	0	2	0	4	0	1	0	0	0	0	0	0	1	2	2	2	2	2	0	1	1	0	0
Everybody's Golf 2	Everybody's Golf 2	306	0	0	0	0	0	0	0	0	0	1	1	16	1	0	0	0	1	0	1	0	1	2	0	3	2	1	0	0	0	0	0	0	1	2	2	2	2	2	0	1	1	0	0
Everybody's Golf	Everybody's Golf	310	0	0	0	0	0	0	0	0	0	1	1	16	1	0	0	0	1	0	1	0	1	2	0	4	0	1	0	0	0	0	0	0	1	2	0	0	0	0	0	0	0	0	0
Evil Dead - Hail to the King (Disc 1)	Evil Dead - Hail to the King (Disc 1)	310	0	0	0	0	0	0	0	0	128	0	1	16	1	0	0	0	1	0	1	0	0	2	0	1	1	1	0	0	0	0	0	0	1	2	2	2	2	2	0	1	1	0	0
Evil Dead - Hail to the King (Disc 2)	Evil Dead - Hail to the King (Disc 2)	310	0	0	0	0	0	0	0	0	128	0	1	16	1	0	0	0	1	0	1	0	0	2	0	1	1	1	0	0	0	0	0	0	1	2	2	2	2	2	0	1	1	0	0
Evil Zone	Evil Zone	310	0	0	0	0	0	0	0	0	128	0	1	16	1	0	0	0	1	0	1	0	0	2	0	4	0	1	0	0	0	0	0	0	1	2	0	0	0	0	0	0	0	0	0
Evo's Space Adventures	Evo's Space Adventures	306	0	0	0	0	0	0	0	0	0	0	1	16	1	0	0	0	1	0	1	0	0	2	0	0	3	0	0	0	0	0	0	0	1	2	2	2	2	2	0	1	1	0	0
Exalegiuse	Exalegiuse	310	0	0	0	0	0	0	0	0	128	0	1	16	1	0	0	0	1	0	1	0	1	2	0	4	1	1	0	0	0	0	0	0	1	2	0	0	0	0	0	0	0	0	0
Excalibur 2555 A.D.	Excalibur 2555 A.D	270	0	0	0	0	0	0	0	0	0	1	1	16	1	0	0	0	1	0	1	0	1	2	0	3	0	1	0	0	0	0	0	0	1	2	0	0	0	0	0	0	0	0	0
Excalibur 2555 A.D	Excalibur 2555 A.D	310	0	0	0	0	0	0	0	0	128	0	1	16	1	0	0	0	1	0	1	0	1	2	0	0	0	1	0	0	0	0	0	0	1	2	0	0	0	0	0	0	0	0	0
Exector	Exector	310	0	0	0	0	0	0	0	0	128	0	0	16	1	0	0	0	1	0	1	0	1	2	0	0	1	1	0	0	0	0	0	0	1	2	0	0	0	0	0	0	0	0	0
Exhumed	Exhumed	310	0	0	0	0	0	0	0	0	0	1	1	16	1	0	0	0	1	0	1	0	1	2	0	1	0	1	0	0	0	0	0	0	1	2	0	0	0	0	0	1	1	0	0
Exodus Guilty	Exodus Guilty	310	0	0	0	0	0	0	0	0	128	0	1	16	1	0	0	0	1	0	1	0	1	2	0	4	0	1	0	0	0	0	0	0	1	2	0	0	0	0	0	0	0	0	0
Expendable	Expendable	310	0	0	0	0	0	0	0	0	128	0	1	16	1	0	0	0	1	0	1	0	0	2	0	0	0	1	0	0	0	0	0	0	1	2	2	2	2	2	0	1	1	0	0
Expert	Expert	310	0	0	0	0	0	0	0	0	128	0	1	16	1	0	0	0	1	0	1	0	1	2	0	4	1	1	0	0	0	0	0	0	1	2	0	0	0	0	0	0	0	0	0
Explosive Racing	Explosive Racing	310	0	0	0	0	0	0	0	0	0	0	0	16	1	0	0	0	1	0	1	0	1	2	0	4	1	0	0	0	0	0	0	0	1	0	0	0	0	0	0	0	0	0	0
Extra Bright	Extra Bright	310	0	0	0	0	0	0	0	0	72	1	1	16	1	0	0	0	1	0	1	0	0	2	0	4	3	1	0	0	0	0	0	0	1	2	0	0	0	0	0	0	0	0	0
Extreme 500	Extreme 500	310	0	0	0	0	0	0	0	0	0	1	0	16	1	0	0	0	1	0	1	0	0	1	0	0	0	1	0	0	0	0	0	0	1	2	0	0	0	0	0	0	0	0	0
Extreme Ghostbusters	Extreme Ghostbusters	310	0	0	0	0	0	0	0	0	0	1	1	16	1	0	0	0	1	0	1	0	1	2	0	4	1	0	0	0	0	0	0	0	1	0	2	2	2	2	0	1	1	0	0
Extreme Go-Kart Racing	Extreme Go-Kart Racing	310	0	0	0	0	1	0	0	0	128	0	1	16	1	0	0	0	1	0	1	0	0	2	0	4	0	1	0	0	0	0	0	0	1	2	2	2	2	2	0	1	1	0	0
Extreme Pinball	Extreme Pinball	310	0	0	0	0	0	0	0	0	128	0	0	16	1	0	0	0	1	0	1	0	1	2	0	2	0	1	0	0	0	0	0	0	1	2	0	0	0	0	0	0	0	0	0
Extreme Power	Extreme Power	310	0	0	0	0	0	0	0	0	0	1	1	16	1	0	0	0	1	0	1	0	1	2	0	1	1	1	0	0	0	0	0	0	1	2	0	0	0	0	0	0	0	0	0
Extreme Snow Break	Extreme Snow Break	310	0	0	0	0	0	0	0	0	128	0	1	16	1	0	0	0	1	0	1	0	1	2	0	4	0	1	0	0	0	0	0	0	1	2	0	0	0	0	0	0	0	0	0
Fade to Black	Fade to Black	310	0	0	0	0	0	0	0	0	128	0	1	16	1	0	0	0	1	0	1	0	1	2	0	1	0	1	0	0	0	0	0	0	1	2	0	0	0	0	0	0	0	0	0
Family Diamond	Family Diamond	310	0	0	0	0	0	0	0	0	128	0	1	16	1	0	0	0	1	0	1	0	1	2	0	1	1	1	0	0	0	0	0	0	1	2	0	0	0	0	0	0	0	0	0
Family Feud	Family Feud	310	0	0	0	0	1	0	1	0	24	1	1	16	1	0	0	0	1	0	1	0	1	2	0	4	0	1	0	0	0	0	0	0	1	2	2	2	2	2	0	1	1	0	0
Family Game Pack	Family Game Pack	310	0	0	0	0	0	0	0	0	128	0	0	16	1	0	0	0	1	0	1	0	1	2	0	4	1	1	0	0	0	0	0	0	1	2	2	2	2	2	0	1	1	0	0
Fantastic Four	Fantastic Four	310	0	0	0	0	0	0	0	0	128	0	1	16	1	0	0	0	1	0	1	0	0	2	0	1	0	1	0	0	0	0	0	0	1	2	0	0	0	0	1	0	0	0	0
Fantastic Night Dreams - Cotton	Fantastic Night Dreams - Cotton	310	0	0	0	0	0	0	0	0	128	0	0	16	1	0	0	0	1	0	1	0	1	2	0	3	1	0	0	0	0	0	0	0	1	2	2	2	2	2	0	1	1	0	0
Fantastic Pinball	Fantastic Pinball	310	0	0	0	0	0	0	0	0	128	0	0	16	1	0	0	0	1	0	1	0	2	2	0	5	1	1	0	0	0	0	0	0	1	0	0	0	0	0	0	0	0	0	0
Fatal Fury - Wild Ambition	Fatal Fury - Wild Ambition	310	0	0	0	0	0	0	0	0	64	1	1	16	1	0	0	0	1	0	1	0	0	2	0	1	1	1	0	0	0	0	0	0	1	2	2	2	2	2	0	1	1	0	0
Fatal Fury	Fatal Fury	310	0	0	0	0	0	0	0	0	0	1	1	16	1	0	0	0	1	0	1	0	2	2	0	0	1	1	0	0	0	0	0	0	1	0	0	0	0	0	0	0	0	0	0
Fear Effect (Disc 1)	Fear Effect (Disc 1)	310	0	0	0	0	1	0	0	0	128	0	1	16	1	0	0	0	1	0	1	0	1	2	0	1	1	1	0	0	0	0	0	0	1	2	2	2	2	2	0	1	1	0	0
Fear Effect (Disc 2)	Fear Effect (Disc 2)	310	0	0	0	0	1	0	0	0	128	0	1	16	1	0	0	0	1	0	1	0	1	2	0	1	1	1	0	0	0	0	0	0	1	2	2	2	2	2	0	1	1	0	0
Fear Effect (Disc 3)	Fear Effect (Disc 3)	310	0	0	0	0	1	0	0	0	128	0	1	16	1	0	0	0	1	0	1	0	1	2	0	1	1	1	0	0	0	0	0	0	1	2	2	2	2	2	0	1	1	0	0
Fear Effect (Disc 4)	Fear Effect (Disc 4)	310	0	0	0	0	1	0	0	0	128	0	1	16	1	0	0	0	1	0	1	0	1	2	0	1	1	1	0	0	0	0	0	0	1	2	2	2	2	2	0	1	1	0	0
Fear Effect (Prototype)	Fear Effect (Prototype)	310	0	0	0	0	0	0	0	0	192	0	1	16	1	0	0	0	1	0	1	0	1	2	0	3	1	0	0	0	0	0	0	0	1	2	2	2	2	2	0	1	1	0	0
Fear Effect 2 - Retro Helix (Disc 1)	Fear Effect 2 - Retro Helix (Disc 1)	310	0	0	0	0	1	0	0	0	128	0	1	16	1	0	0	0	1	0	1	0	1	2	0	1	1	1	0	0	0	0	0	0	1	2	2	2	2	2	0	1	1	0	0
Fear Effect 2 - Retro Helix (Disc 2)	Fear Effect 2 - Retro Helix (Disc 2)	310	0	0	0	0	1	0	0	0	128	0	1	16	1	0	0	0	1	0	1	0	1	2	0	0	1	1	0	0	0	0	0	0	1	2	2	2	2	2	0	1	1	0	0
Fear Effect 2 - Retro Helix (Disc 3)	Fear Effect 2 - Retro Helix (Disc 3)	310	0	0	0	0	1	0	0	0	128	0	1	16	1	0	0	0	1	0	1	0	1	2	0	1	1	1	0	0	0	0	0	0	1	2	2	2	2	2	0	1	1	0	0
Fear Effect 2 - Retro Helix (Disc 4)	Fear Effect 2 - Retro Helix (Disc 4)	310	0	0	0	0	1	0	0	0	128	0	1	16	1	0	0	0	1	0	1	0	1	2	0	1	1	1	0	0	0	0	0	0	1	2	2	2	2	2	0	1	1	0	0
Felony 11-79	Felony 11-79	306	0	0	0	0	0	0	0	0	0	1	1	16	1	0	0	0	1	0	1	0	0	2	0	4	0	1	0	0	0	0	0	0	1	2	0	0	0	0	0	0	0	0	0
FF Chronicles - Chrono Trigger	FF Chronicles - Chrono Trigger	266	0	0	0	0	0	0	0	0	0	0	0	16	1	0	0	0	1	0	1	0	2	2	0	3	2	1	0	0	0	0	0	0	1	2	0	0	0	0	0	0	0	0	0
FIFA 1996	FIFA 1996	310	0	0	0	0	0	0	0	0	0	1	1	16	1	0	0	0	1	0	1	0	1	2	0	1	1	1	0	0	0	0	0	0	1	2	0	0	0	0	0	0	0	0	0
FIFA 1997	FIFA 1997	310	0	0	0	0	0	0	0	0	128	0	1	16	1	0	0	0	1	0	1	0	0	2	0	0	0	1	0	0	0	0	0	0	1	2	0	0	0	0	0	0	0	0	0
FIFA 1998 - World Cup	FIFA 1998 - World Cup	310	0	0	0	0	1	0	0	0	128	1	0	16	1	0	0	0	1	1	1	0	0	2	0	1	0	1	0	0	0	0	0	0	1	2	0	0	0	0	0	0	0	0	0
FIFA 1998	FIFA 1998	310	0	0	0	0	1	0	0	0	128	0	0	16	1	0	0	0	1	0	1	0	1	2	0	1	0	1	0	0	0	0	0	0	1	2	2	2	2	2	0	1	1	0	0
FIFA 2002 - World Cup	FIFA 2002 - World Cup	310	0	0	0	0	0	0	0	0	0	1	0	16	1	0	0	0	1	0	1	0	0	2	0	0	0	1	0	0	0	0	0	0	1	2	2	2	2	2	0	1	1	0	0
FIFA 96	FIFA 96	310	0	0	0	0	0	0	0	0	128	0	0	16	1	0	0	0	1	0	1	0	1	2	0	4	0	1	0	0	0	0	0	0	1	2	0	0	0	0	0	0	0	0	0
FIFA World Cup 1998	FIFA World Cup 1998	310	0	0	0	0	1	0	0	0	200	0	0	16	1	0	0	0	1	0	1	0	0	1	0	1	0	1	0	0	0	0	0	0	1	2	0	0	0	0	0	0	0	0	0
Fifth Element	Fifth Element	310	0	0	0	0	0	0	0	0	128	0	1	16	1	0	0	0	1	0	1	0	1	2	0	2	1	1	0	0	0	0	0	0	1	2	0	0	0	0	0	0	0	0	0
Fighter Maker	Fighter Maker	310	0	0	0	0	0	0	0	0	0	1	0	16	1	0	0	0	1	0	1	0	1	2	0	1	0	1	0	0	0	0	0	0	1	2	0	0	0	0	0	0	0	0	0
Fighters' Impact	Fighters' Impact	310	0	0	0	0	0	0	0	0	0	1	0	16	1	0	0	0	1	0	1	0	0	0	0	0	0	1	0	0	0	0	0	0	1	2	0	0	0	0	0	0	0	0	0
Fighting Force 2	Fighting Force 2	310	0	0	0	0	1	0	0	0	0	1	1	16	1	0	0	0	1	0	1	0	0	2	0	4	0	1	0	0	0	0	0	0	1	2	2	2	2	2	0	1	1	0	0
Fighting Force	Fighting Force	310	0	0	0	0	0	0	0	0	0	0	0	16	1	0	0	0	1	0	1	0	1	2	0	3	1	1	0	0	0	0	0	0	1	2	0	0	0	0	0	0	0	0	0
Fighting Network Rings	Fighting Network Rings	310	0	0	0	0	0	0	0	0	128	0	0	16	1	0	0	0	1	0	1	0	0	2	0	4	1	1	0	0	0	0	0	0	1	2	0	0	0	0	0	0	0	0	0
Final Doom	Final Doom	310	0	0	0	0	0	0	0	0	0	0	0	16	1	0	0	0	1	0	1	0	1	2	0	4	1	1	0	0	0	0	0	0	1	2	0	0	0	0	0	1	1	0	0
Final Fantasy IV	Final Fantasy IV	310	0	0	0	0	0	0	0	0	192	0	1	16	1	0	0	0	1	0	1	0	1	2	0	1	1	0	0	0	0	0	0	0	1	2	0	0	0	0	0	0	0	0	0
Final Fantasy IX (Disc 1)	Final Fantasy IX (Disc 1)	310	0	0	0	0	0	0	0	0	128	0	1	16	1	0	0	0	1	0	1	0	1	2	0	1	0	0	0	0	0	0	0	0	1	2	2	2	2	2	0	1	1	0	0
Final Fantasy IX (Disc 2)	Final Fantasy IX (Disc 2)	310	0	0	0	0	0	0	0	0	128	0	1	16	1	0	0	0	1	0	1	0	1	2	0	1	0	0	0	0	0	0	0	0	1	2	2	2	2	2	0	1	1	0	0
Final Fantasy IX (Disc 3)	Final Fantasy IX (Disc 3)	310	0	0	0	0	0	0	0	0	128	0	1	16	1	0	0	0	1	0	1	0	1	2	0	1	0	0	0	0	0	0	0	0	1	2	2	2	2	2	0	1	1	0	0
Final Fantasy IX (Disc 4)	Final Fantasy IX (Disc 4)	310	0	0	0	0	0	0	0	0	128	0	1	16	1	0	0	0	1	0	1	0	1	2	0	1	0	0	0	0	0	0	0	0	1	2	2	2	2	2	0	1	1	0	0
Final Fantasy Origins - FF II	Final Fantasy Origins - FF II	306	0	0	0	0	0	0	0	0	0	1	1	16	1	0	0	0	1	0	1	0	1	2	0	1	1	1	0	0	0	0	0	0	1	2	2	2	2	2	0	1	1	0	0
Final Fantasy Origins - FF	Final Fantasy Origins - FF	306	0	0	0	0	0	0	0	0	0	1	1	16	1	0	0	0	1	0	1	0	1	2	0	3	0	1	0	0	0	0	0	0	1	2	2	2	2	2	0	1	1	0	0
Final Fantasy Tactics - Prime	Final Fantasy Tactics - Prime	310	0	0	0	0	0	0	0	0	128	0	1	16	1	0	0	0	1	0	1	0	1	2	0	2	0	1	0	0	0	0	0	0	1	2	0	0	0	0	0	0	0	0	0
Final Fantasy Tactics - TLW	Final Fantasy Tactics - TLW	310	0	0	0	0	0	0	0	0	0	1	1	16	1	0	1	0	1	0	1	0	1	2	0	2	0	0	0	0	0	0	0	0	1	2	0	0	0	0	0	0	0	0	0
Final Fantasy Tactics	Final Fantasy Tactics	310	0	0	0	0	0	0	0	0	128	0	1	16	1	0	1	0	1	0	1	0	1	2	0	2	0	1	0	0	0	0	0	0	1	2	0	0	0	0	0	0	0	0	0
Final Fantasy V	Final Fantasy V	306	0	0	0	0	0	0	0	0	0	1	1	16	1	0	0	0	1	0	1	0	2	2	0	3	1	0	0	0	0	0	0	0	1	0	0	0	0	0	0	0	0	0	0
Final Fantasy VI	Final Fantasy VI	306	0	0	0	0	0	0	0	0	0	1	1	16	1	0	0	0	1	0	1	0	2	2	0	3	1	0	0	0	0	0	0	0	1	0	0	0	0	0	0	0	0	0	0
Final Fantasy VII (Disc 1)	Final Fantasy VII (Disc 1)	310	0	0	0	0	0	0	0	0	192	0	1	16	1	0	0	0	1	0	1	0	1	2	0	4	0	1	0	0	0	0	0	0	1	2	0	0	0	0	0	0	0	0	0
Final Fantasy VII (Disc 2)	Final Fantasy VII (Disc 2)	306	0	0	0	0	0	0	0	0	192	0	1	16	1	0	0	0	1	0	1	0	1	2	0	4	0	1	0	0	0	0	0	0	1	2	0	0	0	0	0	0	0	0	0
Final Fantasy VII (Disc 3)	Final Fantasy VII (Disc 3)	306	0	0	0	0	0	0	0	0	192	0	1	16	1	0	0	0	1	0	1	0	1	2	0	4	0	1	0	0	0	0	0	0	1	2	0	0	0	0	0	0	0	0	0
Final Fantasy VIII (Disc 1)	Final Fantasy VIII (Disc 1)	310	0	0	0	0	1	0	0	0	72	1	1	16	1	0	0	0	1	0	1	0	1	2	0	4	0	1	0	0	0	0	0	0	1	2	2	2	2	2	0	1	1	0	0
Final Fantasy VIII (Disc 2)	Final Fantasy VIII (Disc 2)	306	0	0	0	0	1	0	0	0	128	0	1	16	1	0	0	0	1	0	1	0	1	2	0	4	0	1	0	0	0	0	0	0	1	2	2	2	2	2	0	1	1	0	0
Final Fantasy VIII (Disc 3)	Final Fantasy VIII (Disc 3)	306	0	0	0	0	1	0	0	0	128	0	1	16	1	0	0	0	1	0	1	0	1	2	0	4	0	1	0	0	0	0	0	0	1	2	2	2	2	2	0	1	1	0	0
Final Fantasy VIII (Disc 4)	Final Fantasy VIII (Disc 4)	306	0	0	0	0	1	0	0	0	128	0	1	16	1	0	0	0	1	0	1	0	1	2	0	4	0	1	0	0	0	0	0	0	1	2	2	2	2	2	0	1	1	0	0
Finger Flashing	Finger Flashing	306	0	0	0	0	0	0	0	0	0	1	1	16	1	0	0	0	1	0	1	0	1	2	0	0	0	0	0	0	0	0	0	0	1	2	2	2	2	2	0	1	1	0	0
Fire Pro Wrestling - Iron Slam '96	Fire Pro Wrestling - Iron Slam '96	310	0	0	0	0	0	0	0	0	128	0	1	16	1	0	0	0	1	0	1	0	1	2	0	0	1	1	0	0	0	0	0	0	1	2	0	0	0	0	0	0	0	0	0
Fire Pro Wrestling G	Fire Pro Wrestling G	310	0	0	0	0	0	0	0	0	0	1	1	16	1	0	0	0	1	0	1	0	1	2	0	0	1	1	0	0	0	0	0	0	1	2	0	0	0	0	0	0	0	0	0
Firebugs	Firebugs	310	0	0	0	0	0	0	0	0	0	1	1	16	1	0	0	0	1	0	1	0	0	2	0	4	0	1	0	0	0	0	0	0	1	2	2	2	2	2	0	1	1	0	0
Firestorm - Thunderhawk 2	Firestorm - Thunderhawk 2	310	0	0	0	0	0	0	0	0	0	1	1	16	1	0	0	0	1	0	1	0	1	2	0	4	0	1	0	0	0	0	0	0	1	2	0	0	0	0	0	0	0	0	0
Firo & Klawd	Firo & Klawd	310	0	0	0	0	0	0	0	0	128	0	1	16	1	0	0	0	1	0	1	0	1	2	0	3	0	1	0	0	0	0	0	0	1	2	0	0	0	0	0	0	0	0	0
Fisherman's Bait 2	Fisherman's Bait 2	310	0	0	0	0	0	0	0	0	128	0	1	16	1	0	0	0	1	0	1	0	1	2	0	0	1	1	0	0	0	0	0	0	1	2	2	2	2	2	0	1	1	0	0
Fisherman's Bait	Fisherman's Bait	310	0	0	0	0	0	0	0	0	128	0	1	16	1	0	0	0	1	0	1	0	1	2	0	0	1	1	0	0	0	0	0	0	1	2	2	2	2	2	0	1	1	0	0
Fist of The North Star	Fist of The North Star	310	0	0	0	0	0	0	0	0	128	0	0	16	1	0	0	0	1	0	1	0	0	1	0	4	0	1	0	0	0	0	0	0	1	2	2	2	2	2	0	1	1	0	0
Fist	Fist	310	0	0	0	0	0	0	0	0	128	0	0	16	1	0	0	0	1	0	1	0	1	2	0	0	1	1	0	0	0	0	0	0	1	2	0	0	0	0	0	0	0	0	0
Floating Runner	Floating Runner	306	0	0	0	0	0	0	0	0	0	0	1	16	1	0	0	0	1	0	1	0	1	2	0	4	1	0	0	0	0	0	0	0	1	0	0	0	0	0	0	0	0	0	0
Fluid	Fluid	310	0	0	0	0	0	0	0	0	128	0	0	16	1	0	0	0	1	0	1	0	1	2	0	2	1	1	0	0	0	0	0	0	1	2	0	0	0	0	0	0	0	0	0
Flying Squadron	Flying Squadron	310	0	0	0	0	0	0	0	0	128	0	0	16	1	0	0	0	1	0	1	0	0	2	0	4	0	1	0	0	0	0	0	0	1	2	2	2	2	2	0	1	1	0	0
Football Madness	Football Madness	310	0	0	0	0	0	0	0	0	128	0	1	16	1	0	0	0	1	0	1	0	0	2	0	1	0	1	0	0	0	0	0	0	1	2	2	2	2	2	0	1	1	0	0
Football Manager 2000	Football Manager 2000	310	0	0	0	0	0	0	0	0	128	0	1	16	1	0	0	0	1	0	1	0	0	2	0	0	0	1	0	0	0	0	0	0	1	2	2	2	2	2	0	1	1	0	0
Football Manager 2001	Football Manager 2001	310	0	0	0	0	0	0	0	0	128	0	1	16	1	0	0	0	1	0	1	0	0	2	0	2	0	1	0	0	0	0	0	0	1	2	2	2	2	2	0	1	1	0	0
Ford Racing	Ford Racing	310	0	0	0	0	0	0	0	0	0	0	0	16	1	0	0	0	1	0	1	0	1	2	0	0	0	1	0	0	0	0	0	0	1	0	2	2	2	2	0	1	1	0	0
Ford Truck Mania	Ford Truck Mania	310	0	0	0	0	0	0	0	0	0	1	1	16	1	0	0	0	1	0	1	0	0	1	0	5	0	1	0	0	0	0	0	0	1	2	2	2	2	2	0	1	1	0	0
Formula 1 - 1997 CE	Formula 1 - 1997 CE	310	0	0	0	0	0	0	0	0	0	1	1	16	1	0	0	0	1	0	1	0	0	2	0	4	0	1	0	0	0	0	0	0	1	2	0	0	0	0	0	0	0	0	0
Formula 1 - Arcade	Formula 1 - Arcade	310	0	0	0	0	0	0	0	0	0	1	1	16	1	0	0	0	1	0	1	0	0	2	0	4	0	1	0	0	0	0	0	0	1	2	2	2	2	2	0	1	1	0	0
Formula 1 - CE	Formula 1 - CE	310	0	0	0	0	0	0	0	0	128	0	0	16	1	0	0	0	1	0	1	0	1	2	0	1	0	1	0	0	0	0	0	0	1	2	0	0	0	0	0	0	0	0	0
Formula 1 - GP Nippon	Formula 1 - GP Nippon	310	0	0	0	0	0	0	0	0	128	0	1	16	1	0	0	0	1	0	1	0	0	2	0	1	1	1	0	0	0	0	0	0	1	2	0	0	0	0	0	0	0	0	0
Formula 1 - World Grand Prix	Formula 1 - World Grand Prix	310	0	0	0	0	1	0	0	0	0	1	0	16	1	0	0	0	1	0	1	0	0	2	0	2	0	1	0	0	0	0	0	0	1	2	2	2	2	2	0	1	1	0	0
Formula 1	Formula 1	310	0	0	0	0	0	0	0	0	128	0	0	16	1	0	0	0	1	0	1	0	0	2	0	4	0	1	0	0	0	0	0	0	1	2	0	0	0	0	0	0	0	0	0
Formula Circus	Formula Circus	306	0	0	0	0	0	0	0	0	0	0	1	16	1	0	0	0	1	0	1	0	1	2	0	4	1	0	0	0	0	0	0	0	1	0	0	0	0	0	0	0	0	0	0
Formula Karts - Special Edition	Formula Karts - Special Edition	310	0	0	0	0	0	0	0	0	128	0	0	16	1	0	0	0	1	0	1	0	1	2	0	3	1	0	0	0	0	0	0	0	1	0	0	0	0	0	0	0	0	0	0
Formula Nippon	Formula Nippon	310	0	0	0	0	0	0	0	0	0	0	0	16	1	0	0	0	1	0	1	0	0	2	0	5	0	1	0	0	0	0	0	0	1	2	2	2	2	2	0	1	1	0	0
Formula One	Formula One	306	0	0	0	0	0	0	0	0	0	1	1	16	1	0	0	0	1	0	1	0	2	2	0	4	3	0	0	0	0	0	0	0	1	0	0	0	0	0	0	0	0	0	0
Forsaken	Forsaken	310	0	0	0	0	0	0	0	0	0	1	1	16	1	0	0	0	1	0	1	0	1	2	0	4	1	0	0	0	0	0	0	0	1	2	0	0	0	0	0	0	0	0	0
Fox Hunt (Disc 1)	Fox Hunt (Disc 1)	310	0	0	0	0	1	0	0	0	0	0	0	16	1	0	0	0	1	0	1	0	1	2	0	4	1	1	0	0	0	0	0	0	1	2	0	0	0	0	0	0	0	0	0
Fox Hunt (Disc 2)	Fox Hunt (Disc 2)	310	0	0	0	0	1	0	0	0	0	0	0	16	1	0	0	0	1	0	1	0	1	2	0	4	1	1	0	0	0	0	0	0	1	2	0	0	0	0	0	0	0	0	0
Fox Hunt (Disc 3)	Fox Hunt (Disc 3)	310	0	0	0	0	1	0	0	0	0	0	0	16	1	0	0	0	1	0	1	0	1	2	0	4	1	1	0	0	0	0	0	0	1	2	0	0	0	0	0	0	0	0	0
Freestyle Boardin' '99	Freestyle Boardin' '99	310	0	0	0	0	0	0	0	0	128	0	0	16	1	0	0	0	1	0	1	0	0	2	0	0	1	1	0	0	0	0	0	0	1	2	2	2	2	2	0	1	1	0	0
Freestyle Motocross	Freestyle Motocross	310	0	0	0	0	0	0	0	0	128	0	0	16	1	0	0	0	1	0	1	0	0	2	0	4	0	1	0	0	0	0	0	0	1	2	2	2	2	2	0	1	1	0	0
Frenzy!	Frenzy!	310	0	0	0	0	0	0	0	0	128	0	0	16	1	0	0	0	1	0	1	0	1	2	0	0	1	1	0	0	0	0	0	0	1	2	2	2	2	2	0	1	1	0	0
Friday Night Funkin'	Friday Night Funkin'	310	0	0	0	0	0	0	0	0	0	1	1	16	1	0	0	0	1	0	1	0	1	2	0	4	1	1	0	0	0	0	0	0	1	2	2	2	2	2	0	1	1	0	0
Frisky Tom	Frisky Tom	310	0	0	0	0	0	0	0	0	128	0	1	16	1	0	0	0	1	0	1	0	1	2	0	4	0	1	0	0	0	0	0	0	1	2	0	0	0	0	0	0	0	0	0
Frogger 2 - Swampy's Revenge	Frogger 2 - Swampy's Revenge	310	0	0	0	0	1	0	0	0	24	1	1	16	1	0	0	0	1	0	1	0	0	1	0	4	0	1	0	0	0	0	0	0	1	2	2	2	2	2	0	1	1	0	0
Frogger	Frogger	310	0	0	0	0	1	0	0	0	88	1	1	16	1	0	0	0	1	0	1	0	0	2	0	1	1	1	0	0	0	0	0	0	1	2	2	2	2	2	0	1	1	0	0
Front Mission 1st	Front Mission 1st	310	0	0	0	0	0	0	0	0	0	1	1	16	1	0	0	0	1	0	1	0	1	2	0	1	0	1	0	0	0	0	0	0	1	2	0	0	0	0	0	0	0	0	0
Front Mission 2	Front Mission 2	310	0	0	0	0	0	0	0	0	128	1	1	16	1	0	0	0	1	0	1	0	1	2	0	3	1	1	0	0	0	0	0	0	1	2	0	0	0	0	0	0	0	0	0
Front Mission 3	Front Mission 3	310	0	0	0	0	0	0	0	0	0	1	1	16	1	0	0	0	1	0	1	0	1	2	0	1	0	1	0	0	0	0	0	0	1	2	0	0	0	0	0	1	1	0	0
Front Mission Alternative	Front Mission Alternative	310	0	0	0	0	0	0	0	0	0	1	1	16	1	0	0	0	1	0	1	0	0	2	0	1	0	1	0	0	0	0	0	0	1	2	0	0	0	0	0	0	0	0	0
Fun! Fun! Pingu	Fun! Fun! Pingu	310	0	0	0	0	0	0	0	0	136	0	1	16	1	0	0	0	1	0	1	0	0	1	0	2	0	1	0	0	0	0	0	0	1	2	2	2	2	2	0	1	1	0	0
Future Cop LAPD	Future Cop LAPD	310	0	0	0	0	0	0	0	0	128	0	0	16	1	0	0	0	1	0	1	0	1	2	0	3	1	1	0	0	0	0	0	0	1	2	0	0	0	0	0	0	0	0	0
Future Racer	Future Racer	306	0	0	0	0	0	0	0	0	0	1	1	16	1	0	0	0	1	0	1	0	2	2	0	4	1	0	0	0	0	0	0	0	1	0	2	2	2	2	0	1	1	0	0
Fuuun Gokuu Ninden	Fuuun Gokuu Ninden	306	0	0	0	0	0	0	0	0	0	0	0	16	1	0	0	0	1	0	1	0	2	2	0	1	1	0	0	0	0	0	0	0	1	0	0	0	0	0	0	0	0	0	0
G-Police (Disc 1)	G-Police (Disc 1)	310	0	0	0	0	1	0	0	0	8	1	1	16	1	0	0	0	1	0	1	0	0	2	0	2	0	1	0	0	0	0	0	0	1	2	0	0	0	0	0	0	0	0	0
G-Police (Disc 2)	G-Police (Disc 2)	306	0	0	0	0	0	0	0	0	192	0	1	16	1	0	0	0	1	0	1	0	1	2	0	4	0	1	0	0	0	0	0	0	1	2	0	0	0	0	0	0	0	0	0
G-Police - Weapons of Justice	G-Police - Weapons of Justice	310	0	0	0	0	1	0	0	0	8	1	1	16	1	0	0	0	1	0	1	0	0	1	0	1	0	1	0	0	0	0	0	0	1	2	2	2	2	2	0	1	1	0	0
G-Police 2 - Weapons of Justice	G-Police 2 - Weapons of Justice	306	0	0	0	0	1	0	0	0	0	1	1	16	1	0	0	0	1	0	1	0	0	2	0	4	3	0	0	0	0	0	0	0	1	2	2	2	2	2	0	1	1	0	0
G-Police	G-Police	310	0	0	0	0	1	0	0	0	8	1	1	16	1	0	0	0	1	0	1	0	0	0	0	0	2	1	0	0	0	0	0	0	1	2	0	0	0	0	0	0	0	0	0
G. Darius	G. Darius	310	0	0	0	0	1	0	0	0	0	1	1	16	1	0	0	0	1	0	1	0	0	2	0	0	0	1	0	0	0	0	0	0	1	2	2	2	2	2	0	1	1	0	0
Gaiaseed - Project Seed Trap	Gaiaseed - Project Seed Trap	310	0	0	0	0	0	0	0	0	128	0	1	16	1	0	0	0	1	0	1	0	1	2	0	2	1	1	0	0	0	0	0	0	1	2	0	0	0	0	0	0	0	0	0
Galaga - Destination Earth	Galaga - Destination Earth	310	0	0	0	0	0	0	0	0	128	0	0	16	1	0	0	0	1	0	1	0	1	2	0	1	0	1	0	0	0	0	0	0	1	2	2	2	2	2	0	1	1	0	0
Galaxian 3	Galaxian 3	310	0	0	0	0	0	0	0	0	128	0	1	16	1	0	0	0	1	0	1	0	1	2	0	4	1	1	0	0	0	0	0	0	1	2	2	2	2	2	1	0	0	0	0
Galaxy Fight	Galaxy Fight	310	0	0	0	0	0	0	0	0	0	1	1	16	1	0	0	0	1	0	1	0	1	2	0	0	0	1	0	0	0	0	0	0	1	2	0	0	0	0	0	0	0	0	0
Galaxy Fraulein Yuna - Final Edition	Galaxy Fraulein Yuna - Final Edition	310	0	0	0	0	0	0	0	0	128	0	1	16	1	0	0	0	1	0	1	0	0	2	0	4	0	1	0	0	0	0	0	0	1	2	0	0	0	0	0	0	0	0	0
Gale Gunner	Gale Gunner	310	0	0	0	0	0	0	0	0	0	1	1	16	1	0	0	0	1	0	1	0	1	2	0	3	1	1	0	0	0	0	0	0	1	2	2	2	2	2	0	1	1	0	0
Galerians (Disc 1)	Galerians (Disc 1)	310	0	0	0	0	0	0	0	0	0	1	1	16	1	0	0	0	1	0	1	0	1	2	0	3	1	1	0	0	0	0	0	0	1	2	2	2	2	2	0	1	1	0	0
Galerians (Disc 2)	Galerians (Disc 2)	310	0	0	0	0	0	0	0	0	0	1	1	16	1	0	0	0	1	0	1	0	1	2	0	3	1	1	0	0	0	0	0	0	1	2	2	2	2	2	0	1	1	0	0
Galerians (Disc 3)	Galerians (Disc 3)	310	0	0	0	0	0	0	0	0	0	1	1	16	1	0	0	0	1	0	1	0	1	2	0	3	1	1	0	0	0	0	0	0	1	2	2	2	2	2	0	1	1	0	0
Gallop Racer	Gallop Racer	310	0	0	0	0	0	0	0	0	128	0	0	16	1	0	0	0	1	0	1	0	0	2	0	4	0	1	0	0	0	0	0	0	1	2	0	0	0	0	0	0	0	0	0
Gamera 2000	Gamera 2000	306	0	0	0	0	0	0	0	0	0	1	1	16	1	0	0	0	1	0	1	0	2	2	0	4	1	0	0	0	0	0	0	0	1	0	0	0	0	0	0	0	0	0	0
Ganbare Goemon - Kaizoku Akogingu	Ganbare Goemon - Kaizoku Akogingu	270	0	0	0	0	0	0	0	0	0	1	1	16	1	0	0	0	1	0	1	0	2	2	0	3	1	0	0	0	0	0	0	0	1	0	0	0	0	0	0	0	0	0	0
Ganbare Goemon - Kuru Nara Koi!	Ganbare Goemon - Kuru Nara Koi!	310	0	0	0	0	1	0	0	0	72	1	1	16	1	0	0	0	1	0	1	0	0	2	0	2	0	1	0	0	0	0	0	0	1	2	0	0	0	0	0	0	0	0	0
Ganbare Goemon - Oedo Daikaiten	Ganbare Goemon - Oedo Daikaiten	310	0	0	0	0	0	0	0	0	128	0	1	16	1	0	0	0	1	0	1	0	0	2	0	1	0	1	0	0	0	0	0	0	1	2	2	2	2	2	0	1	1	0	0
Ganbare Goemon - Space Pirate	Ganbare Goemon - Space Pirate	310	0	0	0	0	0	0	0	0	0	1	1	16	1	0	0	0	1	0	1	0	0	2	0	4	0	1	0	0	0	0	0	0	1	2	0	0	0	0	0	0	0	0	0
Gauntlet Legends	Gauntlet Legends	310	0	0	0	0	1	0	0	0	0	1	1	16	1	0	0	0	1	0	1	0	0	2	0	4	0	1	0	0	0	0	0	0	1	2	2	2	2	2	1	1	1	0	0
Gear Fighter Dendoh	Gear Fighter Dendoh	306	0	0	0	0	0	0	0	0	0	1	1	16	1	0	0	0	1	0	1	0	2	2	0	1	1	0	0	0	0	0	0	0	1	2	2	2	2	2	0	1	1	0	0
GeGeGe no Kitarou - Gyakushuu!	GeGeGe no Kitarou - Gyakushuu!	310	0	0	0	0	0	0	0	0	0	1	1	16	1	0	0	0	1	0	1	0	0	2	0	1	1	0	0	0	0	0	0	0	1	2	2	2	2	2	0	1	1	0	0
Gekido - Urban Fighters	Gekido - Urban Fighters	310	0	0	0	0	0	0	0	0	0	0	1	16	1	0	0	0	1	0	1	0	1	2	0	4	1	1	0	0	0	0	0	0	1	2	2	2	2	2	1	1	1	0	0
Gekioh - Shooting King	Gekioh - Shooting King	310	0	0	0	0	0	0	0	0	0	1	1	16	1	0	0	0	1	0	1	0	1	2	0	4	1	0	0	0	0	0	0	0	1	2	2	2	2	2	0	1	1	0	0
Gekisha Boy	Gekisha Boy	310	0	0	0	0	0	0	0	0	0	0	0	16	1	0	0	0	1	0	1	0	2	2	0	3	1	0	0	0	0	0	0	0	1	0	2	2	2	2	0	1	1	0	0
Gekisou Tomarunner	Gekisou Tomarunner	310	0	0	0	0	0	0	0	0	128	0	0	16	1	0	0	0	1	0	1	0	1	2	0	1	1	1	0	0	0	0	0	0	1	2	0	0	0	0	0	0	0	0	0
Genei Tougi - Shadow Struggle	Genei Tougi - Shadow Struggle	310	0	0	0	0	0	0	0	0	128	0	0	16	1	0	0	0	1	0	1	0	0	2	0	2	1	1	0	0	0	0	0	0	1	2	0	0	0	0	0	0	0	0	0
Geom Cube	Geom Cube	310	0	0	0	0	0	0	0	0	0	0	0	16	1	0	0	0	1	0	1	0	1	2	0	3	1	0	0	0	0	0	0	0	1	0	0	0	0	0	0	0	0	0	0
Geppy-X (Disc 1)	Geppy-X (Disc 1)	306	0	0	0	0	0	0	0	0	0	0	0	16	1	0	0	0	1	0	1	0	2	2	0	3	1	0	0	0	0	0	0	0	1	2	2	2	2	2	0	1	1	0	0
Geppy-X (Disc 2)	Geppy-X (Disc 2)	306	0	0	0	0	0	0	0	0	0	0	0	16	1	0	0	0	1	0	1	0	2	2	0	3	1	0	0	0	0	0	0	0	1	2	2	2	2	2	0	1	1	0	0
Geppy-X (Disc 3)	Geppy-X (Disc 3)	306	0	0	0	0	0	0	0	0	0	0	0	16	1	0	0	0	1	0	1	0	2	2	0	3	1	0	0	0	0	0	0	0	1	2	2	2	2	2	0	1	1	0	0
Geppy-X (Disc 4)	Geppy-X (Disc 4)	306	0	0	0	0	0	0	0	0	0	0	0	16	1	0	0	0	1	0	1	0	2	2	0	3	1	0	0	0	0	0	0	0	1	2	2	2	2	2	0	1	1	0	0
Gex 2 - Enter the Gecko	Gex 2 - Enter the Gecko	310	0	0	0	0	1	0	1	0	8	1	1	16	1	0	0	0	1	0	1	0	0	2	0	4	0	1	0	0	0	0	0	0	1	2	2	2	2	2	0	1	1	0	0
Gex 3 - Deep Cover Gecko	Gex 3 - Deep Cover Gecko	310	0	0	0	0	1	0	1	0	72	1	0	16	1	0	0	0	1	0	1	0	0	2	0	4	0	1	0	0	0	0	0	0	1	2	2	2	2	2	0	1	1	0	0
Gex 3D - Enter the Gecko	Gex 3D - Enter the Gecko	306	0	0	0	0	1	0	0	0	0	1	1	16	1	0	0	0	1	0	1	0	2	2	0	4	3	0	0	0	0	0	0	0	1	0	2	2	2	2	0	1	1	0	0
Gex 3D	Gex 3D	306	0	0	0	0	0	0	0	0	0	1	1	16	1	0	0	0	1	0	1	0	1	2	0	3	1	0	0	0	0	0	0	0	1	0	2	2	2	2	0	1	1	0	0
Gex	Gex	310	0	0	0	0	0	0	0	0	128	0	1	16	1	0	0	0	1	0	1	0	1	2	0	2	1	1	0	0	0	0	0	0	1	2	0	0	0	0	0	0	0	0	0
Ghost in the Shell	Ghost in the Shell	310	0	0	0	0	1	0	0	0	192	0	1	16	1	0	0	0	1	0	1	0	1	1	0	4	3	1	0	0	0	0	0	0	1	0	0	0	0	0	0	0	0	0	0
Ghoul Panic	Ghoul Panic	310	0	0	0	0	0	0	0	0	0	0	1	16	1	0	0	0	1	0	1	0	0	2	0	4	0	1	0	0	0	0	0	0	1	2	2	2	2	2	0	1	1	0	0
Global Domination	Global Domination	310	0	0	0	0	0	0	0	0	0	1	1	16	1	0	0	0	1	0	1	0	0	2	0	1	1	1	0	0	0	0	0	0	1	2	2	2	2	2	0	1	1	0	0
Goemon - New Generation	Goemon - New Generation	310	0	0	0	0	0	0	0	0	128	0	0	16	1	0	0	0	1	0	1	0	0	2	0	5	0	1	0	0	0	0	0	0	1	2	2	2	2	2	0	1	1	0	0
Goiken Muyou II	Goiken Muyou II	310	0	0	0	0	0	0	0	0	8	1	0	16	1	0	0	0	1	1	1	0	0	2	0	1	0	1	0	0	0	0	0	0	1	2	0	0	0	0	0	0	0	0	0
Gold & Glory - Road to El Dorado	Gold & Glory - Road to El Dorado	310	0	0	0	0	1	0	0	0	0	1	1	16	1	0	0	0	1	0	1	0	0	2	0	1	1	1	0	0	0	0	0	0	1	2	2	2	2	2	0	1	1	0	0
Golden Nugget (Disc 1)	Golden Nugget (Disc 1)	310	0	0	0	0	0	0	0	0	0	1	1	16	1	0	0	0	1	0	1	0	1	2	0	4	1	1	0	0	0	0	0	0	1	2	0	0	0	0	0	0	0	0	0
Golden Nugget (Disc 2)	Golden Nugget (Disc 2)	310	0	0	0	0	0	0	0	0	0	1	1	16	1	0	0	0	1	0	1	0	1	2	0	4	1	1	0	0	0	0	0	0	1	2	0	0	0	0	0	0	0	0	0
Golgo 13 (Vol. 1)	Golgo 13 (Vol. 1)	310	0	0	0	0	0	0	0	0	0	1	1	16	1	0	0	0	1	0	1	0	1	2	0	2	1	1	0	0	0	0	0	0	1	2	0	0	0	0	0	0	0	0	0
Golgo 13 (Vol. 2)	Golgo 13 (Vol. 2)	310	0	0	0	0	0	0	0	0	0	1	1	16	1	0	0	0	1	0	1	0	1	2	0	2	1	1	0	0	0	0	0	0	1	2	0	0	0	0	0	0	0	0	0
Golgo 13 Vol. 1	Golgo 13 Vol. 1	310	0	0	0	0	0	0	0	0	128	0	1	16	1	0	0	0	1	0	1	0	1	2	0	2	1	1	0	0	0	0	0	0	1	2	0	0	0	0	0	0	0	0	0
Golgo 13 Vol. 2	Golgo 13 Vol. 2	310	0	0	0	0	0	0	0	0	128	0	1	16	1	0	0	0	1	0	1	0	1	2	0	2	1	1	0	0	0	0	0	0	1	2	0	0	0	0	0	0	0	0	0
Goofy's Fun House	Goofy's Fun House	310	0	0	0	0	0	0	0	0	128	0	1	16	1	0	0	0	1	0	1	0	0	2	0	4	0	1	0	0	0	0	0	0	1	2	2	2	2	2	0	1	1	0	0
Gradius Deluxe Pack	Gradius Deluxe Pack	310	0	0	0	0	0	0	0	0	128	0	0	16	1	0	0	0	1	0	1	0	1	2	0	3	1	0	0	0	0	0	0	0	1	0	0	0	0	0	0	0	0	0	0
Gradius Gaiden	Gradius Gaiden	310	0	0	0	0	0	0	0	0	0	0	1	16	1	0	0	0	1	0	1	0	1	2	0	4	1	0	0	0	0	0	0	0	1	2	0	0	0	0	0	0	0	0	0
Gran Turismo 2 (Arcade Mode)	Gran Turismo 2 (Arcade Mode)	310	0	0	0	0	1	0	0	0	128	0	0	16	1	0	0	0	1	0	1	0	0	0	0	1	0	1	0	0	0	0	0	0	1	2	2	2	2	2	0	1	1	0	0
Gran Turismo	Gran Turismo	310	0	0	0	0	0	0	0	0	216	0	1	16	1	0	0	0	1	1	1	0	0	2	0	0	0	1	0	0	0	0	0	0	1	2	2	2	2	2	0	1	1	0	0
Grand Slam	Grand Slam	310	0	0	0	0	0	0	0	0	128	0	0	16	1	0	0	0	1	0	1	0	1	2	0	1	1	1	0	0	0	0	0	0	1	2	0	0	0	0	0	0	0	0	0
Grand Theft Auto - London	Grand Theft Auto - London	310	0	0	0	0	0	0	0	0	0	0	0	16	1	0	0	0	1	0	1	0	1	2	0	3	1	0	0	0	0	0	0	0	1	2	2	2	2	2	0	1	1	0	0
Grand Theft Auto 2	Grand Theft Auto 2	310	0	0	0	0	0	0	0	0	152	0	1	16	1	0	0	0	1	0	1	0	0	2	0	0	1	1	0	0	0	0	0	0	1	2	2	2	2	2	0	0	0	0	0
Grand Theft Auto London	Grand Theft Auto London	270	0	0	0	0	0	0	0	0	128	0	1	16	1	0	0	0	1	0	1	0	2	2	0	3	1	1	0	0	0	0	0	0	1	2	2	2	2	2	0	1	1	0	0
Grand Theft Auto	Grand Theft Auto	310	0	0	0	0	0	0	0	0	0	0	0	16	1	0	0	0	1	0	1	0	1	2	0	1	1	1	0	0	0	0	0	0	1	2	0	0	0	0	0	0	0	0	0
Grand Tour Racing '98	Grand Tour Racing '98	310	0	0	0	0	0	0	0	0	0	1	1	16	1	0	0	0	1	0	1	0	0	2	0	4	0	1	0	0	0	0	0	0	1	2	0	0	0	0	0	0	0	0	0
Grandia (Disc 1)	Grandia (Disc 1)	310	0	0	0	0	0	0	0	0	0	1	1	16	1	0	0	0	1	0	1	0	1	2	0	3	0	1	0	0	0	0	0	0	1	2	2	2	2	2	0	1	1	0	0
Grandia (Disc 2)	Grandia (Disc 2)	310	0	0	0	0	0	0	0	0	0	1	1	16	1	0	0	0	1	0	1	0	1	2	0	3	0	1	0	0	0	0	0	0	1	2	2	2	2	2	0	1	1	0	0
Grandia ReDux (Disc 1)	Grandia ReDux (Disc 1)	310	0	0	0	0	0	0	0	0	0	1	1	16	1	0	0	0	1	0	1	0	2	2	0	3	1	0	0	0	0	0	0	0	1	2	2	2	2	2	0	1	1	0	0
Granstream Saga	Granstream Saga	310	0	0	0	0	0	0	0	0	128	0	1	16	1	0	0	0	1	0	1	0	1	2	0	4	0	1	0	0	0	0	0	0	1	2	0	0	0	0	0	0	0	0	0
Grid Run	Grid Run	310	0	0	0	0	0	0	0	0	128	0	0	16	1	0	0	0	1	0	1	0	1	2	0	3	1	0	0	0	0	0	0	0	1	0	0	0	0	0	0	0	0	0	0
Grind Session	Grind Session	310	0	0	0	0	0	0	0	0	0	1	1	16	1	0	0	0	1	0	1	0	0	2	0	4	0	1	0	0	0	0	0	0	1	2	2	2	2	2	0	1	1	0	0
Groove Jigoku V - SweepStation	Groove Jigoku V - SweepStation	310	0	0	0	0	0	0	0	0	0	1	1	16	1	0	0	0	1	0	1	0	0	2	0	4	1	1	0	0	0	0	0	0	1	2	0	0	0	0	0	0	0	0	0
Grudge Warriors	Grudge Warriors	310	0	0	0	0	1	0	0	0	128	0	0	16	1	0	0	0	1	0	1	0	0	2	0	1	1	1	0	0	0	0	0	0	1	2	2	2	2	2	0	1	1	0	0
GT - Straight Victory	GT - Straight Victory	310	0	0	0	0	0	0	0	0	0	0	0	16	1	0	0	0	1	0	1	0	0	2	0	4	3	0	0	0	0	0	0	0	1	2	2	2	2	2	0	1	1	0	0
GT Kai - All Japan Touring Car	GT Kai - All Japan Touring Car	310	0	0	0	0	0	0	0	0	128	0	0	16	1	0	0	0	1	0	1	0	2	2	0	1	0	0	0	0	0	0	0	0	1	2	0	0	0	0	0	0	0	0	0
Guardian of Darkness	Guardian of Darkness	310	0	0	0	0	0	0	0	0	0	1	1	16	1	0	0	0	1	0	1	0	0	2	0	4	0	1	0	0	0	0	0	0	1	2	2	2	2	2	0	1	1	0	0
Guardian's Crusade	Guardian's Crusade	310	0	0	0	0	0	0	0	0	0	1	1	16	1	0	0	0	1	0	1	0	1	2	0	4	1	1	0	0	0	0	0	0	1	2	2	2	2	2	0	1	1	0	0
Gubble	Gubble	310	0	0	0	0	0	0	0	0	0	1	1	16	1	0	0	0	1	0	1	0	1	2	0	3	1	0	0	0	0	0	0	0	1	0	2	2	2	2	0	1	1	0	0
Guilty Gear	Guilty Gear	310	0	0	0	0	0	0	0	0	128	1	0	16	1	0	0	0	1	0	1	0	1	2	0	3	1	0	0	0	0	0	0	0	1	0	0	0	0	0	0	0	0	0	0
Gunbare! Game Tengoku - GP 2	Gunbare! Game Tengoku - GP 2	310	0	0	0	0	0	0	0	0	16	1	1	16	1	0	0	0	1	0	1	0	0	2	0	1	0	1	0	0	0	0	0	0	1	2	0	0	0	0	0	0	0	0	0
Gundam 0079 - War for Earth (Disc 1)	Gundam 0079 - War for Earth (Disc 1)	310	0	0	0	0	0	0	0	0	128	0	1	16	1	0	0	0	1	0	1	0	0	2	0	0	1	1	0	0	0	0	0	0	1	2	0	0	0	0	0	0	0	0	0
Gundam 0079 - War for Earth (Disc 2)	Gundam 0079 - War for Earth (Disc 2)	310	0	0	0	0	0	0	0	0	128	0	1	16	1	0	0	0	1	0	1	0	0	2	0	0	1	1	0	0	0	0	0	0	1	2	0	0	0	0	0	0	0	0	0
Gundam Battle Assault 2	Gundam Battle Assault 2	310	0	0	0	0	1	0	0	0	64	1	1	16	1	0	0	0	1	0	1	0	0	2	0	4	0	1	0	0	0	0	0	0	1	2	2	2	2	2	0	1	1	0	0
Gundam Battle Assault	Gundam Battle Assault	310	0	0	0	0	0	0	0	0	128	0	1	16	1	0	0	0	1	0	1	0	2	2	0	1	2	1	0	0	0	0	0	0	1	2	0	0	0	0	0	0	0	0	0
Gundress	Gundress	310	0	0	0	0	0	0	0	0	0	1	1	16	1	0	0	0	1	0	1	0	1	2	0	4	0	1	0	0	0	0	0	0	1	2	0	0	0	0	0	0	0	0	0
Gunfighter - Jesse James	Gunfighter - Jesse James	306	0	0	0	0	1	0	0	0	0	1	1	16	1	0	0	0	1	0	1	0	0	2	0	5	0	0	0	0	0	0	0	0	1	2	2	2	2	2	0	1	1	0	0
Gunfighter - Legend of Jesse James	Gunfighter - Legend of Jesse James	306	0	0	0	0	1	0	0	0	72	1	1	16	1	0	0	0	1	0	1	0	0	1	0	1	0	0	0	0	0	0	0	0	1	2	2	2	2	2	0	1	1	0	0
Gungage	Gungage	306	0	0	0	0	0	0	0	0	192	0	0	16	1	0	0	0	1	0	1	0	1	2	0	5	1	0	0	0	0	0	0	0	1	0	2	2	2	2	0	1	1	0	0
Gunners Heaven	Gunners Heaven	310	0	0	0	0	0	0	0	0	0	1	1	16	1	0	0	0	1	0	1	0	0	2	0	4	0	1	0	0	0	0	0	0	1	2	0	0	0	0	0	0	0	0	0
Gunnm - Martian Memory	Gunnm - Martian Memory	310	1	0	0	0	1	0	0	0	8	1	1	16	1	0	0	0	1	0	1	0	1	2	0	3	0	1	0	0	0	0	0	0	1	2	2	2	2	2	0	1	1	0	0
Gunpey	Gunpey	310	0	0	0	0	0	0	0	0	128	0	1	16	1	0	0	0	1	0	1	0	0	2	0	1	1	1	0	0	0	0	0	0	1	2	2	2	2	2	0	1	1	0	0
Gunship	Gunship	310	0	0	0	0	0	0	0	0	128	0	1	16	1	0	0	0	1	0	1	0	1	2	0	0	0	1	0	0	0	0	0	0	1	2	0	0	0	0	0	0	0	0	0
Guntu - Western Front 1944	Guntu - Western Front 1944	310	0	0	0	0	0	0	0	0	128	0	1	16	1	0	0	0	1	0	1	0	1	2	0	1	1	1	0	0	0	0	0	0	1	2	0	0	0	0	0	0	0	0	0
Gussun Oyoyo	Gussun Oyoyo	310	0	0	0	0	0	0	0	0	128	0	0	16	1	0	0	0	1	0	1	0	2	2	0	0	1	1	0	0	0	0	0	0	1	2	0	0	0	0	0	0	0	0	0
Hakaiou - King of Crusher	Hakaiou - King of Crusher	306	0	0	0	0	0	0	0	0	0	1	1	16	1	0	0	0	1	0	1	0	1	2	0	4	1	0	0	0	0	0	0	0	1	0	2	2	2	2	0	1	1	0	0
Happy Jogging in Hawaii	Happy Jogging in Hawaii	310	0	0	0	0	0	0	0	0	128	0	0	16	1	0	0	0	1	0	1	0	1	2	0	0	1	1	0	0	0	0	0	0	1	2	0	0	0	0	0	0	0	0	0
Hard Boiled	Hard Boiled	310	0	0	0	0	0	0	1	0	24	1	0	16	1	0	0	0	1	0	1	0	1	2	0	4	0	1	0	0	0	0	0	0	1	2	0	0	0	0	0	0	0	0	0
Hard Edge	Hard Edge	306	0	0	0	0	0	0	0	0	0	1	1	16	1	0	0	0	1	0	1	0	1	2	0	3	2	1	0	0	0	0	0	0	1	2	2	2	2	2	0	1	1	0	0
Hard Rock Cab	Hard Rock Cab	310	0	0	0	0	0	0	0	0	128	0	0	16	1	0	0	0	1	0	1	0	1	2	0	1	0	1	0	0	0	0	0	0	1	2	0	0	0	0	0	0	0	0	0
HardBall 5	HardBall 5	310	0	0	0	0	0	0	1	0	128	0	1	16	1	0	0	0	1	1	1	0	1	2	0	2	1	1	0	0	0	0	0	0	1	2	0	0	0	0	0	0	0	0	0
Hardcore 4x4	Hardcore 4x4	310	0	0	0	0	0	0	0	0	128	0	0	16	1	0	0	0	1	0	1	0	0	2	0	0	1	1	0	0	0	0	0	0	1	2	0	0	0	0	0	0	0	0	0
Harmful Park	Harmful Park	310	0	0	0	0	0	0	0	0	0	1	1	16	1	0	0	0	1	0	1	0	0	2	0	4	1	0	0	0	0	0	0	0	1	2	0	0	0	0	0	0	0	0	0
Harry Potter - Chamber of Secrets	Harry Potter - Chamber of Secrets	310	0	0	0	0	0	0	0	0	0	0	0	16	1	0	0	0	1	1	1	0	0	2	0	4	0	1	0	0	0	0	0	0	1	2	2	2	2	2	0	1	1	0	0
Harry Potter - Philosopher's Stone	Harry Potter - Philosopher's Stone	310	0	0	0	0	0	0	0	0	0	0	0	16	1	0	0	0	1	1	1	0	0	2	0	4	0	1	0	0	0	0	0	0	1	2	2	2	2	2	0	1	1	0	0
Harvest Moon - Back to Nature	Harvest Moon - Back to Nature	310	0	0	0	0	0	0	0	0	0	1	1	16	1	0	0	0	1	0	1	0	1	2	0	4	1	0	0	0	0	0	0	0	1	0	2	2	2	2	0	1	1	0	0
Hashiriya	Hashiriya	310	0	0	0	0	0	0	0	0	0	1	1	16	1	0	0	0	1	0	1	0	0	2	0	4	0	0	0	0	0	0	0	0	1	2	0	0	0	0	0	0	0	0	0
Heart of Darkness (Disc 1)	Heart of Darkness (Disc 1)	310	0	0	0	0	1	0	0	0	128	0	1	16	1	0	0	0	1	0	1	0	0	2	0	1	0	1	0	0	0	0	0	0	1	2	0	0	0	0	0	0	0	0	0
Heart of Darkness (Disc 2)	Heart of Darkness (Disc 2)	310	0	0	0	0	1	0	0	0	128	0	1	16	1	0	0	0	1	0	1	0	0	2	0	1	0	1	0	0	0	0	0	0	1	2	0	0	0	0	0	0	0	0	0
Hebereke's Popoitto	Hebereke's Popoitto	306	0	0	0	0	0	0	0	0	0	1	1	16	1	0	0	0	1	0	1	0	2	2	0	4	1	0	0	0	0	0	0	0	1	0	0	0	0	0	0	0	0	0	0
Hellboy - Asylum Seeker	Hellboy - Asylum Seeker	310	0	0	0	0	0	0	0	0	128	0	0	16	1	0	0	0	1	0	1	0	1	2	0	0	0	1	0	0	0	0	0	0	1	2	2	2	2	2	0	1	1	0	0
Hellnight	Hellnight	310	0	0	0	0	0	0	0	0	0	1	1	16	1	0	0	0	1	0	1	0	1	2	0	0	0	0	0	0	0	0	0	0	1	2	2	2	2	2	0	1	1	0	0
Hello Kitty - Cube Frenzy	Hello Kitty - Cube Frenzy	310	0	0	0	0	0	0	0	0	0	1	1	16	1	0	0	0	1	0	1	0	1	2	0	4	0	1	0	0	0	0	0	0	1	2	2	2	2	2	0	1	1	0	0
Herc's Adventures	Herc's Adventures	306	0	0	0	0	0	0	0	0	0	1	1	16	1	0	0	0	1	0	1	0	1	2	0	1	1	0	0	0	0	0	0	0	1	2	0	0	0	0	0	0	0	0	0
Hercules	Hercules	310	0	0	0	0	1	0	0	0	0	1	1	16	1	0	0	0	1	0	1	0	0	2	0	4	0	1	0	0	0	0	0	0	1	2	0	0	0	0	0	0	0	0	0
Hermie Hopperhead - Scrap Panic	Hermie Hopperhead - Scrap Panic	310	0	0	0	0	0	0	1	0	64	1	1	16	1	0	0	0	1	0	1	0	0	2	0	4	1	1	0	0	0	0	0	0	1	2	0	0	0	0	0	0	0	0	0
Hexen	Hexen	310	0	0	0	0	0	0	0	0	0	1	0	16	1	0	0	0	1	0	1	0	1	2	0	4	0	1	0	0	0	0	0	0	1	2	0	0	0	0	0	0	0	0	0
Hi-Octane	Hi-Octane	310	0	0	0	0	0	0	0	0	0	1	0	16	1	0	0	0	1	0	1	0	1	2	0	3	1	1	0	0	0	0	0	0	1	2	0	0	0	0	0	0	0	0	0
Hidden & Dangerous	Hidden & Dangerous	310	0	0	0	0	0	0	0	0	128	0	0	16	1	0	0	0	1	0	1	0	1	2	0	0	0	0	0	0	0	0	0	0	1	2	2	2	2	2	0	1	1	0	0
Hit Back	Hit Back	310	0	0	0	0	0	0	0	0	128	0	1	16	1	0	0	0	1	0	1	0	1	2	0	0	1	1	0	0	0	0	0	0	1	2	0	0	0	0	0	0	0	0	0
Hogs of War	Hogs of War	310	0	0	0	0	0	0	0	0	128	0	1	16	1	0	0	0	1	0	1	0	1	2	0	2	1	1	0	0	0	0	0	0	1	2	2	2	2	2	0	1	1	0	0
Hooters - Road Trip	Hooters - Road Trip	310	0	0	0	0	0	0	0	0	128	0	1	16	1	0	0	0	1	0	1	0	1	2	0	1	0	1	0	0	0	0	0	0	1	2	2	2	2	2	0	1	1	0	0
Hoshigami	Hoshigami	306	0	0	0	0	0	0	0	0	0	1	1	16	1	0	0	0	1	0	1	0	1	2	0	4	1	1	0	0	0	0	0	0	1	2	0	0	0	0	0	0	0	0	0
Hot Wheels - Extreme Racing	Hot Wheels - Extreme Racing	310	0	0	0	0	0	0	0	0	0	0	0	16	1	0	0	0	1	0	1	0	0	2	0	0	0	1	0	0	0	0	0	0	1	2	2	2	2	2	0	1	1	0	0
Hot Wheels - Turbo Racing	Hot Wheels - Turbo Racing	310	0	0	0	0	0	0	0	0	128	0	0	16	1	0	0	0	1	0	1	0	0	2	0	0	0	1	0	0	0	0	0	0	1	2	2	2	2	2	0	1	1	0	0
Hugo - Black Diamond Fever	Hugo - Black Diamond Fever	310	0	0	0	0	0	0	0	0	128	0	0	16	1	0	0	0	1	0	1	0	0	2	0	4	0	1	0	0	0	0	0	0	1	2	2	2	2	2	0	1	1	0	0
Hugo	Hugo	310	0	0	0	0	0	0	0	0	128	0	0	16	1	0	0	0	1	0	1	0	1	2	0	0	1	0	0	0	0	0	0	0	1	2	0	0	0	0	0	0	0	0	0
Hyakujuu Sentai GaoRanger	Hyakujuu Sentai GaoRanger	310	0	0	0	0	0	0	0	0	0	1	1	16	1	0	0	0	1	0	1	0	1	2	0	5	0	1	0	0	0	0	0	0	1	2	2	2	2	2	0	1	1	0	0
Hybrid	Hybrid	306	0	0	0	0	0	0	0	0	0	0	1	16	1	0	0	0	1	0	1	0	2	2	0	4	1	0	0	0	0	0	0	0	1	0	0	0	0	0	0	0	0	0	0
Hydro Thunder	Hydro Thunder	310	0	0	0	0	0	0	0	0	128	0	0	16	1	0	0	0	1	0	1	0	1	2	0	4	1	1	0	0	0	0	0	0	1	2	2	2	2	2	0	1	1	0	0
Hyper Crazy Climber	Hyper Crazy Climber	310	0	0	0	0	0	0	0	0	0	1	1	16	1	0	0	0	1	0	1	0	1	2	0	4	0	1	0	0	0	0	0	0	1	2	0	0	0	0	0	0	0	0	0
Hyper Final Match Tennis	Hyper Final Match Tennis	310	0	0	0	0	0	0	0	0	128	0	0	16	1	0	0	0	1	0	1	0	1	2	0	4	0	1	0	0	0	0	0	0	1	2	0	0	0	0	0	0	0	0	0
Hyper Speed GranDoll (Disc 1)	Hyper Speed GranDoll (Disc 1)	310	0	0	0	0	0	0	0	0	128	0	1	16	1	0	0	0	1	0	1	0	0	2	0	0	1	1	0	0	0	0	0	0	1	2	0	0	0	0	0	0	0	0	0
Hyper Speed GranDoll (Disc 2)	Hyper Speed GranDoll (Disc 2)	310	0	0	0	0	0	0	0	0	128	0	1	16	1	0	0	0	1	0	1	0	1	2	0	2	0	1	0	0	0	0	0	0	1	2	0	0	0	0	0	0	0	0	0
Hyper Speed GranDoll	Hyper Speed GranDoll	310	0	0	0	0	0	0	0	0	128	0	1	16	1	0	0	0	1	0	1	0	1	2	0	0	1	1	0	0	0	0	0	0	1	2	0	0	0	0	0	0	0	0	0
Hyper-Rally	Hyper-Rally	310	0	0	0	0	0	0	0	0	0	0	0	16	1	0	0	0	1	0	1	0	0	2	0	0	0	0	0	0	0	0	0	0	1	2	0	0	0	0	0	0	0	0	0
Iblard - City of Hatching Laputa	Iblard - City of Hatching Laputa	310	0	0	0	0	0	0	0	0	128	0	0	16	1	0	0	0	1	0	1	0	1	2	0	2	0	1	0	0	0	0	0	0	1	2	0	0	0	0	0	0	0	0	0
IHRA Drag Racing	IHRA Drag Racing	310	0	0	0	0	0	0	0	0	0	1	0	16	1	0	0	0	1	0	1	0	1	2	0	2	1	0	0	0	0	0	0	0	1	2	0	0	0	0	0	0	0	0	0
ImageFight & XMultiply	ImageFight & XMultiply	310	0	0	0	0	0	0	0	0	0	1	0	16	1	0	0	0	1	0	1	0	1	1	0	5	0	1	0	0	0	0	0	0	1	2	0	0	0	0	0	0	0	0	0
Impact Racing	Impact Racing	310	0	0	0	0	0	0	0	0	128	0	1	16	1	0	0	0	1	0	1	0	0	2	0	4	1	1	0	0	0	0	0	0	1	2	0	0	0	0	0	0	0	0	0
In Cold Blood (Disc 1)	In Cold Blood (Disc 1)	310	0	0	0	0	0	0	0	0	0	1	1	16	1	0	0	0	1	0	1	0	0	2	0	1	0	1	0	0	0	0	0	0	1	2	2	2	2	2	0	1	1	0	0
In Cold Blood (Disc 2)	In Cold Blood (Disc 2)	310	0	0	0	0	0	0	0	0	0	1	1	16	1	0	0	0	1	0	1	0	0	2	0	1	0	1	0	0	0	0	0	0	1	2	2	2	2	2	0	1	1	0	0
In the Hunt	In the Hunt	310	0	0	0	0	0	0	0	0	128	0	0	16	1	0	0	0	1	0	1	0	0	2	0	4	0	1	0	0	0	0	0	0	1	2	0	0	0	0	0	0	0	0	0
Incredible Crisis	Incredible Crisis	310	0	0	0	0	0	0	0	0	0	1	1	16	1	0	0	0	1	0	1	0	0	2	0	4	1	0	0	0	0	0	0	0	1	0	2	2	2	2	0	1	1	0	0
Incredible Hulk - The Pantheon Saga	Incredible Hulk - The Pantheon Saga	310	0	0	0	0	0	0	0	0	128	0	0	16	1	0	0	0	1	0	1	0	1	2	0	3	1	1	0	0	0	0	0	0	1	2	0	0	0	0	0	0	0	0	0
Independence Day	Independence Day	310	0	0	0	0	0	0	0	0	128	0	0	16	1	0	0	0	1	0	1	0	1	2	0	0	0	1	0	0	0	0	0	0	1	2	0	0	0	0	0	0	0	0	0
Infestation	Infestation	306	0	0	0	0	0	0	0	0	0	1	1	16	1	0	0	0	1	0	1	0	1	2	0	4	0	0	0	0	0	0	0	0	1	2	0	0	0	0	0	0	0	0	0
Initial D	Initial D	310	0	0	0	0	0	0	0	0	0	0	0	16	1	0	0	0	1	0	1	0	2	2	0	5	3	0	0	0	0	0	0	0	1	0	2	2	2	2	0	1	1	0	0
Inspector Gadget - Crazy Maze	Inspector Gadget - Crazy Maze	310	0	0	0	0	0	0	0	0	128	0	1	16	1	0	0	0	1	0	1	0	1	2	0	1	1	1	0	0	0	0	0	0	1	2	2	2	2	2	0	1	1	0	0
Intellivision Classic Games	Intellivision Classic Games	310	0	0	0	0	0	0	0	0	128	0	0	16	1	0	0	0	1	0	1	0	1	2	0	2	1	1	0	0	0	0	0	0	1	2	0	0	0	0	0	0	0	0	0
International Karate Plus	International Karate Plus	310	0	0	0	0	0	0	0	0	128	0	1	16	1	0	0	0	1	0	1	0	2	2	0	0	0	1	0	0	0	0	0	0	1	2	0	0	0	0	0	0	0	0	0
International Rally Racing (Prototype)	International Rally Racing (Prototype)	310	0	0	0	0	0	0	0	0	0	1	1	16	1	0	0	0	1	0	1	0	2	2	0	4	3	0	0	0	0	0	0	0	1	0	2	2	2	2	0	1	1	0	0
International Track & Field	International Track & Field	306	0	0	0	0	0	0	0	0	64	1	1	16	1	0	0	0	1	0	1	0	1	2	0	0	0	0	0	0	0	0	0	0	1	2	0	0	0	0	1	0	0	0	0
Inuyasha - A Feudal Fairy Tale	Inuyasha - A Feudal Fairy Tale	306	0	0	0	0	1	0	0	0	128	1	1	16	1	0	0	0	1	0	1	0	1	2	0	1	0	0	0	0	0	0	0	0	1	2	2	2	2	2	0	1	1	0	0
Invasion from Beyond	Invasion from Beyond	310	0	0	0	0	0	0	0	0	0	0	0	16	1	0	0	0	1	0	1	0	2	2	0	3	1	0	0	0	0	0	0	0	1	2	2	2	2	2	0	1	1	0	0
Invasion	Invasion	306	0	0	0	0	0	0	0	0	0	1	1	16	1	0	0	0	1	0	1	0	1	2	0	4	1	0	0	0	0	0	0	0	1	0	2	2	2	2	0	1	1	0	0
Irem Arcade Classics	Irem Arcade Classics	310	0	0	0	0	0	0	0	0	128	0	0	16	1	0	0	0	1	0	1	0	1	2	0	0	1	1	0	0	0	0	0	0	1	2	0	0	0	0	0	0	0	0	0
Iron Man & X-O Manowar	Iron Man & X-O Manowar	306	0	0	0	0	0	0	0	0	0	0	1	16	1	0	0	0	1	0	1	0	2	2	0	0	0	1	0	0	0	0	0	0	1	2	0	0	0	0	0	0	0	0	0
Iron Soldier 3	Iron Soldier 3	310	0	0	0	0	0	0	0	0	128	0	1	16	1	0	0	0	1	0	1	0	1	2	0	1	0	1	0	0	0	0	0	0	1	2	2	2	2	2	0	1	1	0	0
Irritating Stick	Irritating Stick	310	0	0	0	0	0	0	0	0	0	1	1	16	1	0	0	0	1	0	1	0	2	2	0	1	1	1	0	0	0	0	0	0	1	2	2	2	2	2	0	1	1	0	0
iS - Internal Section	iS - Internal Section	306	0	0	0	0	0	0	0	0	0	0	0	16	1	0	0	0	1	0	1	0	2	2	0	3	1	0	0	0	0	0	0	0	1	0	2	2	2	2	0	1	1	0	0
ISS Deluxe	ISS Deluxe	310	0	0	0	0	0	0	0	0	128	0	0	16	1	0	0	0	1	0	1	0	1	2	0	4	0	1	0	0	0	0	0	0	1	2	0	0	0	0	0	0	0	0	0
ISS Pro 1998	ISS Pro 1998	310	0	0	0	0	0	0	0	0	128	0	1	16	1	0	0	0	1	0	1	0	0	2	0	1	0	1	0	0	0	0	0	0	1	2	0	0	0	0	0	0	0	0	0
ISS Pro Evolution 2	ISS Pro Evolution 2	310	0	0	0	0	0	0	0	0	128	0	1	16	1	0	0	0	1	0	1	0	0	2	0	4	0	1	0	0	0	0	0	0	1	2	2	2	2	2	0	1	1	0	0
ISS Pro Evolution	ISS Pro Evolution	310	0	0	0	0	0	0	0	0	128	0	1	16	1	0	0	0	1	0	1	0	0	2	0	0	1	1	0	0	0	0	0	0	1	2	2	2	2	2	0	1	1	0	0
Italian Job	Italian Job	310	0	0	0	0	0	0	0	0	0	0	0	16	1	0	0	0	1	0	1	0	0	1	0	5	0	1	0	0	0	0	0	0	1	2	2	2	2	2	0	1	1	0	0
Iznogoud	Iznogoud	310	0	0	0	0	0	0	0	0	0	1	1	16	1	0	0	0	1	0	1	0	1	2	0	4	0	1	0	0	0	0	0	0	1	2	0	0	0	0	0	0	0	0	0
J's Racin'	J's Racin'	310	0	0	0	0	0	0	0	0	0	1	1	16	1	0	0	0	1	0	1	0	0	2	0	4	0	0	0	0	0	0	0	0	1	0	0	0	0	0	0	0	0	0	0
Jackie Chan Stuntmaster	Jackie Chan Stuntmaster	310	0	0	0	0	1	0	0	0	16	1	0	16	1	0	0	0	1	0	1	0	0	1	0	0	0	1	0	0	0	0	0	0	1	2	2	2	2	2	0	1	1	0	0
Jade Cocoon	Jade Cocoon	310	0	0	0	0	0	0	0	0	0	1	1	16	1	0	0	0	1	0	1	0	1	2	0	4	1	1	0	0	0	0	0	0	1	2	0	0	0	0	0	0	0	0	0
Jaleco Collection Vol. 1	Jaleco Collection Vol. 1	310	0	0	0	0	0	0	0	0	128	0	0	16	1	0	0	0	1	0	1	0	1	2	0	1	1	1	0	0	0	0	0	0	1	2	2	2	2	2	0	1	1	0	0
James Pond II	James Pond II	310	0	0	0	0	0	0	0	0	128	0	0	16	1	0	0	0	1	0	1	0	1	2	0	2	0	0	0	0	0	0	0	0	1	2	2	2	2	2	0	1	1	0	0
Jarrett & Labonte Racing	Jarrett & Labonte Racing	310	0	0	0	0	0	0	0	0	128	0	0	16	1	0	0	0	1	0	1	0	0	1	0	0	0	1	0	0	0	0	0	0	1	0	2	2	2	2	0	1	1	0	0
Jeremy McGrath Supercross 2000	Jeremy McGrath Supercross 2000	310	0	0	0	0	0	0	0	0	0	1	1	16	1	0	0	0	1	0	1	0	1	2	0	4	0	1	0	0	0	0	0	0	1	2	2	2	2	2	0	1	1	0	0
Jeremy McGrath Supercross 98	Jeremy McGrath Supercross 98	310	0	0	0	0	0	0	0	0	128	0	1	16	1	0	0	0	1	0	1	0	1	2	0	4	1	1	0	0	0	0	0	0	1	2	0	0	0	0	0	0	0	0	0
Jersey Devil	Jersey Devil	310	0	0	0	0	0	0	0	0	200	0	1	16	1	0	0	0	1	0	1	0	1	2	0	1	1	1	0	0	0	0	0	0	1	2	0	0	0	0	0	0	0	0	0
Jet Ace	Jet Ace	306	0	0	0	0	0	0	0	0	128	0	1	16	1	0	0	0	1	0	1	0	2	2	0	3	1	0	0	0	0	0	0	0	1	0	2	2	2	2	0	1	1	0	0
Jet Moto 2 - Championship Edition	Jet Moto 2 - Championship Edition	270	0	0	0	0	0	0	0	0	0	1	1	16	1	0	0	0	1	0	1	0	2	2	0	3	1	1	0	0	0	0	0	0	1	2	2	2	2	2	0	0	0	0	0
Jet Moto 2124 (Prototype)	Jet Moto 2124 (Prototype)	310	0	0	0	0	0	0	0	0	128	0	0	16	1	0	0	0	1	0	1	0	0	2	0	1	0	1	0	0	0	0	0	0	1	2	2	2	2	2	0	1	1	0	0
Jet Moto	Jet Moto	270	0	0	0	0	0	0	0	0	0	0	1	16	1	0	0	0	1	0	1	0	2	2	0	0	0	1	0	0	0	0	0	0	1	2	0	0	0	0	0	0	0	0	0
Jet Rider 2	Jet Rider 2	310	0	0	0	0	0	0	0	0	0	1	0	16	1	0	0	0	1	0	1	0	1	2	0	3	1	1	0	0	0	0	0	0	1	2	0	0	0	0	0	0	0	0	0
Jet Rider 3 (Prototype)	Jet Rider 3 (Prototype)	310	0	0	0	0	1	0	0	0	0	1	0	16	1	0	0	0	1	0	1	0	0	2	0	4	0	1	0	0	0	0	0	0	1	2	2	2	2	2	0	1	1	0	0
Jet Rider	Jet Rider	310	0	0	0	0	0	0	0	0	64	1	0	16	1	0	0	0	1	0	1	0	2	2	0	3	1	1	0	0	0	0	0	0	1	2	0	0	0	0	0	0	0	0	0
Jewels of the Oracle	Jewels of the Oracle	310	0	0	0	0	0	0	0	0	128	0	0	16	1	0	0	0	1	0	1	0	1	2	0	0	1	1	0	0	0	0	0	0	1	2	0	0	0	0	0	0	0	0	0
JGTC - All Japan Grand Touring Car	JGTC - All Japan Grand Touring Car	306	0	0	0	0	0	0	0	0	0	0	0	16	1	0	0	0	1	0	1	0	1	2	0	4	1	0	0	0	0	0	0	0	1	2	0	0	0	0	0	0	0	0	0
Jigsaw Madness	Jigsaw Madness	310	0	0	0	0	0	0	0	0	128	0	0	16	1	0	0	0	1	0	1	0	1	2	0	1	1	1	0	0	0	0	0	0	1	2	0	0	0	0	0	0	0	0	0
Jikkyou Oshaberi Parodius	Jikkyou Oshaberi Parodius	310	0	0	0	0	1	0	0	0	128	0	1	16	1	0	0	0	1	0	0	0	0	2	0	1	0	1	0	0	0	0	0	0	1	0	0	0	0	0	0	0	0	0	0
Jimmy White's 2 - Cueball	Jimmy White's 2 - Cueball	310	0	0	0	0	0	0	0	0	128	0	1	16	1	0	0	0	1	0	1	0	0	2	0	2	0	1	0	0	0	0	0	0	1	2	2	2	2	2	0	1	1	0	0
Jinx	Jinx	306	0	0	0	0	1	0	0	0	0	1	1	16	1	0	0	0	1	0	1	0	1	2	0	3	2	1	0	0	0	0	0	0	1	2	0	0	0	0	0	0	0	0	0
Johnny Bazookatone	Johnny Bazookatone	306	0	0	0	0	0	0	0	0	128	0	1	16	1	0	0	0	1	0	1	0	2	2	0	1	2	1	0	0	0	0	0	0	1	2	0	0	0	0	0	0	0	0	0
JoJo's Bizarre Adventure	JoJo's Bizarre Adventure	306	0	0	0	0	0	0	0	0	8	0	0	16	1	0	0	0	1	0	1	0	1	2	0	1	1	0	0	0	0	0	0	0	1	2	2	2	2	2	0	1	1	0	0
Jonah Lomu Rugby	Jonah Lomu Rugby	310	0	0	0	0	0	0	0	0	128	0	0	16	1	0	0	0	1	0	1	0	1	2	0	4	0	1	0	0	0	0	0	0	1	2	0	0	0	0	0	0	0	0	0
Judge Dredd	Judge Dredd	310	0	0	0	0	0	0	0	0	200	0	1	16	1	0	0	0	1	0	1	0	0	2	0	2	0	1	0	0	0	0	0	0	1	2	0	0	0	0	0	1	1	0	0
Juggernaut (Disc 1)	Juggernaut (Disc 1)	310	0	0	0	0	0	0	0	0	128	0	1	16	1	0	0	0	1	0	1	0	1	2	0	3	0	1	0	0	0	0	0	0	1	2	2	2	2	2	0	1	1	0	0
Juggernaut (Disc 2)	Juggernaut (Disc 2)	310	0	0	0	0	0	0	0	0	128	0	1	16	1	0	0	0	1	0	1	0	1	2	0	3	0	1	0	0	0	0	0	0	1	2	2	2	2	2	0	1	1	0	0
Juggernaut (Disc 3)	Juggernaut (Disc 3)	310	0	0	0	0	0	0	0	0	128	0	1	16	1	0	0	0	1	0	1	0	1	2	0	3	0	1	0	0	0	0	0	0	1	2	2	2	2	2	0	1	1	0	0
Jumping Flash! 2 - Rap-la-MuuMuu	Jumping Flash! 2 - Rap-la-MuuMuu	310	0	0	0	0	0	0	0	0	128	0	1	16	1	0	0	0	1	0	1	0	1	2	0	0	1	1	0	0	0	0	0	0	1	2	0	0	0	0	0	0	0	0	0
Jumping Flash! 2	Jumping Flash! 2	310	0	0	0	0	1	0	0	0	0	1	1	16	1	0	0	0	1	0	1	0	0	2	0	4	0	1	0	0	0	0	0	0	1	2	0	0	0	0	0	0	0	0	0
Jumping Flash! 3	Jumping Flash! 3	310	0	0	0	0	1	0	0	0	0	1	1	16	1	0	0	0	1	0	1	0	0	2	0	4	0	1	0	0	0	0	0	0	1	2	2	2	2	2	0	1	1	0	0
Jumping Flash!	Jumping Flash!	310	0	0	0	0	1	0	0	0	0	1	1	16	1	0	0	0	1	0	1	0	0	2	0	4	0	1	0	0	0	0	0	0	1	2	0	0	0	0	0	0	0	0	0
Jupiter Strike	Jupiter Strike	310	0	0	0	0	0	0	0	0	128	0	1	16	1	0	0	0	1	0	1	0	1	2	0	1	1	1	0	0	0	0	0	0	1	2	0	0	0	0	0	0	0	0	0
Jurassic Park - The Lost World	Jurassic Park - The Lost World	310	0	0	0	0	0	0	0	0	0	1	1	16	1	0	0	0	1	0	1	0	1	2	0	4	1	0	0	0	0	0	0	0	1	0	0	0	0	0	0	0	0	0	0
Jurassic Park - Warpath	Jurassic Park - Warpath	306	0	0	0	0	1	0	0	0	72	0	0	16	1	0	0	0	1	0	1	0	1	1	0	0	3	0	0	0	0	0	0	0	1	2	2	2	2	2	0	1	1	0	0
K-1 Arena Fighters	K-1 Arena Fighters	310	0	0	0	0	0	0	0	0	128	0	0	16	1	0	0	0	1	0	1	0	1	2	0	1	1	0	0	0	0	0	0	0	1	0	0	0	0	0	0	0	0	0	0
K-1 Grand Prix	K-1 Grand Prix	310	0	0	0	0	0	0	0	0	128	0	1	16	1	0	0	0	1	0	1	0	1	2	0	1	0	0	0	0	0	0	0	0	1	2	2	2	2	2	0	1	1	0	0
K-1 Revenge	K-1 Revenge	310	0	0	0	0	0	0	0	0	128	0	1	16	1	0	0	0	1	0	1	0	1	2	0	2	1	0	0	0	0	0	0	0	1	2	0	0	0	0	0	0	0	0	0
Kagaku Ninja tai Gatchaman	Kagaku Ninja tai Gatchaman	310	0	0	0	0	1	0	0	0	72	1	1	16	1	0	0	0	1	0	1	0	2	2	0	4	3	1	0	0	0	0	0	0	1	0	2	2	2	2	0	1	1	0	0
Kahen Soukou Gunbike	Kahen Soukou Gunbike	306	0	0	0	0	0	0	0	0	0	1	1	16	1	0	0	0	1	0	1	0	1	2	0	2	0	0	0	0	0	0	0	0	1	2	0	0	0	0	0	0	0	0	0
Kaisoku Tenshi - The Rapid Angel	Kaisoku Tenshi - The Rapid Angel	310	0	0	0	0	0	0	0	0	0	1	1	16	1	0	0	0	1	0	1	0	1	2	0	1	0	1	0	0	0	0	0	0	1	2	2	2	2	2	0	1	1	0	0
Kakuge Yarou - Fighting Creator	Kakuge Yarou - Fighting Creator	310	0	0	0	0	0	0	0	0	0	1	1	16	1	0	0	0	1	0	1	0	1	2	0	4	1	0	0	0	0	0	0	0	1	0	2	2	2	2	0	1	1	0	0
Kamen Rider - The Bike Race	Kamen Rider - The Bike Race	310	0	0	0	0	0	0	0	0	0	1	1	16	1	0	0	0	1	0	1	0	0	2	0	4	0	1	0	0	0	0	0	0	1	2	2	2	2	2	0	1	1	0	0
Kamen Rider Agito	Kamen Rider Agito	310	0	0	0	0	0	0	0	0	0	1	1	16	1	0	0	0	1	0	1	0	0	2	0	0	0	1	0	0	0	0	0	0	1	2	2	2	2	2	0	1	1	0	0
Kamen Rider Kuga	Kamen Rider Kuga	310	0	0	0	0	0	0	0	0	0	1	1	16	1	0	0	0	1	0	1	0	0	2	0	0	0	1	0	0	0	0	0	0	1	2	2	2	2	2	0	1	1	0	0
Kamen Rider Ryuki	Kamen Rider Ryuki	310	0	0	0	0	0	0	0	0	0	1	1	16	1	0	0	0	1	0	1	0	0	2	0	1	0	1	0	0	0	0	0	0	1	2	2	2	2	2	0	1	1	0	0
Kamen Rider V3	Kamen Rider V3	310	0	0	0	0	0	0	0	0	0	1	1	16	1	0	0	0	1	0	1	0	0	2	0	0	1	1	0	0	0	0	0	0	1	2	2	2	2	2	0	1	1	0	0
Kamen Rider	Kamen Rider	310	0	0	0	0	0	0	0	0	0	1	1	16	1	0	0	0	1	0	1	0	0	2	0	0	0	1	0	0	0	0	0	0	1	2	2	2	2	2	0	1	1	0	0
Kattobi Tune	Kattobi Tune	310	0	0	0	0	0	0	0	0	128	0	1	16	1	0	0	0	1	0	1	0	0	2	0	0	0	0	0	0	0	0	0	0	1	2	2	2	2	2	0	1	1	0	0
Kensei - Sacred Fist	Kensei - Sacred Fist	306	0	0	0	0	0	0	0	0	0	1	1	16	1	0	0	0	1	0	1	0	1	2	0	5	3	0	0	0	0	0	0	0	1	2	2	2	2	2	0	1	1	0	0
Kero Kero King	Kero Kero King	310	0	0	0	0	0	0	0	0	128	0	1	16	1	0	0	0	1	0	1	0	0	2	0	4	1	1	0	0	0	0	0	0	1	2	2	2	2	2	0	1	1	0	0
Kick Off World	Kick Off World	310	0	0	0	0	0	0	0	0	0	1	0	16	1	0	0	0	1	0	1	0	0	2	0	1	0	1	0	0	0	0	0	0	1	2	2	2	2	2	0	1	1	0	0
Kickboxing Knockout	Kickboxing Knockout	310	0	0	0	0	0	0	0	0	0	1	0	16	1	0	0	0	1	0	1	0	0	2	0	0	1	0	0	0	0	0	0	0	1	0	2	2	2	2	0	1	1	0	0
Kickboxing	Kickboxing	310	0	0	0	0	0	0	0	0	128	0	0	16	1	0	0	0	1	0	1	0	1	2	0	4	0	1	0	0	0	0	0	0	1	2	2	2	2	2	0	1	1	0	0
Kid Clown - Crazy Chase 2	Kid Clown - Crazy Chase 2	310	0	0	0	0	0	0	0	0	128	0	1	16	1	0	0	0	1	0	1	0	0	2	0	0	1	1	0	0	0	0	0	0	1	2	0	0	0	0	0	0	0	0	0
Kidou Butouden G Gundam - The Battle	Kidou Butouden G Gundam - The Battle	310	0	0	0	0	0	0	0	0	128	0	0	16	1	0	0	0	1	0	1	0	1	2	0	0	1	1	0	0	0	0	0	0	1	2	2	2	2	2	0	1	1	0	0
Kileak - The Blood	Kileak - The Blood	310	0	0	0	0	0	0	0	0	128	0	1	16	1	0	0	0	1	0	1	0	1	2	0	1	0	0	0	0	0	0	0	0	1	2	0	0	0	0	0	0	0	0	0
Kileak - The DNA Imperative	Kileak - The DNA Imperative	310	0	0	0	0	0	0	0	0	128	0	1	16	1	0	0	0	1	0	1	0	1	2	0	1	1	1	0	0	0	0	0	0	1	2	0	0	0	0	0	0	0	0	0
Kileak	Kileak	270	0	0	0	0	0	0	0	0	0	0	1	16	1	0	0	0	1	0	1	0	2	2	0	3	2	1	0	0	0	0	0	0	1	2	0	0	0	0	0	0	0	0	0
Killer Loop	Killer Loop	310	0	0	0	0	0	0	0	0	128	0	1	16	1	0	0	0	1	0	1	0	0	2	0	0	0	1	0	0	0	0	0	0	1	0	2	2	2	2	0	1	1	0	0
Killing Time (Prototype)	Killing Time (Prototype)	306	0	0	0	0	0	0	0	0	0	1	1	16	1	0	0	0	1	0	1	0	2	2	0	3	2	1	0	0	0	0	0	0	1	2	0	0	0	0	0	0	0	0	0
Killing Zone	Killing Zone	310	0	0	0	0	0	0	0	0	128	0	1	16	1	0	0	0	1	0	1	0	1	2	0	0	1	0	0	0	0	0	0	0	1	0	0	0	0	0	0	0	0	0	0
King of Bowling 2	King of Bowling 2	310	0	0	0	0	0	0	0	0	0	0	1	16	1	0	0	0	1	0	1	0	0	2	0	5	0	1	0	0	0	0	0	0	1	2	0	0	0	0	0	0	0	0	0
King of Fighters 1995	King of Fighters 1995	310	0	0	0	0	0	0	0	0	0	1	1	16	1	0	0	0	1	0	1	0	0	2	0	1	1	1	0	0	0	0	0	0	1	2	0	0	0	0	0	0	0	0	0
King of Fighters 95	King of Fighters 95	310	0	0	0	0	0	0	0	0	128	0	0	16	1	0	0	0	1	0	1	0	2	2	0	0	1	0	0	0	0	0	0	0	1	0	0	0	0	0	0	0	0	0	0
King of Fighters 96	King of Fighters 96	310	0	0	0	0	0	0	0	0	128	0	0	16	1	0	0	0	1	0	1	0	2	2	0	1	1	1	0	0	0	0	0	0	1	0	0	0	0	0	0	0	0	0	0
King of Fighters 97	King of Fighters 97	310	0	0	0	0	0	0	0	0	0	1	0	16	1	0	0	0	1	0	1	0	1	2	0	4	1	1	0	0	0	0	0	0	1	2	0	0	0	0	0	0	0	0	0
King's Field II	King's Field II	310	0	0	0	0	0	0	0	0	128	0	1	16	1	0	0	0	1	0	1	0	0	2	0	4	3	1	0	0	0	0	0	0	1	2	0	0	0	0	0	1	1	0	0
King's Field III	King's Field III	310	0	0	0	0	0	0	0	0	0	1	1	16	1	0	0	0	1	0	1	0	1	2	0	4	3	0	0	0	0	0	0	0	1	0	0	0	0	0	0	0	0	0	0
King's Field	King's Field	310	0	0	0	0	0	0	0	0	0	1	1	16	1	0	0	0	1	0	1	0	0	2	0	4	3	1	0	0	0	0	0	0	1	2	0	0	0	0	0	1	1	0	0
Kingsley's Adventure	Kingsley's Adventure	310	0	0	0	0	0	0	0	0	128	0	1	16	1	0	0	0	1	0	1	0	1	2	0	4	1	1	0	0	0	0	0	0	1	2	2	2	2	2	0	1	1	0	0
Kirikou	Kirikou	306	0	0	0	0	0	0	0	0	128	0	0	16	1	0	0	0	1	0	1	0	2	2	0	1	1	1	0	0	0	0	0	0	1	0	2	2	2	2	0	1	1	0	0
KISS Pinball	KISS Pinball	310	0	0	0	0	0	0	0	0	0	0	1	16	1	0	0	0	1	0	1	0	0	2	0	2	0	1	0	0	0	0	0	0	1	2	2	2	2	2	0	1	1	0	0
Kitchen Panic	Kitchen Panic	310	0	0	0	0	0	0	0	0	128	0	1	16	1	0	0	0	1	0	1	0	1	2	0	2	1	1	0	0	0	0	0	0	1	2	0	0	0	0	0	0	0	0	0
KKND Krossfire	KKND Krossfire	310	0	0	0	0	0	0	0	0	0	1	1	16	1	0	0	0	1	0	1	0	1	2	0	3	1	0	0	0	0	0	0	0	1	0	2	2	2	2	0	1	1	0	0
Klaymen Gun-Hockey	Klaymen Gun-Hockey	310	0	0	0	0	0	0	0	0	128	0	1	16	1	0	0	0	1	0	1	0	0	2	0	0	1	0	0	0	0	0	0	0	1	2	2	2	2	2	0	1	1	0	0
Klaymen Klaymen	Klaymen Klaymen	306	0	0	0	0	0	0	0	0	0	1	1	16	1	0	0	0	1	0	1	0	1	2	0	3	2	0	0	0	0	0	0	0	1	0	0	0	0	0	0	1	1	0	0
Klonoa - Beach Volleyball	Klonoa - Beach Volleyball	306	0	0	0	0	1	0	0	0	128	1	1	16	1	0	0	0	1	0	1	0	1	1	0	3	1	0	0	0	0	0	0	0	1	2	2	2	2	2	1	0	0	0	0
Klonoa - Door to Phantomile	Klonoa - Door to Phantomile	310	0	0	0	0	1	0	0	0	24	1	1	16	1	0	0	0	1	0	1	0	0	2	0	0	0	1	0	0	0	0	0	0	1	2	0	0	0	0	0	0	0	0	0
Knockout Kings	Knockout Kings	310	0	0	0	0	1	0	0	0	128	0	0	16	1	0	0	0	1	1	1	0	0	2	0	1	0	1	0	0	0	0	0	0	1	2	0	0	0	0	0	0	0	0	0
Konami Arcade Classics	Konami Arcade Classics	310	0	0	0	0	0	0	0	0	128	0	0	16	1	0	0	0	1	0	1	0	1	2	0	0	1	1	0	0	0	0	0	0	1	2	0	0	0	0	0	0	0	0	0
Konami MSX Collection (Vol. 1)	Konami MSX Collection (Vol. 1)	310	0	0	0	0	0	0	0	0	0	1	1	16	1	0	0	0	1	0	1	0	1	2	0	2	0	1	0	0	0	0	0	0	1	2	0	0	0	0	0	0	0	0	0
Konami MSX Collection (Vol. 2)	Konami MSX Collection (Vol. 2)	310	0	0	0	0	0	0	0	0	0	1	1	16	1	0	0	0	1	0	1	0	1	2	0	2	0	1	0	0	0	0	0	0	1	2	0	0	0	0	0	0	0	0	0
Konami MSX Collection (Vol. 3)	Konami MSX Collection (Vol. 3)	310	0	0	0	0	0	0	0	0	0	1	1	16	1	0	0	0	1	0	1	0	1	2	0	2	0	1	0	0	0	0	0	0	1	2	0	0	0	0	0	0	0	0	0
Konami Open Golf	Konami Open Golf	310	0	0	0	0	0	0	0	0	0	1	1	16	1	0	0	0	1	0	1	0	1	2	0	1	0	1	0	0	0	0	0	0	1	2	0	0	0	0	0	0	0	0	0
KoroKoro Post nin	KoroKoro Post nin	310	0	0	0	0	0	0	0	0	128	0	1	16	1	0	0	0	1	0	1	0	0	2	0	4	1	0	0	0	0	0	0	0	1	2	2	2	2	2	0	1	1	0	0
Kotobuki Grand Prix	Kotobuki Grand Prix	306	0	0	0	0	0	0	0	0	0	1	1	16	1	0	0	0	1	0	1	0	2	2	0	4	3	0	0	0	0	0	0	0	1	0	2	2	2	2	0	1	1	0	0
Koudelka (Disc 1)	Koudelka (Disc 1)	310	0	0	0	0	0	0	1	0	200	0	0	16	0	0	0	0	1	0	1	0	0	2	0	4	1	1	0	0	0	0	0	0	1	2	2	2	2	2	0	0	0	0	0
Koutetsu Reiiki - Steeldom	Koutetsu Reiiki - Steeldom	310	0	0	0	0	0	0	0	0	0	1	1	16	1	0	0	0	1	0	1	0	0	2	0	5	0	1	0	0	0	0	0	0	1	2	0	0	0	0	0	0	0	0	0
Kowai-Shashin	Kowai-Shashin	306	0	0	0	0	0	0	0	0	0	1	1	16	1	0	0	0	1	0	1	0	2	2	0	3	1	0	0	0	0	0	0	0	1	2	2	2	2	2	0	1	1	0	0
Krazy Ivan	Krazy Ivan	310	0	0	0	0	0	0	1	0	0	1	1	16	0	0	0	0	1	1	1	0	0	2	1	5	0	1	0	0	0	0	0	0	1	2	0	0	0	0	0	0	0	0	0
Kula World	Kula World	310	0	0	0	0	0	0	0	0	128	1	1	16	1	0	0	0	1	0	1	0	2	2	0	0	1	1	0	0	0	0	0	0	1	2	2	2	2	2	0	1	1	0	0
Kurt Warner's Arena Football Unleashed	Kurt Warner's Arena Football Unleashed	310	0	0	0	0	0	0	0	0	128	0	0	16	1	0	0	0	1	0	1	0	1	2	0	4	0	1	0	0	0	0	0	0	1	2	2	2	2	2	0	1	1	0	0
Kurushi Final	Kurushi Final	310	0	0	0	0	0	0	0	0	0	1	1	16	1	0	0	0	1	0	1	0	1	2	0	3	1	0	0	0	0	0	0	0	1	0	2	2	2	2	0	1	1	0	0
Kyoro-chan no Prikura Daisakusen	Kyoro-chan no Prikura Daisakusen	310	0	0	0	0	0	0	0	0	0	0	1	16	1	0	0	0	1	0	1	0	2	2	0	4	3	0	0	0	0	0	0	0	1	0	2	2	2	2	0	1	1	0	0
Kyoutei Wars - Makuru 6	Kyoutei Wars - Makuru 6	310	0	0	0	0	0	0	0	0	128	0	1	16	1	0	0	0	1	0	1	0	0	2	0	0	1	1	0	0	0	0	0	0	1	2	0	0	0	0	0	0	0	0	0
Kyuiin	Kyuiin	310	0	0	0	0	0	0	0	0	0	0	0	16	1	0	0	0	1	0	1	0	0	2	0	4	0	1	0	0	0	0	0	0	1	2	0	0	0	0	0	0	0	0	0
Kyuutenkai	Kyuutenkai	310	0	0	1	0	0	0	1	0	152	0	0	16	1	0	0	0	1	1	1	0	0	2	1	5	0	1	0	0	0	0	0	0	1	2	0	0	0	0	0	0	0	0	0
Land Maker	Land Maker	310	0	0	0	0	0	0	0	0	0	1	1	16	1	0	0	0	1	0	1	0	1	2	0	3	1	0	0	0	0	0	0	0	1	0	0	0	0	0	0	0	0	0	0
Langrisser IV	Langrisser IV	310	0	0	0	0	0	0	0	0	200	0	1	16	1	0	0	0	1	0	1	0	0	2	0	4	0	1	0	0	0	0	0	0	1	2	2	2	2	2	0	1	1	0	0
Largo Winch - Commando SAR	Largo Winch - Commando SAR	310	0	0	0	0	0	0	0	0	128	0	1	16	1	0	0	0	1	0	1	0	0	2	0	4	0	1	0	0	0	0	0	0	1	2	2	2	2	2	0	1	1	0	0
Lattice - 200EC7	Lattice - 200EC7	306	0	0	0	0	0	0	0	0	0	0	1	16	1	0	0	0	1	0	1	0	2	2	0	3	1	0	0	0	0	0	0	0	1	0	2	2	2	2	0	1	1	0	0
Le Mans 24 Hours	Le Mans 24 Hours	306	0	0	0	0	0	0	0	0	0	1	1	16	1	0	0	0	1	0	1	0	1	2	0	4	3	0	0	0	0	0	0	0	1	0	2	2	2	2	0	1	1	0	0
Legacy of Kain - Blood Omen	Legacy of Kain - Blood Omen	310	0	0	0	0	0	0	0	0	0	1	1	16	1	0	0	0	1	0	1	0	1	2	0	3	1	0	0	0	0	0	0	0	1	0	0	0	0	0	0	0	0	0	0
Legacy of Kain - Soul Reaver (Alpha)	Legacy of Kain - Soul Reaver (Alpha)	310	0	0	0	0	1	0	0	0	0	1	1	16	1	0	0	0	1	0	1	0	0	2	0	4	0	1	0	0	0	0	0	0	1	2	2	2	2	2	0	1	1	0	0
Legacy of Kain - Soul Reaver uS	Legacy of Kain - Soul Reaver uS	310	0	0	0	0	0	0	0	0	208	0	1	16	1	0	0	0	1	0	1	0	0	2	0	3	1	1	0	0	0	0	0	0	1	0	2	2	2	2	0	1	1	0	0
Legacy of Kain - Soul Reaver	Legacy of Kain - Soul Reaver	310	0	0	0	0	1	0	0	0	136	0	1	16	1	0	0	0	1	0	1	0	0	2	0	4	0	1	0	0	0	0	0	0	1	2	2	2	2	2	0	1	1	0	0
Legacy of Kain Blood Omen	Legacy of Kain Blood Omen	270	0	0	0	0	0	0	0	0	0	0	0	16	1	0	0	0	1	0	1	0	1	2	0	3	2	1	0	0	0	0	0	0	1	2	0	0	0	0	0	1	1	0	0
Legacy of Kain Soul Reaver	Legacy of Kain Soul Reaver	270	0	0	0	0	1	0	0	0	0	1	0	16	1	0	0	0	1	0	1	0	1	2	0	2	1	1	0	0	0	0	0	0	1	2	2	2	2	2	0	1	1	0	0
Legend of Dragoon (Disc 1)	Legend of Dragoon (Disc 1)	310	0	0	0	0	1	0	0	0	128	0	1	16	1	0	0	0	1	0	1	0	0	2	0	1	1	1	0	0	0	0	0	0	1	2	2	2	2	2	0	1	1	0	0
Legend of Dragoon (Disc 2)	Legend of Dragoon (Disc 2)	310	0	0	0	0	1	0	0	0	128	0	1	16	1	0	0	0	1	0	1	0	0	2	0	1	1	1	0	0	0	0	0	0	1	2	2	2	2	2	0	1	1	0	0
Legend of Dragoon (Disc 3)	Legend of Dragoon (Disc 3)	310	0	0	0	0	1	0	0	0	128	0	1	16	1	0	0	0	1	0	1	0	0	2	0	1	1	1	0	0	0	0	0	0	1	2	2	2	2	2	0	1	1	0	0
Legend of Dragoon (Disc 4)	Legend of Dragoon (Disc 4)	310	0	0	0	0	1	0	0	0	128	0	1	16	1	0	0	0	1	0	1	0	0	2	0	1	1	1	0	0	0	0	0	0	1	2	2	2	2	2	0	1	1	0	0
Legend of Kartia	Legend of Kartia	310	0	0	0	0	0	0	0	0	0	1	1	16	1	0	0	0	1	0	1	0	1	2	0	1	1	1	0	0	0	0	0	0	1	2	0	0	0	0	0	0	0	0	0
Legend of Legaia	Legend of Legaia	310	0	0	0	0	1	0	0	0	128	0	1	16	1	0	0	0	1	0	1	0	0	2	0	1	0	1	0	0	0	0	0	0	1	2	2	2	2	2	0	1	1	0	0
Legend of Mana	Legend of Mana	310	0	0	0	0	0	0	0	0	0	1	1	16	1	0	0	0	1	0	1	0	1	2	0	3	0	1	0	0	0	0	0	0	1	2	2	2	2	2	0	1	1	0	0
Legend	Legend	310	0	0	0	0	0	0	0	0	0	1	1	16	1	0	0	0	1	0	1	0	0	2	0	4	1	1	0	0	0	0	0	0	1	2	0	0	0	0	0	0	0	0	0
LEGO Island 2	LEGO Island 2	310	0	0	0	0	1	0	0	0	128	0	0	16	1	0	0	0	1	0	1	0	0	2	0	0	1	1	0	0	0	0	0	0	1	2	2	2	2	2	0	1	1	0	0
LEGO Racers	LEGO Racers	310	0	0	0	0	0	0	0	0	128	0	1	16	1	0	0	0	1	0	1	0	1	2	0	0	1	1	0	0	0	0	0	0	1	2	0	0	0	0	0	0	0	0	0
LEGO Rock Raiders	LEGO Rock Raiders	310	0	0	0	0	0	0	0	0	128	0	0	16	1	0	0	0	1	0	1	0	1	2	0	2	0	1	0	0	0	0	0	0	1	2	2	2	2	2	0	1	1	0	0
Lemmings & Oh No! More Lemmings	Lemmings & Oh No! More Lemmings	310	0	0	0	0	0	0	0	0	128	0	1	16	1	0	0	0	1	0	1	0	1	2	0	1	1	1	0	0	0	0	0	0	1	0	2	2	2	2	0	1	1	0	0
Lemmings	Lemmings	310	0	0	0	0	0	0	0	0	0	1	0	16	1	0	0	0	1	0	1	0	2	2	0	3	1	0	0	0	0	0	0	0	1	0	0	0	0	0	0	0	0	0	0
Lethal Enforcers I & II	Lethal Enforcers I & II	310	0	0	0	0	0	0	0	0	128	0	1	16	1	0	0	0	1	0	1	0	1	2	0	4	1	0	0	0	0	0	0	0	1	0	0	0	0	0	0	0	0	0	0
LiberoGrande	LiberoGrande	310	0	0	0	0	0	0	0	0	0	1	0	16	1	0	0	0	1	0	1	0	1	2	0	4	0	1	0	0	0	0	0	0	1	2	2	2	2	2	0	1	1	0	0
Lightning Legend	Lightning Legend	310	0	0	0	0	0	0	0	0	0	1	1	16	1	0	0	0	1	0	1	0	0	2	0	4	0	1	0	0	0	0	0	0	1	2	0	0	0	0	0	0	0	0	0
Little Big Adventure	Little Big Adventure	310	0	0	0	0	0	0	1	0	0	1	1	16	1	0	0	0	1	1	1	0	1	2	0	4	3	1	0	0	0	0	0	0	1	2	0	0	0	0	0	0	0	0	0
Live Wire!	Live Wire!	310	0	0	0	0	0	0	0	0	128	0	0	16	1	0	0	0	1	0	1	0	0	2	0	1	0	1	0	0	0	0	0	0	1	2	2	2	2	2	1	1	1	0	0
LMA Manager	LMA Manager	310	0	0	0	0	0	0	0	0	0	1	1	16	1	0	0	0	1	0	1	0	0	2	0	1	0	1	0	0	0	0	0	0	1	2	2	2	2	2	0	1	1	0	0
Loaded	Loaded	310	0	0	0	0	0	0	0	0	128	0	0	16	1	0	0	0	1	0	1	0	1	2	0	2	1	1	0	0	0	0	0	0	1	2	0	0	0	0	0	0	0	0	0
Lode Runner	Lode Runner	310	0	0	0	0	0	0	0	0	0	1	1	16	1	0	0	0	1	0	1	0	1	2	0	3	1	1	0	0	0	0	0	0	1	2	0	0	0	0	0	0	0	0	0
London Racer II	London Racer II	306	0	0	0	0	1	0	0	0	0	1	1	16	1	0	0	0	1	0	1	0	1	2	0	4	1	0	0	0	0	0	0	0	1	2	2	2	2	2	0	1	1	0	0
London Racer	London Racer	306	0	0	0	0	0	0	0	0	128	0	1	16	1	0	0	0	1	0	1	0	1	2	0	4	1	0	0	0	0	0	0	0	1	2	2	2	2	2	0	1	1	0	0
Lone Soldier (DE-Cyborg)	Lone Soldier (DE-Cyborg)	310	0	0	0	0	0	0	0	0	0	1	1	16	1	0	0	0	1	0	1	0	1	2	0	5	1	1	0	0	0	0	0	0	1	0	0	0	0	0	0	0	0	0	0
Lone Soldier	Lone Soldier	310	0	0	0	0	0	0	0	0	0	1	1	16	1	0	0	0	1	0	1	0	1	2	0	5	1	0	0	0	0	0	0	0	1	0	0	0	0	0	0	0	0	0	0
Looney Tunes Racing	Looney Tunes Racing	310	0	0	0	0	1	0	1	0	128	0	0	16	1	0	0	0	1	0	1	0	0	2	0	1	0	1	0	0	0	0	0	0	1	2	2	2	2	2	0	1	1	0	0
Lost Vikings 2 - Norse by Norsewest	Lost Vikings 2 - Norse by Norsewest	310	0	0	0	0	0	0	0	0	128	0	0	16	1	0	0	0	1	0	1	0	1	2	0	0	1	1	0	0	0	0	0	0	1	0	0	0	0	0	0	0	0	0	0
Louvre - The Final Curse (Disc 1)	Louvre - The Final Curse (Disc 1)	310	0	0	0	0	0	0	0	0	128	0	1	16	1	0	0	0	1	0	1	0	1	2	0	1	1	0	0	0	0	0	0	0	1	0	2	2	2	2	0	1	1	0	0
Louvre - The Final Curse (Disc 2)	Louvre - The Final Curse (Disc 2)	310	0	0	0	0	0	0	0	0	128	0	1	16	1	0	0	0	1	0	1	0	1	2	0	1	1	0	0	0	0	0	0	0	1	0	2	2	2	2	0	1	1	0	0
Love Truck 2	Love Truck 2	310	0	0	0	0	0	0	0	0	128	0	0	16	1	0	0	0	1	0	1	0	1	2	0	4	0	1	0	0	0	0	0	0	1	2	2	2	2	2	0	1	1	0	0
LSD - Dream Emulator	LSD - Dream Emulator	310	0	0	0	0	0	0	0	0	128	0	1	16	1	0	0	0	1	0	1	0	0	2	0	1	1	1	0	0	0	0	0	0	1	2	0	0	0	0	0	0	0	0	0
Lucifer Ring	Lucifer Ring	310	0	0	0	0	0	0	0	0	128	0	1	16	1	0	0	0	1	0	1	0	0	2	0	4	0	1	0	0	0	0	0	0	1	2	2	2	2	2	0	1	1	0	0
Lucky Luke - Western Fever	Lucky Luke - Western Fever	306	0	0	0	0	0	0	0	0	64	1	0	16	1	0	0	0	1	0	1	0	1	2	0	3	1	0	0	0	0	0	0	0	1	0	2	2	2	2	0	1	1	0	0
Lucky Luke	Lucky Luke	310	0	0	0	0	0	0	0	0	0	0	1	16	1	0	0	0	1	0	1	0	1	2	0	4	1	0	0	0	0	0	0	0	1	0	0	0	0	0	0	0	0	0	0
Lunar - Silver Star (Disc 1)	Lunar - Silver Star (Disc 1)	310	0	0	0	0	0	0	0	0	132	0	1	16	1	0	0	0	1	0	1	0	0	2	0	1	0	1	0	0	0	0	0	0	1	2	0	0	0	0	0	0	0	0	0
Lunar - Silver Star (Disc 2)	Lunar - Silver Star (Disc 2)	310	0	0	0	0	0	0	0	0	132	0	1	16	1	0	0	0	1	0	1	0	0	2	0	1	0	1	0	0	0	0	0	0	1	2	0	0	0	0	0	0	0	0	0
Lunar 2 - Eternal Blue (Disc 1)	Lunar 2 - Eternal Blue (Disc 1)	310	0	0	0	0	0	0	0	0	132	0	1	16	1	0	0	0	1	0	1	0	0	2	0	1	1	1	0	0	0	0	0	0	1	2	2	2	2	2	0	1	1	0	0
Lunar 2 - Eternal Blue (Disc 2)	Lunar 2 - Eternal Blue (Disc 2)	310	0	0	0	0	0	0	0	0	132	0	1	16	1	0	0	0	1	0	1	0	0	2	0	1	1	1	0	0	0	0	0	0	1	2	2	2	2	2	0	1	1	0	0
Lunar 2 - Eternal Blue (Disc 3)	Lunar 2 - Eternal Blue (Disc 3)	310	0	0	0	0	0	0	0	0	132	0	1	16	1	0	0	0	1	0	1	0	0	2	0	1	1	1	0	0	0	0	0	0	1	2	2	2	2	2	0	1	1	0	0
Lunatik (Prototype)	Lunatik (Prototype)	310	0	0	0	0	0	0	0	0	128	0	0	16	1	0	0	0	1	0	1	0	1	2	0	1	1	0	0	0	0	0	0	0	1	2	0	0	0	0	0	0	0	0	0
Lupin the Third	Lupin the Third	310	0	0	0	0	0	0	0	0	0	1	1	16	1	0	0	0	1	0	1	0	1	2	0	2	1	1	0	0	0	0	0	0	1	2	0	0	0	0	0	0	0	0	0
Lupupu Cube - Lup Salad	Lupupu Cube - Lup Salad	310	0	0	0	0	0	0	0	0	0	1	1	16	1	0	0	0	1	0	1	0	1	2	0	0	1	1	0	0	0	0	0	0	1	2	0	0	0	0	0	0	0	0	0
M&M's - Shell Shocked	M&M's - Shell Shocked	310	0	0	0	0	0	0	0	0	128	0	0	16	1	0	0	0	1	0	1	0	1	2	0	1	1	0	0	0	0	0	0	0	1	0	2	2	2	2	0	1	1	0	0
Machine Hunter	Machine Hunter	310	0	0	0	0	0	0	0	0	0	1	0	16	1	0	0	0	1	0	1	0	1	2	0	2	1	1	0	0	0	0	0	0	1	2	0	0	0	0	0	0	0	0	0
Macross (Disc 1)	Macross (Disc 1)	310	0	0	0	0	0	0	0	0	0	0	0	16	1	0	0	0	1	0	1	0	1	2	0	4	1	1	0	0	0	0	0	0	1	2	2	2	2	2	0	1	1	0	0
Macross (Disc 2)	Macross (Disc 2)	310	0	0	0	0	0	0	0	0	0	1	1	16	1	0	0	0	1	0	1	0	1	2	0	4	1	1	0	0	0	0	0	0	1	2	2	2	2	2	0	1	1	0	0
Macross - Digital Mission VF-X	Macross - Digital Mission VF-X	310	0	0	0	0	0	0	0	0	128	0	1	16	1	0	0	0	1	0	1	0	0	2	0	1	1	1	0	0	0	0	0	0	1	2	0	0	0	0	0	0	0	0	0
Macross Plus - Game Edition	Macross Plus - Game Edition	310	0	0	0	0	0	0	0	0	128	0	1	16	1	0	0	0	1	0	1	0	1	2	0	1	1	1	0	0	0	0	0	0	1	2	2	2	2	2	0	1	1	0	0
Macross VF-X2	Macross VF-X2	310	0	0	0	0	0	0	0	0	0	1	1	16	1	0	0	0	1	0	1	0	1	2	0	1	1	1	0	0	0	0	0	0	1	2	2	2	2	2	0	1	1	0	0
Mad Panic Coaster	Mad Panic Coaster	310	0	0	0	0	0	0	0	0	128	0	1	16	1	0	0	0	1	0	1	0	1	2	0	1	1	1	0	0	0	0	0	0	1	2	0	0	0	0	0	0	0	0	0
Mad Stalker	Mad Stalker	310	0	0	0	0	0	0	0	0	128	0	0	16	1	0	0	0	1	0	1	0	0	2	0	4	0	1	0	0	0	0	0	0	1	2	0	0	0	0	0	0	0	0	0
Madden NFL 97	Madden NFL 97	310	0	0	0	0	0	0	0	0	128	0	1	16	1	0	0	0	1	0	1	0	1	2	0	4	0	1	0	0	0	0	0	0	1	2	0	0	0	0	0	0	0	0	0
Magic Beast Warriors	Magic Beast Warriors	310	0	0	0	0	0	0	0	0	0	1	1	16	1	0	0	0	1	0	1	0	1	2	0	1	1	0	0	0	0	0	0	0	1	2	0	0	0	0	0	0	0	0	0
Magic Carpet	Magic Carpet	310	0	0	0	0	0	0	0	0	128	0	0	16	1	0	0	0	1	0	1	0	1	2	0	3	0	1	0	0	0	0	0	0	1	2	0	0	0	0	0	0	0	0	0
Magic Castle	Magic Castle	310	0	0	0	0	0	0	0	0	0	1	1	16	1	0	0	0	1	0	1	0	1	2	0	0	1	1	0	0	0	0	0	0	1	2	0	0	0	0	0	0	0	0	0
Magic The Gathering - BM	Magic The Gathering - BM	310	0	0	0	0	0	0	0	0	128	0	0	16	1	0	0	0	1	0	1	0	0	2	0	1	1	1	0	0	0	0	0	0	1	2	0	0	0	0	0	0	0	0	0
Magical Drop F	Magical Drop F	310	0	0	0	0	0	0	0	0	128	0	1	16	1	0	0	0	1	0	1	0	1	2	0	1	1	1	0	0	0	0	0	0	1	2	0	0	0	0	0	0	0	0	0
Magical Drop III (Disc 1)	Magical Drop III (Disc 1)	310	0	0	0	0	0	0	0	0	0	1	1	16	1	0	0	0	1	0	1	0	1	2	0	1	1	0	0	0	0	0	0	0	1	2	0	0	0	0	0	0	0	0	0
Magical Drop III (Disc 2)	Magical Drop III (Disc 2)	310	0	0	0	0	0	0	0	0	0	1	1	16	1	0	0	0	1	0	1	0	1	2	0	1	1	0	0	0	0	0	0	0	1	2	2	2	2	2	0	1	1	0	0
Magical Drop	Magical Drop	310	0	0	0	0	0	0	0	0	128	0	1	16	1	0	0	0	1	0	1	0	1	2	0	1	1	1	0	0	0	0	0	0	1	2	0	0	0	0	0	0	0	0	0
Magical Hoppers	Magical Hoppers	310	0	0	0	0	0	0	0	0	0	1	1	16	1	0	0	0	1	0	1	0	1	2	0	4	0	1	0	0	0	0	0	0	1	2	0	0	0	0	0	0	0	0	0
Magical Tetris Challenge	Magical Tetris Challenge	310	0	0	0	0	0	0	0	0	0	1	1	16	1	0	0	0	1	0	1	0	1	2	0	1	1	1	0	0	0	0	0	0	1	0	2	2	2	2	0	1	1	0	0
Makeruna! Makendou 2	Makeruna! Makendou 2	310	0	0	0	0	0	0	0	0	128	0	0	16	1	0	0	0	1	0	1	0	1	2	0	3	1	1	0	0	0	0	0	0	1	2	0	0	0	0	0	0	0	0	0
Marble Master	Marble Master	310	0	0	0	0	0	0	0	0	0	1	1	16	1	0	0	0	1	0	1	0	2	2	0	3	1	0	0	0	0	0	0	0	1	0	2	2	2	2	0	1	1	0	0
Marchen Adventure - Cotton 100%	Marchen Adventure - Cotton 100%	310	0	0	0	0	0	0	0	0	128	0	0	16	1	0	0	0	1	0	1	0	1	2	0	1	0	1	0	0	0	0	0	0	1	2	0	0	0	0	0	0	0	0	0
Martian Gothic - Unification	Martian Gothic - Unification	310	0	0	0	0	0	0	0	0	0	1	1	16	1	0	0	0	1	0	1	0	1	2	0	3	1	0	0	0	0	0	0	0	1	0	2	2	2	2	0	1	1	0	0
Martian Gothic	Martian Gothic	270	0	0	0	0	0	0	0	0	0	1	1	16	1	0	0	0	1	0	1	0	2	2	0	3	1	1	0	0	0	0	0	0	1	2	0	0	0	0	0	0	0	0	0
Marvel Super Heroes vs. Street Fighter	Marvel Super Heroes vs. Street Fighter	310	0	0	0	0	0	0	0	0	0	1	1	16	1	0	0	0	1	0	1	0	0	2	0	3	1	0	0	0	0	0	0	0	1	0	0	0	0	0	0	0	0	0	0
Marvel Super Heroes	Marvel Super Heroes	310	0	0	0	0	0	0	0	0	0	1	1	16	1	0	0	0	1	0	1	0	0	2	0	0	1	1	0	0	0	0	0	0	1	2	0	0	0	0	0	0	0	0	0
Marvel vs. Capcom	Marvel vs. Capcom	310	0	0	0	0	0	0	0	0	0	1	1	16	1	0	0	0	1	0	1	0	0	2	0	3	1	0	0	0	0	0	0	0	1	0	0	0	0	0	0	0	0	0	0
Mary King's Riding Star	Mary King's Riding Star	310	0	0	0	0	0	0	0	0	128	0	0	16	1	0	0	0	1	0	1	0	0	2	0	0	1	1	0	0	0	0	0	0	1	2	2	2	2	2	0	1	1	0	0
Mass Destruction	Mass Destruction	310	0	0	0	0	0	0	0	0	128	0	0	16	1	0	0	0	1	0	1	0	1	2	0	2	0	1	0	0	0	0	0	0	1	2	0	0	0	0	0	0	0	0	0
Master of Monsters - Disciples of Gaia	Master of Monsters - Disciples of Gaia	310	0	0	0	0	0	0	0	0	0	1	1	16	1	0	0	0	1	0	1	0	1	2	0	0	1	0	0	0	0	0	0	0	1	0	2	2	2	2	0	1	1	0	0
Master of Monsters	Master of Monsters	270	0	0	0	0	0	0	0	0	0	1	1	16	1	0	0	0	1	0	1	0	1	2	0	3	2	1	0	0	0	0	0	0	1	2	0	0	0	0	0	0	0	0	0
Masters	Masters	310	0	0	0	0	0	0	1	0	128	0	0	16	1	0	0	0	1	1	1	0	1	2	0	4	1	1	0	0	0	0	0	0	1	2	0	0	0	0	0	0	0	0	0
Mat Hoffman's Pro BMX	Mat Hoffman's Pro BMX	310	0	0	0	0	0	0	0	0	0	1	1	16	1	0	0	0	1	0	1	0	2	2	0	4	3	1	0	0	0	0	0	0	1	0	2	2	2	2	0	1	1	0	0
Max Power Racing	Max Power Racing	306	0	0	0	0	0	0	0	0	0	1	1	16	1	0	0	0	1	0	1	0	2	2	0	4	3	0	0	0	0	0	0	0	1	0	0	0	0	0	0	0	0	0	0
Maximum Force	Maximum Force	310	0	0	0	0	0	0	0	0	0	1	1	16	1	0	0	0	1	0	1	0	1	2	0	3	1	0	0	0	0	0	0	0	1	0	0	0	0	0	0	1	1	0	0
MaxRacer	MaxRacer	310	0	0	0	0	0	0	0	0	0	1	1	16	1	0	0	0	1	0	1	0	0	2	0	4	0	1	0	0	0	0	0	0	1	0	0	0	0	0	0	0	0	0	0
MDK	MDK	310	0	0	0	0	0	0	0	0	128	0	0	16	1	0	0	0	1	0	1	0	1	2	0	1	1	1	0	0	0	0	0	0	1	2	0	0	0	0	0	1	1	0	0
MechWarrior 2	MechWarrior 2	310	0	0	0	0	0	0	0	0	128	0	1	16	1	0	0	0	1	0	1	0	1	2	0	2	1	1	0	0	0	0	0	0	1	2	0	0	0	0	0	0	0	0	0
Medal of Honor (Beta)	Medal of Honor (Beta)	306	0	0	0	0	0	0	0	0	0	0	0	16	1	0	0	0	1	0	1	0	1	2	0	4	1	0	0	0	0	0	0	0	1	2	2	2	2	2	0	1	1	0	0
Medal of Honor - Underground	Medal of Honor - Underground	310	0	0	0	0	0	0	0	0	64	0	0	16	1	0	0	0	1	0	1	0	1	2	0	1	1	1	0	0	0	0	0	0	1	2	2	2	2	2	0	1	1	20	20
Medal of Honor	Medal of Honor	310	0	0	0	0	0	0	0	0	64	0	0	16	1	0	0	0	1	0	1	0	1	2	0	1	0	1	0	0	0	0	0	0	1	2	2	2	2	2	0	1	1	20	20
Medarot R	Medarot R	310	0	0	0	0	0	0	0	0	64	1	1	16	1	0	0	0	1	0	1	0	0	2	0	0	0	1	0	0	0	0	0	0	1	2	0	0	0	0	0	0	0	0	0
MediEvil 2	MediEvil 2	306	0	0	0	0	0	0	0	0	64	1	1	16	1	0	0	0	1	0	1	0	1	2	0	3	1	0	0	0	0	0	0	0	1	0	2	2	2	2	0	1	1	0	0
MediEvil	MediEvil	310	0	0	0	0	1	0	0	0	8	1	1	16	1	0	0	0	1	0	1	0	0	2	0	5	0	1	0	0	0	0	0	0	1	2	2	2	2	2	0	0	0	0	0
Mega Man - Battle & Chase	Mega Man - Battle & Chase	270	0	0	0	0	0	0	0	0	0	1	1	16	1	0	0	0	1	0	1	0	2	2	0	3	2	1	0	0	0	0	0	0	1	0	0	0	0	0	0	0	0	0	0
Mega Man 8	Mega Man 8	310	0	0	0	0	0	0	0	0	0	1	1	16	1	0	0	0	1	0	1	0	1	2	0	4	1	1	0	0	0	0	0	0	1	2	0	0	0	0	0	0	0	0	0
Mega Man Legends 2	Mega Man Legends 2	310	0	0	0	0	0	0	0	0	0	1	1	16	1	0	0	0	1	0	1	0	1	2	0	3	1	1	0	0	0	0	0	0	1	2	2	2	2	2	0	1	1	0	0
Mega Man Legends	Mega Man Legends	310	0	0	0	0	0	0	0	0	128	0	1	16	1	0	0	0	1	0	1	0	0	2	0	4	1	1	0	0	0	0	0	0	1	2	0	0	0	0	0	0	0	0	0
Mega Man X3 (Enhanced)	Mega Man X3 (Enhanced)	310	0	0	0	0	0	0	0	0	0	0	0	16	1	0	0	0	1	0	1	0	1	2	0	4	1	0	0	0	0	0	0	0	1	2	0	0	0	0	0	0	0	0	0
Mega Man X3	Mega Man X3	310	0	0	0	0	0	0	0	0	0	1	1	16	1	0	0	0	1	0	1	0	1	2	0	4	1	1	0	0	0	0	0	0	1	2	0	0	0	0	0	0	0	0	0
Mega Man X4	Mega Man X4	310	0	0	0	0	0	0	0	0	0	1	1	16	1	0	0	0	1	0	1	0	1	2	0	4	1	1	0	0	0	0	0	0	1	2	0	0	0	0	0	0	0	0	0
Mega Man X5 (Enhanced)	Mega Man X5 (Enhanced)	310	0	0	0	0	0	0	0	0	0	1	1	16	1	0	0	0	1	0	1	0	1	2	0	3	1	1	0	0	0	0	0	0	1	2	2	2	2	2	0	1	1	0	0
Mega Man X5	Mega Man X5	310	0	0	0	0	0	0	0	0	0	1	1	16	1	0	0	0	1	0	1	0	1	2	0	3	1	1	0	0	0	0	0	0	1	2	0	0	0	0	0	0	0	0	0
Mega Man X6 (Enhanced)	Mega Man X6 (Enhanced)	310	0	0	0	0	0	0	0	0	128	0	0	16	1	0	0	0	1	0	1	0	1	2	0	3	1	1	0	0	0	0	0	0	1	2	2	2	2	2	0	1	1	0	0
Mega Man X6	Mega Man X6	310	0	0	0	0	0	0	0	0	0	1	1	16	1	0	0	0	1	0	1	0	1	2	0	4	1	1	0	0	0	0	0	0	1	2	0	0	0	0	0	0	0	0	0
Megaman - Battle & Chase	Megaman - Battle & Chase	310	0	0	0	0	0	0	0	0	0	1	1	16	1	0	0	0	1	0	1	0	1	2	0	4	3	0	0	0	0	0	0	0	1	0	0	0	0	0	0	0	0	0	0
Megatudo 2096	Megatudo 2096	310	0	0	0	0	0	0	0	0	0	1	1	16	1	0	0	0	1	0	1	0	1	2	0	4	1	1	0	0	0	0	0	0	1	2	0	0	0	0	0	0	0	0	0
Meisha Retsuden - Greatest 70's	Meisha Retsuden - Greatest 70's	310	0	0	0	0	0	0	0	0	0	1	1	16	1	0	0	0	1	0	1	0	0	2	0	4	0	1	0	0	0	0	0	0	1	2	0	0	0	0	0	0	0	0	0
Men in Black - Crashdown	Men in Black - Crashdown	310	0	0	0	0	1	0	0	0	200	0	0	16	1	0	0	0	1	1	1	0	0	2	0	0	0	1	0	0	0	0	0	0	1	2	2	2	2	2	0	1	1	0	0
Men in Black	Men in Black	310	0	0	0	0	0	0	0	0	0	1	1	16	1	0	0	0	1	0	1	0	1	2	0	4	0	1	0	0	0	0	0	0	1	2	0	0	0	0	0	0	0	0	0
Meta-Ph-List Mu.X.2297 (Disc 1)	Meta-Ph-List Mu.X.2297 (Disc 1)	310	0	0	0	0	0	0	0	0	0	1	1	16	1	0	0	0	1	0	1	0	1	2	0	4	1	0	0	0	0	0	0	0	1	0	0	0	0	0	0	0	0	0	0
Meta-Ph-List Mu.X.2297 (Disc 2)	Meta-Ph-List Mu.X.2297 (Disc 2)	310	0	0	0	0	0	0	0	0	0	1	1	16	1	0	0	0	1	0	1	0	1	2	0	4	1	0	0	0	0	0	0	0	1	0	0	0	0	0	0	0	0	0	0
Metal Gear Solid (Disc 1)	Metal Gear Solid (Disc 1)	310	0	0	0	0	0	0	0	0	128	0	0	16	1	0	0	0	1	1	1	0	1	2	0	3	1	1	0	0	0	0	0	0	1	2	2	2	2	2	0	1	1	0	0
Metal Gear Solid (Disc 2)	Metal Gear Solid (Disc 2)	310	0	0	0	0	0	0	0	0	128	0	0	16	1	0	0	0	1	1	1	0	1	2	0	3	1	1	0	0	0	0	0	0	1	2	2	2	2	2	0	1	1	0	0
Metal Gear Solid - Special Missions	Metal Gear Solid - Special Missions	306	0	0	0	0	0	0	0	0	128	0	0	16	1	0	0	0	1	0	1	0	2	2	0	3	1	0	0	0	0	0	0	0	1	0	2	2	2	2	0	1	1	0	0
Metal Gear Solid - VR Missions	Metal Gear Solid - VR Missions	310	0	0	0	0	0	0	0	0	128	0	0	16	1	0	0	0	1	1	1	0	1	2	0	1	1	1	0	0	0	0	0	0	1	2	2	2	2	2	0	1	1	0	0
Metal Jacket	Metal Jacket	310	0	0	0	0	0	0	0	0	128	0	1	16	1	0	0	0	1	0	1	0	1	2	0	1	0	1	0	0	0	0	0	0	1	2	0	0	0	0	0	0	0	0	0
Metal Slug X	Metal Slug X	310	0	0	0	0	0	0	0	0	128	0	1	16	1	0	0	0	1	0	1	0	1	2	0	1	1	0	0	0	0	0	0	0	1	2	0	0	0	0	0	0	0	0	0
Metal Slug	Metal Slug	310	0	0	0	0	0	0	0	0	128	0	0	16	1	0	0	0	1	0	1	0	1	2	0	4	1	1	0	0	0	0	0	0	1	2	0	0	0	0	0	0	0	0	0
Mezase! Senkyuu-ou	Mezase! Senkyuu-ou	310	0	0	0	0	0	0	0	0	128	0	0	16	1	0	0	0	1	0	1	0	1	2	0	2	0	1	0	0	0	0	0	0	1	2	0	0	0	0	0	0	0	0	0
MGG - Manic Game Girl	MGG - Manic Game Girl	310	0	0	0	0	0	0	0	0	128	0	1	16	1	0	0	0	1	0	1	0	1	2	0	1	0	1	0	0	0	0	0	0	1	2	2	2	2	2	0	1	1	0	0
Michael Owen's World League 1999	Michael Owen's World League 1999	310	0	0	0	0	0	0	0	0	0	1	0	16	1	0	0	0	1	1	1	0	0	1	0	1	0	1	0	0	0	0	0	0	1	2	2	2	2	2	0	1	1	0	0
Michael Schumacher - WRK 2002	Michael Schumacher - WRK 2002	310	0	0	0	0	0	0	0	0	128	0	0	16	1	0	0	0	1	0	1	0	1	2	0	4	0	1	0	0	0	0	0	0	1	2	2	2	2	2	0	1	1	0	0
Mickey's Wild Adventure	Mickey's Wild Adventure	310	0	0	0	0	0	0	0	0	128	0	0	16	1	0	0	0	1	0	1	0	1	2	0	0	1	1	0	0	0	0	0	0	1	2	0	0	0	0	0	0	0	0	0
Micro Machines V3	Micro Machines V3	310	0	0	0	0	0	0	0	0	0	1	1	16	1	0	0	0	1	0	1	0	0	2	0	1	0	1	0	0	0	0	0	0	1	2	0	0	0	0	1	0	0	0	0
Micro Maniacs	Micro Maniacs	310	0	0	0	0	0	0	0	0	128	0	0	16	1	0	0	0	1	0	1	0	0	2	0	4	0	1	0	0	0	0	0	0	1	2	2	2	2	2	0	1	1	0	0
Midnight in Vegas	Midnight in Vegas	310	0	0	0	0	0	0	0	0	128	0	1	16	1	0	0	0	1	0	1	0	1	2	0	0	0	1	0	0	0	0	0	0	1	2	2	2	2	2	0	1	1	0	0
Midnight Run - Road Fighter 2	Midnight Run - Road Fighter 2	310	0	0	0	0	0	0	0	0	0	1	1	16	1	0	0	0	1	0	1	0	1	2	0	4	1	0	0	0	0	0	0	0	1	0	0	0	0	0	0	0	0	0	0
Mighty Hits Special	Mighty Hits Special	306	0	0	0	0	0	0	0	0	0	0	0	16	1	0	0	0	1	0	1	0	1	2	0	0	0	0	0	0	0	0	0	0	1	2	0	0	0	0	0	0	0	0	0
Mille Miglia	Mille Miglia	310	0	0	0	0	0	0	0	0	0	1	1	16	1	0	0	0	1	0	1	0	1	2	0	4	1	1	0	0	0	0	0	0	1	0	2	2	2	2	0	1	1	0	0
Mini Bakusou Kyoudai - WGP Hyper Heat	Mini Bakusou Kyoudai - WGP Hyper Heat	310	0	0	0	0	0	0	0	0	128	0	1	16	1	0	0	0	1	0	1	0	0	2	0	4	1	1	0	0	0	0	0	0	1	2	0	0	0	0	0	0	0	0	0
Minnya de Ghost Hunter	Minnya de Ghost Hunter	310	0	0	0	0	0	0	0	0	128	0	1	16	1	0	0	0	1	0	1	0	1	2	0	1	1	0	0	0	0	0	0	0	1	2	2	2	2	2	0	1	1	0	0
Misadventures of Tron Bonne	Misadventures of Tron Bonne	310	0	0	0	0	0	0	1	0	208	0	1	16	1	0	0	0	1	0	1	0	0	0	0	2	0	1	0	0	0	0	0	0	1	2	2	2	2	2	0	1	1	0	0
Missile Command	Missile Command	310	0	0	0	0	0	0	0	0	128	0	1	16	1	0	0	0	1	0	1	0	1	2	0	0	1	1	0	0	0	0	0	0	1	2	2	2	2	2	0	1	1	0	0
Mission Impossible	Mission Impossible	310	0	0	0	0	1	0	0	0	216	0	1	16	1	0	0	0	1	0	1	0	1	1	0	1	0	1	0	0	0	0	0	0	1	2	0	0	0	0	0	0	0	0	0
Missland 2	Missland 2	310	0	0	0	0	0	0	0	0	0	1	1	16	1	0	0	0	1	0	1	0	2	2	0	4	1	0	0	0	0	0	0	0	1	0	0	0	0	0	0	0	0	0	0
Missland	Missland	310	0	0	0	0	0	0	0	0	0	1	1	16	1	0	0	0	1	0	1	0	2	2	0	4	1	0	0	0	0	0	0	0	1	0	0	0	0	0	0	0	0	0	0
Mizzurna Falls	Mizzurna Falls	310	0	0	0	0	1	0	0	0	128	0	1	16	1	0	0	0	1	0	1	0	1	2	0	0	0	1	0	0	0	0	0	0	1	2	2	2	2	2	0	1	1	0	0
Mobile Armor	Mobile Armor	306	0	0	0	0	0	0	0	0	128	0	1	16	1	0	0	0	1	0	1	0	1	2	0	3	1	0	0	0	0	0	0	0	1	0	2	2	2	2	0	1	1	0	0
Mobile Light Force	Mobile Light Force	306	0	0	0	0	0	0	0	0	0	1	1	16	1	0	0	0	1	0	1	0	2	2	0	3	1	1	0	0	0	0	0	0	1	2	0	0	0	0	0	0	0	0	0
Mobile Police Patlabor (Taikenban 1.0)	Mobile Police Patlabor (Taikenban 1.0)	310	0	0	0	0	0	0	0	0	128	0	1	16	1	0	0	0	1	0	1	0	0	2	0	0	1	1	0	0	0	0	0	0	1	2	2	2	2	2	0	1	1	0	0
Mobile Police Patlabor (Taikenban 2.0)	Mobile Police Patlabor (Taikenban 2.0)	310	0	0	0	0	0	0	0	0	128	0	1	16	1	0	0	0	1	0	1	0	0	2	0	0	1	1	0	0	0	0	0	0	1	2	2	2	2	2	0	1	1	0	0
Mobile Police Patlabor	Mobile Police Patlabor	310	0	0	0	0	0	0	0	0	128	0	1	16	1	0	0	0	1	0	1	0	1	2	0	1	1	1	0	0	0	0	0	0	1	2	2	2	2	2	0	1	1	0	0
Mobile Suit Gundam - C's Counterattack	Mobile Suit Gundam - C's Counterattack	310	0	0	0	0	0	0	0	0	128	0	1	16	1	0	0	0	1	0	1	0	1	2	0	0	1	1	0	0	0	0	0	0	1	2	2	2	2	2	0	1	1	0	0
Mobile Suit Gundam - POYW	Mobile Suit Gundam - POYW	310	0	0	0	0	0	0	0	0	0	1	1	16	1	0	0	0	1	0	1	0	1	2	0	0	0	1	0	0	0	0	0	0	1	0	0	0	0	0	0	0	0	0	0
Mobile Suit Gundam - Version 2.0 LTD	Mobile Suit Gundam - Version 2.0 LTD	310	0	0	0	0	0	0	0	0	128	0	1	16	1	0	0	0	1	0	1	0	1	2	0	4	1	1	0	0	0	0	0	0	1	2	0	0	0	0	0	0	0	0	0
MoHo	MoHo	306	0	0	0	0	0	0	0	0	0	0	1	16	1	0	0	0	1	0	1	0	1	1	0	0	3	1	0	0	0	0	0	0	1	2	2	2	2	2	0	1	1	0	0
Monaco Grand Prix	Monaco Grand Prix	310	0	0	0	0	0	0	0	0	0	1	1	16	1	0	0	0	1	0	1	0	0	2	0	4	0	1	0	0	0	0	0	0	1	2	2	2	2	2	0	1	1	0	0
Monkey Magic	Monkey Magic	310	0	0	0	0	0	0	0	0	24	1	0	16	1	0	0	0	1	0	1	0	0	2	0	5	0	1	0	0	0	0	0	0	1	2	0	0	0	0	0	0	0	0	0
Monster Bass	Monster Bass	310	0	0	0	0	0	0	0	0	128	0	0	16	1	0	0	0	1	0	1	0	0	2	0	2	1	1	0	0	0	0	0	0	1	2	2	2	2	2	0	1	1	0	0
Monster Racer	Monster Racer	310	0	0	0	0	0	0	0	0	128	0	0	16	1	0	0	0	1	0	1	0	0	2	0	4	0	1	0	0	0	0	0	0	1	2	2	2	2	2	0	1	1	0	0
Monster Rancher 2	Monster Rancher 2	306	0	0	0	0	0	0	0	0	0	1	1	16	1	0	0	0	1	0	1	0	1	2	0	3	1	1	0	0	0	0	0	0	1	2	0	0	0	0	0	0	0	0	0
Monster Rancher Hop-A-Bout	Monster Rancher Hop-A-Bout	310	0	0	0	0	0	0	0	0	128	0	0	16	1	0	0	0	1	0	1	0	0	2	0	1	1	1	0	0	0	0	0	0	1	2	2	2	2	2	0	1	1	0	0
Monster Rancher	Monster Rancher	310	0	0	0	0	0	0	0	0	0	1	1	16	1	0	0	0	1	0	1	0	1	2	0	0	0	1	0	0	0	0	0	0	1	2	2	2	2	2	0	1	1	0	0
Monster Trucks	Monster Trucks	310	0	0	0	0	1	0	1	0	0	1	1	16	1	0	0	0	1	1	1	0	1	2	0	4	2	1	0	0	0	0	0	0	1	2	0	0	0	0	0	0	0	0	0
Monsters Inc. - Scream Team	Monsters Inc. - Scream Team	310	0	0	0	0	0	0	0	0	0	1	1	16	1	0	0	0	1	0	1	0	1	2	0	0	1	1	0	0	0	0	0	0	1	2	2	2	2	2	0	1	1	0	0
MonsterSeed	MonsterSeed	306	0	0	0	0	0	0	0	0	0	1	1	16	1	0	0	0	1	0	1	0	2	2	0	3	0	1	0	0	0	0	0	0	1	2	0	0	0	0	0	0	0	0	0
Moon Cresta	Moon Cresta	310	0	0	0	0	0	0	0	0	0	1	1	16	1	0	0	0	1	0	1	0	1	2	0	4	0	1	0	0	0	0	0	0	1	2	0	0	0	0	0	0	0	0	0
Moon	Moon	306	0	0	0	0	0	0	0	0	0	1	1	16	1	0	0	0	1	0	1	0	2	2	0	3	1	0	0	0	0	0	0	0	1	0	2	2	2	2	0	1	1	0	0
Moorhen 3	Moorhen 3	310	0	0	0	0	0	0	0	0	128	0	0	16	1	0	0	0	1	0	1	0	2	2	0	2	1	1	0	0	0	0	0	0	1	0	2	2	2	2	0	1	1	0	0
Moorhuhn 2	Moorhuhn 2	310	0	0	0	0	0	0	0	0	128	0	0	16	1	0	0	0	1	0	1	0	1	2	0	2	1	1	0	0	0	0	0	0	1	2	2	2	2	2	0	1	1	0	0
Moorhuhn Kart	Moorhuhn Kart	310	0	0	0	0	0	0	0	0	128	0	0	16	1	0	0	0	1	0	1	0	0	2	0	0	0	1	0	0	0	0	0	0	1	2	2	2	2	2	0	1	1	0	0
Moorhuhn X	Moorhuhn X	310	0	0	0	0	0	0	0	0	128	0	0	16	1	0	0	0	1	0	1	0	1	2	0	2	1	1	0	0	0	0	0	0	1	2	2	2	2	2	0	1	1	0	0
Mort the Chicken	Mort the Chicken	310	0	0	0	0	0	0	0	0	128	0	1	16	1	0	0	0	1	0	1	0	1	2	0	5	0	1	0	0	0	0	0	0	1	2	2	2	2	2	0	1	1	0	0
Mortal Kombat - Special Forces	Mortal Kombat - Special Forces	310	0	0	0	0	0	0	0	0	0	1	1	16	1	0	0	0	1	0	1	0	2	2	0	4	1	0	0	0	0	0	0	0	1	0	2	2	2	2	0	1	1	0	0
Mortal Kombat 2	Mortal Kombat 2	310	0	0	0	0	0	0	0	0	128	0	1	16	1	0	0	0	1	0	1	0	1	2	0	1	1	1	0	0	0	0	0	0	1	2	0	0	0	0	0	0	0	0	0
Mortal Kombat 3	Mortal Kombat 3	310	0	0	0	0	0	0	0	0	128	0	0	16	1	0	0	0	1	0	1	0	1	2	0	3	1	1	0	0	0	0	0	0	1	2	0	0	0	0	0	0	0	0	0
Mortal Kombat 4	Mortal Kombat 4	310	0	0	0	0	0	0	0	0	128	0	1	16	1	0	0	0	1	0	1	0	1	2	0	4	1	1	0	0	0	0	0	0	1	0	0	0	0	0	0	0	0	0	0
Mortal Kombat Mythologies - Sub-Zero	Mortal Kombat Mythologies - Sub-Zero	310	0	0	0	0	0	0	0	0	128	0	0	16	1	0	0	0	1	0	1	0	1	2	0	1	1	1	0	0	0	0	0	0	1	2	0	0	0	0	0	0	0	0	0
Mortal Kombat Mythologies	Mortal Kombat Mythologies	310	0	0	0	0	0	0	0	0	0	1	1	16	1	0	0	0	1	0	1	0	2	2	0	4	1	0	0	0	0	0	0	0	1	0	0	0	0	0	0	0	0	0	0
Mortal Kombat Trilogy - TE	Mortal Kombat Trilogy - TE	310	0	0	0	0	0	0	0	0	128	0	0	16	1	0	0	0	1	0	1	0	1	2	0	1	1	1	0	0	0	0	0	0	1	2	0	0	0	0	0	0	0	0	0
Mortal Kombat Trilogy_	Mortal Kombat Trilogy_	310	0	0	0	0	0	0	0	0	0	1	1	16	1	0	0	0	1	0	1	0	1	2	0	3	1	1	0	0	0	0	0	0	1	0	0	0	0	0	0	0	0	0	0
Moto Racer 2	Moto Racer 2	310	0	0	0	0	0	0	0	0	128	0	0	16	1	0	0	0	1	0	1	0	0	2	0	0	0	1	0	0	0	0	0	0	1	2	2	2	2	2	0	1	1	0	0
Moto Racer World Tour	Moto Racer World Tour	310	0	0	0	0	0	0	0	0	128	0	0	16	1	0	0	0	1	0	1	0	0	2	0	0	0	1	0	0	0	0	0	0	1	2	2	2	2	2	0	1	1	0	0
Moto Racer	Moto Racer	310	0	0	0	0	0	0	0	0	128	0	0	16	1	0	0	0	1	0	1	0	0	2	0	0	0	1	0	0	0	0	0	0	1	2	0	0	0	0	0	0	0	0	0
Motocross Mania	Motocross Mania	310	0	0	0	0	0	0	0	0	128	0	0	16	1	0	0	0	1	0	1	0	0	2	0	4	0	1	0	0	0	0	0	0	1	2	2	2	2	2	0	1	1	0	0
Motor Mash	Motor Mash	306	0	0	0	0	0	0	0	0	0	1	1	16	1	0	0	0	1	0	1	0	1	2	0	4	0	0	0	0	0	0	0	0	1	2	0	0	0	0	1	0	0	0	0
Motor Toon Grand Prix	Motor Toon Grand Prix	310	0	0	0	0	0	0	0	0	0	1	1	16	1	0	0	0	1	0	1	0	0	2	0	4	0	1	0	0	0	0	0	0	1	2	0	0	0	0	0	0	0	0	0
Motorhead	Motorhead	306	0	0	0	0	0	0	0	0	0	1	1	16	1	0	0	0	1	0	1	0	2	2	0	5	1	0	0	0	0	0	0	0	1	0	2	2	2	2	0	1	1	0	0
Mr. Driller G	Mr. Driller G	310	0	0	0	0	1	0	0	0	64	0	0	16	1	0	0	0	1	0	1	0	0	2	0	4	0	1	0	0	0	0	0	0	1	2	0	0	0	0	0	0	0	0	0
Mr. Driller	Mr. Driller	310	0	0	0	0	1	0	0	0	0	1	0	16	1	0	0	0	1	0	1	0	2	2	0	4	2	1	0	0	0	0	0	0	1	0	2	2	2	2	0	1	1	0	0
Mr. Prospector	Mr. Prospector	310	0	0	0	0	0	0	0	0	128	0	0	16	1	0	0	0	1	0	1	0	1	2	0	1	1	1	0	0	0	0	0	0	1	2	0	0	0	0	0	0	0	0	0
Ms. Pac-Man - Maze Madness	Ms. Pac-Man - Maze Madness	310	0	0	0	0	0	0	0	0	128	0	1	16	1	0	0	0	1	0	1	0	0	2	0	4	1	1	0	0	0	0	0	0	1	2	2	2	2	2	0	1	1	0	0
MTB Dirt Cross	MTB Dirt Cross	310	0	0	0	0	0	0	0	0	128	0	1	16	1	0	0	0	1	0	1	0	1	2	0	1	1	1	0	0	0	0	0	0	1	2	2	2	2	2	0	1	1	0	0
MTV Sports - Pure Ride	MTV Sports - Pure Ride	310	0	0	0	0	0	0	0	0	128	0	1	16	1	0	0	0	1	0	1	0	0	2	0	0	0	1	0	0	0	0	0	0	1	2	2	2	2	2	0	1	1	0	0
MTV Sports - Skateboarding	MTV Sports - Skateboarding	310	0	0	0	0	0	0	0	0	128	0	0	16	1	0	0	0	1	0	1	0	0	2	0	4	0	1	0	0	0	0	0	0	1	2	2	2	2	2	0	1	1	0	0
MTV Sports - Snowboarding	MTV Sports - Snowboarding	310	0	0	0	0	0	0	0	0	128	0	0	16	1	0	0	0	1	0	1	0	0	2	0	4	0	1	0	0	0	0	0	0	1	2	2	2	2	2	0	1	1	0	0
Muppet Monster Adventure	Muppet Monster Adventure	310	0	0	0	0	1	0	0	0	88	1	1	16	1	0	0	0	1	0	1	0	0	2	0	4	0	1	0	0	0	0	0	0	1	2	2	2	2	2	0	1	1	0	0
Music 2000	Music 2000	306	0	0	0	0	0	0	0	0	0	0	1	16	1	0	0	0	1	0	1	0	1	2	0	0	1	1	0	0	0	0	0	0	1	2	2	2	2	2	0	0	0	0	0
Music	Music	310	0	0	0	0	0	0	0	0	0	0	1	16	1	0	0	0	1	0	1	0	1	2	0	4	1	1	0	0	0	0	0	0	1	2	0	0	0	0	0	0	0	0	0
Myst	Myst	310	0	0	0	0	0	0	0	0	128	0	1	16	1	0	0	0	1	0	1	0	1	2	0	1	1	1	0	0	0	0	0	0	1	2	0	0	0	0	0	0	0	0	0
Mystic Dragoons	Mystic Dragoons	310	0	0	0	0	0	0	0	0	0	1	1	16	1	0	0	0	1	0	1	0	1	2	0	3	1	0	0	0	0	0	0	0	1	0	0	0	0	0	0	0	0	0	0
N-Gen Racing	N-Gen Racing	310	0	0	0	0	0	0	0	0	72	0	0	16	1	0	0	0	1	0	1	0	0	2	0	4	0	0	0	0	0	0	0	0	1	2	2	2	2	2	0	1	1	0	0
N2O - Nitrous Oxide	N2O - Nitrous Oxide	310	0	0	0	0	0	0	0	0	128	0	1	16	1	0	0	0	1	0	1	0	1	2	0	1	0	1	0	0	0	0	0	0	1	2	0	0	0	0	0	0	0	0	0
Nagano Winter Olympics 1998	Nagano Winter Olympics 1998	310	0	0	0	0	1	0	0	0	128	0	1	16	1	0	0	0	1	0	1	0	0	2	0	1	0	1	0	0	0	0	0	0	1	2	0	0	0	0	0	0	0	0	0
Namco Anthology 1	Namco Anthology 1	310	0	0	0	0	0	0	0	0	0	1	1	16	1	0	0	0	1	0	1	0	0	2	0	0	0	1	0	0	0	0	0	0	1	2	0	0	0	0	0	0	0	0	0
Namco Anthology 2	Namco Anthology 2	310	0	0	0	0	0	0	0	0	0	1	1	16	1	0	0	0	1	0	1	0	0	2	0	0	0	1	0	0	0	0	0	0	1	2	0	0	0	0	0	0	0	0	0
Namco Museum Vol. 1	Namco Museum Vol. 1	310	0	0	0	0	0	0	0	0	0	0	0	16	1	0	0	0	1	0	1	0	1	2	0	2	1	1	0	0	0	0	0	0	1	0	0	0	0	0	0	0	0	0	0
Namco Museum Vol. 2	Namco Museum Vol. 2	310	0	0	0	0	0	0	0	0	0	0	0	16	1	0	0	0	1	0	1	0	1	2	0	2	1	1	0	0	0	0	0	0	1	0	0	0	0	0	0	0	0	0	0
Namco Museum Vol. 3	Namco Museum Vol. 3	310	0	0	0	0	0	0	0	0	0	0	0	16	1	0	0	0	1	0	1	0	1	2	0	2	1	1	0	0	0	0	0	0	1	0	0	0	0	0	0	0	0	0	0
Namco Museum Vol. 4	Namco Museum Vol. 4	310	0	0	0	0	0	0	0	0	0	1	1	16	1	0	0	0	1	0	1	0	1	2	0	2	1	1	0	0	0	0	0	0	1	2	0	0	0	0	0	0	0	0	0
Namco Museum Vol. 5	Namco Museum Vol. 5	310	0	0	0	0	0	0	0	0	0	1	1	16	1	0	0	0	1	0	1	0	1	2	0	2	1	1	0	0	0	0	0	0	1	0	0	0	0	0	0	0	0	0	0
Namco Museum Vol. 6 - Encore	Namco Museum Vol. 6 - Encore	310	0	0	0	0	0	0	0	0	0	1	1	16	1	0	0	0	1	0	1	0	1	2	0	2	1	1	0	0	0	0	0	0	1	0	0	0	0	0	0	0	0	0	0
Naniwa Wangan Battle	Naniwa Wangan Battle	310	0	0	0	0	0	0	0	0	0	1	1	16	1	0	0	0	1	0	1	0	0	2	0	4	3	0	0	0	0	0	0	0	1	0	2	2	2	2	0	1	1	0	0
Nanotek Warrior	Nanotek Warrior	310	0	0	0	0	0	0	0	0	0	0	0	16	1	0	0	0	1	0	1	0	2	2	0	0	0	1	0	0	0	0	0	0	1	0	0	0	0	0	0	0	0	0	0
NASCAR 2000	NASCAR 2000	310	0	0	0	0	0	0	0	0	128	0	0	16	1	0	0	0	1	0	1	0	1	2	0	1	1	1	0	0	0	0	0	0	1	2	2	2	2	2	0	1	1	0	0
NASCAR 2001	NASCAR 2001	310	0	0	0	0	0	0	0	0	128	0	0	16	1	0	0	0	1	0	1	0	1	2	0	4	0	1	0	0	0	0	0	0	1	2	2	2	2	2	0	1	1	0	0
NASCAR 98 - Collector's Edition	NASCAR 98 - Collector's Edition	310	0	0	0	0	0	0	0	0	128	0	0	16	1	0	0	0	1	0	1	0	1	2	0	1	0	1	0	0	0	0	0	0	1	2	2	2	2	2	0	1	1	0	0
NASCAR 99 - Legacy (CE)	NASCAR 99 - Legacy (CE)	310	0	0	0	0	0	0	0	0	128	0	0	16	1	0	0	0	1	0	1	0	1	2	0	4	1	1	0	0	0	0	0	0	1	2	2	2	2	2	0	1	1	0	0
NASCAR Heat	NASCAR Heat	310	0	0	0	0	0	0	0	0	128	0	0	16	1	0	0	0	1	0	1	0	0	2	0	0	1	1	0	0	0	0	0	0	1	2	2	2	2	2	0	1	1	0	0
NASCAR Racing	NASCAR Racing	310	0	0	0	0	0	0	0	0	128	0	0	16	1	0	0	0	1	0	1	0	1	2	0	1	1	1	0	0	0	0	0	0	1	2	0	0	0	0	0	0	0	0	0
NASCAR Rumble	NASCAR Rumble	310	0	0	0	0	1	0	0	0	16	0	0	16	1	0	0	0	1	0	1	0	0	2	0	0	0	1	0	0	0	0	0	0	1	2	2	2	2	2	0	1	1	0	0
NBA Hangtime	NBA Hangtime	310	0	0	0	0	0	0	0	0	0	1	1	16	1	0	0	0	1	0	1	0	0	1	0	4	0	0	0	0	0	0	0	0	1	2	0	0	0	0	1	0	0	0	0
NBA Hoopz	NBA Hoopz	310	0	0	0	0	0	0	0	0	0	1	1	16	1	0	0	0	1	0	1	0	0	2	0	1	0	1	0	0	0	0	0	0	1	2	2	2	2	2	0	1	1	0	0
NBA Jam - Extreme	NBA Jam - Extreme	306	0	0	0	0	0	0	0	0	0	1	1	16	1	0	0	0	1	0	1	0	0	2	0	0	1	0	0	0	0	0	0	0	1	2	0	0	0	0	1	0	0	0	0
NBA Jam - Tournament Edition '21	NBA Jam - Tournament Edition '21	306	0	0	0	0	0	0	0	0	0	0	0	16	1	0	0	0	1	0	1	0	2	2	0	3	1	0	0	0	0	0	0	0	1	0	0	0	0	0	1	0	0	0	0
NBA Jam - Tournament Edition '22	NBA Jam - Tournament Edition '22	306	0	0	0	0	0	0	0	0	0	0	0	16	1	0	0	0	1	0	1	0	2	2	0	3	1	0	0	0	0	0	0	0	1	0	0	0	0	0	1	0	0	0	0
NBA Jam - Tournament Edition	NBA Jam - Tournament Edition	306	0	0	0	0	0	0	0	0	0	0	0	16	1	0	0	0	1	0	1	0	2	2	0	3	1	0	0	0	0	0	0	0	1	2	0	0	0	0	1	0	0	0	0
NBA Shoot Out	NBA Shoot Out	310	0	0	0	0	0	0	0	0	64	1	0	16	1	0	0	0	1	0	1	0	0	2	0	4	1	1	0	0	0	0	0	0	1	2	0	0	0	0	0	0	0	0	0
NBA Showtime - NBA on NBC	NBA Showtime - NBA on NBC	310	0	0	0	0	0	0	0	0	0	0	0	16	1	0	0	0	1	0	1	0	2	2	0	4	0	0	0	0	0	0	0	0	1	2	2	2	2	2	1	1	1	0	0
NCAA Basketball Final Four 97	NCAA Basketball Final Four 97	310	0	0	0	0	0	0	0	0	128	0	1	16	1	0	0	0	1	0	1	0	1	2	0	4	0	1	0	0	0	0	0	0	1	2	0	0	0	0	0	0	0	0	0
Necronomicon (Disc 1)	Necronomicon (Disc 1)	310	0	0	0	0	0	0	0	0	128	0	0	16	1	0	0	0	1	0	1	0	1	2	0	1	1	0	0	0	0	0	0	0	1	0	2	2	2	2	0	1	1	0	0
Necronomicon (Disc 2)	Necronomicon (Disc 2)	310	0	0	0	0	0	0	0	0	128	0	0	16	1	0	0	0	1	0	1	0	1	2	0	1	1	0	0	0	0	0	0	0	1	0	2	2	2	2	0	1	1	0	0
Nectaris - Military Madness	Nectaris - Military Madness	310	0	0	0	0	0	0	0	0	128	0	1	16	1	0	0	0	1	0	1	0	1	2	0	2	1	1	0	0	0	0	0	0	1	2	0	0	0	0	0	0	0	0	0
Need for Speed II	The Need for Speed II	266	0	0	0	0	0	0	0	0	0	0	0	16	1	0	0	0	1	0	1	0	2	2	0	3	1	0	0	0	0	0	0	0	1	0	0	0	0	0	0	1	1	0	0
Nekketsu Oyako	Nekketsu Oyako	310	0	0	0	0	0	0	0	0	0	1	0	16	1	0	0	0	1	0	1	0	0	2	0	4	1	1	0	0	0	0	0	0	1	2	0	0	0	0	0	0	0	0	0
Net Yaroze Collection (2007)	Net Yaroze Collection (2007)	310	0	0	0	0	0	0	0	0	0	1	1	16	1	0	0	0	1	0	1	0	1	2	0	0	0	1	0	0	0	0	0	0	1	2	0	0	0	0	0	0	0	0	0
Net Yaroze Collection	Net Yaroze Collection	310	0	0	0	0	0	0	0	0	8	1	1	16	1	0	0	0	1	0	1	0	0	2	0	1	0	1	0	0	0	0	0	0	1	2	0	0	0	0	0	0	0	0	0
Newman Haas Racing	Newman Haas Racing	310	0	0	0	0	0	0	0	0	128	0	0	16	1	0	0	0	1	0	1	0	0	2	0	4	0	1	0	0	0	0	0	0	1	2	0	0	0	0	0	0	0	0	0
Next Tetris	Next Tetris	270	0	0	0	0	0	0	0	0	0	0	0	16	1	0	0	0	1	0	1	0	2	2	0	3	1	0	0	0	0	0	0	0	1	2	0	0	0	0	0	0	0	0	0
NFL Blitz	NFL Blitz	310	0	0	0	0	0	0	0	0	128	0	0	16	1	0	0	0	1	0	1	0	0	2	0	4	0	1	0	0	0	0	0	0	1	2	0	0	0	0	0	0	0	0	0
NFL Full Contact	NFL Full Contact	310	0	0	0	0	0	0	0	0	128	0	0	16	1	0	0	0	1	0	1	0	1	2	0	1	0	1	0	0	0	0	0	0	1	2	0	0	0	0	0	0	0	0	0
NFL GameDay 1997	NFL GameDay 1997	310	0	0	0	0	0	0	0	0	0	1	1	16	1	0	0	0	1	0	1	0	1	2	0	4	0	1	0	0	0	0	0	0	1	2	0	0	0	0	0	0	0	0	0
NFL GameDay	NFL GameDay	310	0	0	0	0	0	0	0	0	128	0	0	16	1	0	0	0	1	0	1	0	1	2	0	4	0	1	0	0	0	0	0	0	1	2	0	0	0	0	0	0	0	0	0
NFL Xtreme	NFL Xtreme	310	0	0	0	0	0	0	0	0	0	1	0	16	1	0	0	0	1	0	1	0	0	2	0	1	0	1	0	0	0	0	0	0	1	2	0	0	0	0	0	0	0	0	0
NHL Face Off 1997_	NHL Face Off 1997_	310	0	0	0	0	0	0	0	0	128	0	1	16	1	0	0	0	1	0	1	0	0	2	0	1	0	1	0	0	0	0	0	0	1	2	0	0	0	0	0	0	0	0	0
NHL Face Off 1998	NHL Face Off 1998	310	0	0	0	0	0	0	0	0	128	0	0	16	1	0	0	0	1	1	1	0	0	2	0	1	0	1	0	0	0	0	0	0	1	2	0	0	0	0	0	0	0	0	0
NHL Face Off 1999	NHL Face Off 1999	310	0	0	0	0	0	0	0	0	0	1	1	16	1	0	0	0	1	0	1	0	0	2	0	4	0	1	0	0	0	0	0	0	1	2	2	2	2	2	0	1	1	0	0
NHL Face Off 2000	NHL Face Off 2000	310	0	0	0	0	0	0	0	0	0	1	1	16	1	0	0	0	1	0	1	0	0	2	0	4	0	1	0	0	0	0	0	0	1	2	2	2	2	2	0	1	1	0	0
NHL Face Off	NHL Face Off	310	0	0	0	0	0	0	0	0	128	0	0	16	1	0	0	0	1	1	1	0	1	2	0	4	0	1	0	0	0	0	0	0	1	2	0	0	0	0	0	0	0	0	0
NHL Powerplay 1996	NHL Powerplay 1996	310	0	0	0	0	0	0	0	0	128	0	0	16	1	0	0	0	1	0	1	0	0	2	0	4	0	1	0	0	0	0	0	0	1	2	0	0	0	0	0	0	0	0	0
NHL Rock the Rink	NHL Rock the Rink	310	0	0	0	0	0	0	0	0	128	0	1	16	1	0	0	0	1	1	1	0	0	2	0	4	0	1	0	0	0	0	0	0	1	2	2	2	2	2	0	1	1	0	0
Nichibutsu Arcade Classics	Nichibutsu Arcade Classics	310	0	0	0	0	0	0	0	0	128	0	0	16	1	0	0	0	1	0	1	0	1	2	0	0	1	1	0	0	0	0	0	0	1	2	0	0	0	0	0	0	0	0	0
Nicktoons Racing	Nicktoons Racing	310	0	0	0	0	0	0	0	0	128	0	0	16	1	0	0	0	1	0	1	0	0	2	0	1	0	1	0	0	0	0	0	0	1	2	2	2	2	2	0	1	1	0	0
Night Raid	Night Raid	310	0	0	0	0	1	0	0	0	8	1	1	16	1	0	0	0	1	0	1	1	0	1	0	1	3	0	0	0	0	0	0	0	1	2	2	2	2	2	0	1	1	0	0
Night Striker	Night Striker	306	0	0	0	0	0	0	0	0	128	0	0	16	1	0	0	0	1	0	1	0	2	2	0	3	1	0	0	0	0	0	0	0	1	0	0	0	0	0	0	0	0	0	0
Nightmare Creatures II	Nightmare Creatures II	310	0	0	0	0	1	0	0	0	0	1	0	16	1	0	0	0	1	0	1	0	1	2	0	0	0	1	0	0	0	0	0	0	1	2	2	2	2	2	0	1	1	0	0
Nightmare Creatures	Nightmare Creatures	310	0	0	0	0	0	0	0	0	128	0	0	16	1	0	0	0	1	0	1	0	1	2	0	4	0	1	0	0	0	0	0	0	1	2	2	2	2	2	0	1	1	0	0
Ninja - Shadow of Darkness	Ninja - Shadow of Darkness	310	0	0	0	0	0	0	0	0	0	1	0	16	1	0	0	0	1	0	1	0	1	2	0	4	0	1	0	0	0	0	0	0	1	2	0	0	0	0	0	0	0	0	0
Ninja Hayate	Ninja Hayate	310	0	0	0	0	0	0	0	0	0	1	1	16	1	0	0	0	1	0	1	0	1	2	0	4	0	1	0	0	0	0	0	0	1	2	0	0	0	0	0	0	0	0	0
Ninja Jajamaru	Ninja Jajamaru	310	0	0	0	0	0	0	0	0	128	0	1	16	1	0	0	0	1	0	1	0	1	2	0	4	1	1	0	0	0	0	0	0	1	2	0	0	0	0	0	0	0	0	0
Ninpuu Sentai Hurricaneger	Ninpuu Sentai Hurricaneger	310	0	0	0	0	0	0	0	0	0	1	1	16	1	0	0	0	1	0	1	0	0	2	0	4	0	1	0	0	0	0	0	0	1	2	2	2	2	2	0	1	1	0	0
No Fear - Downhill Mountain Bike	No Fear - Downhill Mountain Bike	310	0	0	0	0	0	0	0	0	0	1	1	16	1	0	0	0	1	0	1	0	0	2	0	4	0	1	0	0	0	0	0	0	1	2	0	0	0	0	0	0	0	0	0
No Fear Downhill Mountain Biking	No Fear Downhill Mountain Biking	310	0	0	0	0	0	0	0	0	0	1	1	16	1	0	0	0	1	0	1	0	0	2	0	4	0	1	0	0	0	0	0	0	1	2	0	0	0	0	0	0	0	0	0
No One Can Stop Mr. Domino	No One Can Stop Mr. Domino	310	0	0	0	0	0	0	0	0	64	0	1	16	1	0	0	0	1	0	1	0	1	2	0	1	0	1	0	0	0	0	0	0	1	0	0	0	0	0	0	0	0	0	0
Notam of Wind	Notam of Wind	310	0	0	0	0	0	0	0	0	128	0	0	16	1	0	0	0	1	0	1	0	1	2	0	5	1	1	0	0	0	0	0	0	1	2	0	0	0	0	0	0	0	0	0
Novastorm (Disc 1)	Novastorm (Disc 1)	310	0	0	0	0	0	0	0	0	136	0	0	16	1	0	0	0	1	0	1	0	1	2	0	2	0	1	0	0	0	0	0	0	1	2	0	0	0	0	0	0	0	0	0
Novastorm (Disc 2)	Novastorm (Disc 2)	310	0	0	0	0	0	0	0	0	136	0	0	16	1	0	0	0	1	0	1	0	1	2	0	2	0	1	0	0	0	0	0	0	1	2	0	0	0	0	0	0	0	0	0
Novastorm	Novastorm	310	0	0	0	0	0	0	0	0	0	1	1	16	1	0	0	0	1	0	1	0	1	2	0	1	0	0	0	0	0	0	0	0	1	2	0	0	0	0	0	0	0	0	0
Nuclear Strike	Nuclear Strike	310	0	0	0	0	0	0	0	0	128	0	0	16	1	0	0	0	1	0	1	0	1	2	0	3	0	1	0	0	0	0	0	0	1	2	0	0	0	0	0	0	0	0	0
Nyan Cat	Nyan Cat	310	0	0	0	0	0	0	0	0	128	0	1	16	1	0	0	0	1	0	1	0	1	2	0	1	1	1	0	0	0	0	0	0	1	2	0	0	0	0	0	0	0	0	0
O.D.T.	O.D.T	270	0	0	0	0	0	0	0	0	0	1	1	16	1	0	0	0	1	0	1	0	1	2	0	2	0	1	0	0	0	0	0	0	1	2	2	2	2	2	0	1	1	0	0
O.D.T	O.D.T	310	0	0	0	0	1	0	0	0	128	0	0	16	1	0	0	0	1	0	1	0	1	2	0	1	0	1	0	0	0	0	0	0	1	2	2	2	2	2	0	1	1	0	0
Oddworld - Abe's Exoddus (Disc 1)	Oddworld - Abe's Exoddus (Disc 1)	310	0	0	0	0	0	0	0	0	8	1	1	16	1	0	0	0	1	0	1	0	1	2	0	3	1	1	0	0	0	0	0	0	1	0	2	2	2	2	0	1	1	0	0
Oddworld - Abe's Exoddus (Disc 2)	Oddworld - Abe's Exoddus (Disc 2)	310	0	0	0	0	0	0	0	0	8	1	1	16	1	0	0	0	1	0	1	0	1	2	0	3	1	1	0	0	0	0	0	0	1	0	2	2	2	2	0	1	1	0	0
Oddworld - Abe's Oddysee	Oddworld - Abe's Oddysee	310	0	0	0	0	0	0	0	0	8	1	1	16	1	0	0	0	1	0	1	0	1	2	0	3	1	1	0	0	0	0	0	0	1	0	0	0	0	0	0	0	0	0	0
Odo Odo Oddity	Odo Odo Oddity	310	0	0	0	0	0	0	0	0	128	0	0	16	1	0	0	0	1	0	1	0	1	2	0	4	0	1	0	0	0	0	0	0	1	2	0	0	0	0	0	0	0	0	0
Off-World Interceptor Extreme	Off-World Interceptor Extreme	310	0	0	0	0	0	0	0	0	128	0	1	16	1	0	0	0	1	0	1	0	1	2	0	0	1	0	0	0	0	0	0	0	1	0	0	0	0	0	0	0	0	0	0
Ogre Battle - Limited Edition	Ogre Battle - Limited Edition	310	0	0	0	0	0	0	0	0	0	1	1	16	1	0	0	0	1	0	1	0	1	2	0	1	2	0	0	0	0	0	0	0	1	2	0	0	0	0	0	0	0	0	0
Oh No!	Oh No!	310	0	0	0	0	0	0	0	0	128	0	0	16	1	0	0	0	1	0	1	0	1	2	0	1	1	1	0	0	0	0	0	0	1	2	2	2	2	2	0	1	1	0	0
Ohlins Hyper-Rally	Ohlins Hyper-Rally	310	0	0	0	0	0	0	0	0	128	0	1	16	1	0	0	0	1	0	1	0	0	2	0	0	0	1	0	0	0	0	0	0	1	2	0	0	0	0	0	0	0	0	0
Olympic Summer Games	Olympic Summer Games	310	0	0	0	0	0	0	0	0	128	0	1	16	1	0	0	0	1	0	1	0	1	2	0	1	1	1	0	0	0	0	0	0	1	2	0	0	0	0	0	0	0	0	0
Omega Assault	Omega Assault	310	0	0	0	0	0	0	0	0	128	0	0	16	1	0	0	0	1	0	1	0	1	2	0	1	0	1	0	0	0	0	0	0	1	2	2	2	2	2	0	1	1	0	0
Omega Boost	Omega Boost	310	0	0	0	0	0	0	0	0	128	0	1	16	1	0	0	0	1	0	1	0	1	2	0	1	0	1	0	0	0	0	0	0	1	2	2	2	2	2	0	1	1	0	0
One Piece - Grand Battle	One Piece - Grand Battle	310	0	0	0	0	0	0	0	0	192	0	1	16	1	0	0	0	1	0	1	0	1	2	0	4	3	0	0	0	0	0	0	0	1	0	2	2	2	2	0	1	1	0	0
One Piece Mansion	One Piece Mansion	310	0	0	0	0	0	0	0	0	0	1	1	16	1	0	0	0	1	0	1	0	1	2	0	2	1	1	0	0	0	0	0	0	1	2	2	2	2	2	0	1	1	0	0
One	One	310	0	0	0	0	0	0	0	0	128	0	1	16	1	0	0	0	1	0	1	0	1	1	0	4	0	1	0	0	0	0	0	0	1	2	2	2	2	2	0	1	1	0	0
Onside Complete Soccer	Onside Complete Soccer	310	0	0	0	0	0	0	0	0	128	0	1	16	1	0	0	0	1	0	1	0	0	2	0	4	0	1	0	0	0	0	0	0	1	2	2	2	2	2	0	1	1	0	0
Open Golf - History of Turnberry	Open Golf - History of Turnberry	310	0	0	0	0	0	0	0	0	128	0	1	16	1	0	0	0	1	0	1	0	1	2	0	4	0	1	0	0	0	0	0	0	1	2	0	0	0	0	0	0	0	0	0
Option - Tuning Car Battle 2	Option - Tuning Car Battle 2	310	0	0	0	0	0	0	0	0	0	1	1	16	1	0	0	0	1	0	1	0	2	2	0	4	3	0	0	0	0	0	0	0	1	0	2	2	2	2	0	1	1	0	0
Option - Tuning Car Battle Spec R	Option - Tuning Car Battle Spec R	310	0	0	0	0	1	0	0	0	0	1	1	16	1	0	0	0	1	0	1	0	2	2	0	4	3	0	0	0	0	0	0	0	1	0	2	2	2	2	0	1	1	0	0
Option - Tuning Car Battle Spec-R	Option - Tuning Car Battle Spec-R	310	0	0	0	0	0	0	0	0	0	1	1	16	1	0	0	0	1	0	1	0	2	2	0	5	3	0	0	0	0	0	0	0	1	0	2	2	2	2	0	1	1	0	0
Option - Tuning Car Battle	Option - Tuning Car Battle	310	0	0	0	0	0	0	0	0	0	1	1	16	1	0	0	0	1	0	1	0	2	2	0	4	3	0	0	0	0	0	0	0	1	0	2	2	2	2	0	1	1	0	0
Over Drivin' - Skyline Memorial	Over Drivin' - Skyline Memorial	310	0	0	0	0	0	0	0	0	128	0	0	16	1	0	0	0	1	0	1	0	0	2	0	0	0	0	0	0	0	0	0	0	1	2	0	0	0	0	0	0	0	0	0
Over Drivin' DX - Rally Edition	Over Drivin' DX - Rally Edition	310	0	0	0	0	0	0	0	0	128	0	0	16	1	0	0	0	1	0	1	0	0	2	0	0	0	0	0	0	0	0	0	0	1	2	0	0	0	0	0	0	0	0	0
OverBlood 2 (Disc 1)	OverBlood 2 (Disc 1)	306	0	0	0	0	1	0	0	0	72	1	1	16	1	0	0	0	1	0	1	0	1	2	0	4	3	0	0	0	0	0	0	0	1	2	2	2	2	2	0	1	1	0	0
OverBlood 2 (Disc 2)	OverBlood 2 (Disc 2)	306	0	0	0	0	1	0	0	0	72	1	1	16	1	0	0	0	1	0	1	0	1	2	0	4	3	0	0	0	0	0	0	0	1	2	2	2	2	2	0	1	1	0	0
OverBlood	OverBlood	310	0	0	0	0	1	0	0	0	64	1	1	16	1	0	0	0	1	0	1	0	1	2	0	0	1	0	0	0	0	0	0	0	1	2	0	0	0	0	0	0	0	0	0
Overboard!	Overboard!	310	0	0	0	0	0	0	0	0	192	0	0	16	1	0	0	0	1	0	1	0	1	2	0	4	1	1	0	0	0	0	0	0	1	2	0	0	0	0	0	0	0	0	0
Pac-Man World	Pac-Man World	310	0	0	0	0	0	0	0	0	0	1	1	16	1	0	0	0	1	0	1	0	1	2	0	4	0	1	0	0	0	0	0	0	1	2	2	2	2	2	0	1	1	0	0
PacaPaca Passion	PacaPaca Passion	310	0	0	0	0	0	0	0	0	0	1	0	16	1	0	0	0	1	0	1	0	1	2	0	4	0	1	0	0	0	0	0	0	1	2	0	0	0	0	0	0	0	0	0
Pachi-Slot Kanzen - Cranky Pro	Pachi-Slot Kanzen - Cranky Pro	310	0	0	0	0	0	0	0	0	128	0	0	16	1	0	0	0	1	0	1	0	2	2	0	1	1	1	0	0	0	0	0	0	1	0	0	0	0	0	0	0	0	0	0
Pandemonium! 2	Pandemonium! 2	306	0	0	0	0	0	0	0	0	136	0	1	16	1	0	0	0	1	0	1	0	2	2	0	0	1	1	0	0	0	0	0	0	1	2	0	0	0	0	0	0	0	0	0
Pandemonium!_	Pandemonium!_	310	0	0	0	0	0	0	0	0	0	1	1	16	1	0	0	0	1	0	1	0	1	2	0	1	1	1	0	0	0	0	0	0	1	2	0	0	0	0	0	1	1	0	0
Panzer Bandit	Panzer Bandit	310	0	0	0	0	0	0	0	0	0	0	0	16	1	0	0	0	1	0	1	0	1	2	0	4	0	1	0	0	0	0	0	0	1	2	0	0	0	0	0	0	0	0	0
Panzer Front bis	Panzer Front bis	310	0	0	0	0	0	0	0	0	128	0	1	16	1	0	0	0	1	0	1	0	1	2	0	3	1	0	0	0	0	0	0	0	1	2	2	2	2	2	0	1	1	0	0
Panzer Front	Panzer Front	270	0	0	0	0	0	0	0	0	0	1	1	16	1	0	0	0	1	0	1	0	2	2	0	1	0	1	0	0	0	0	0	0	1	2	0	0	0	0	0	0	0	0	0
Panzer General	Panzer General	310	0	0	0	0	0	0	0	0	0	1	1	16	1	0	0	0	1	0	1	0	1	2	0	3	1	0	0	0	0	0	0	0	1	0	0	0	0	0	0	0	0	0	0
Paperboy (Prototype)	Paperboy (Prototype)	310	0	0	0	0	0	0	0	0	128	0	0	16	1	0	0	0	1	0	1	0	1	2	0	4	1	1	0	0	0	0	0	0	1	2	2	2	2	2	0	1	1	0	0
Paradise Casino	Paradise Casino	310	0	0	0	0	0	0	0	0	0	1	1	16	1	0	0	0	1	0	1	0	1	2	0	0	1	1	0	0	0	0	0	0	1	2	2	2	2	2	0	1	1	0	0
Paranoia Scape	Paranoia Scape	310	0	0	0	0	0	0	0	0	0	1	1	16	1	0	0	0	1	0	1	0	1	2	0	4	0	0	0	0	0	0	0	0	1	0	2	2	2	2	0	1	1	0	0
PaRappa the Rapper	PaRappa the Rapper	306	0	0	0	0	0	0	0	0	0	1	1	16	1	0	0	0	1	0	1	0	0	2	0	1	0	1	0	0	0	0	0	0	1	2	0	0	0	0	0	0	0	0	0
Parasite Eve (Disc 1)	Parasite Eve (Disc 1)	310	1	0	0	0	0	0	0	0	0	1	1	16	1	0	0	0	1	0	1	0	1	2	0	0	0	1	0	0	0	0	0	0	1	2	0	0	0	0	0	0	0	0	0
Parasite Eve (Disc 2)	Parasite Eve (Disc 2)	310	1	0	0	0	0	0	0	0	0	1	1	16	1	0	0	0	1	0	1	0	1	2	0	0	0	1	0	0	0	0	0	0	1	2	0	0	0	0	0	0	0	0	0
Parasite Eve II (Disc 1)	Parasite Eve II (Disc 1)	310	1	0	0	0	1	0	0	0	128	0	1	16	1	0	0	0	1	0	1	0	1	2	0	4	0	1	0	0	0	0	0	0	1	2	2	2	2	2	0	1	1	0	0
Parasite Eve II (Disc 2)	Parasite Eve II (Disc 2)	310	1	0	0	0	1	0	0	0	0	1	1	16	1	0	0	0	1	0	1	0	1	2	0	4	0	1	0	0	0	0	0	0	1	2	2	2	2	2	0	1	1	0	0
Parodius	Parodius	310	0	0	0	0	0	0	0	0	128	0	1	16	1	0	0	0	1	0	1	0	0	2	0	5	0	1	0	0	0	0	0	0	1	2	0	0	0	0	0	0	0	0	0
Pastel Muses	Pastel Muses	310	0	0	0	0	0	0	0	0	128	0	1	16	1	0	0	0	1	0	1	0	1	2	0	4	0	1	0	0	0	0	0	0	1	2	0	0	0	0	0	0	0	0	0
Patriotic Pinball	Patriotic Pinball	306	0	0	0	0	0	0	0	0	0	1	1	16	1	0	0	0	1	0	1	0	1	2	0	5	1	0	0	0	0	0	0	0	1	2	2	2	2	2	0	1	1	0	0
Pax Corpus	Pax Corpus	310	0	0	0	0	0	0	0	0	128	0	0	16	1	0	0	0	1	0	1	0	1	2	0	1	1	0	0	0	0	0	0	0	1	0	0	0	0	0	0	0	0	0	0
PD Ultraman Invader	PD Ultraman Invader	310	0	0	0	0	0	0	0	0	128	0	0	16	1	0	0	0	1	0	1	0	1	2	0	1	0	1	0	0	0	0	0	0	1	2	0	0	0	0	0	0	0	0	0
Peak Performance	Peak Performance	310	0	0	0	0	0	0	0	0	0	1	0	16	1	0	0	0	1	0	1	0	0	2	0	4	3	1	0	0	0	0	0	0	1	2	0	0	0	0	0	0	0	0	0
Pebble Beach no Hatou Plus	Pebble Beach no Hatou Plus	310	0	0	0	0	0	0	0	0	0	1	1	16	1	0	0	0	1	0	1	0	1	2	0	4	0	1	0	0	0	0	0	0	1	2	0	0	0	0	0	0	0	0	0
Penny Racers	Penny Racers	310	0	0	0	0	0	0	0	0	0	1	1	16	1	0	0	0	1	0	1	0	0	2	0	4	1	1	0	0	0	0	0	0	1	2	0	0	0	0	0	0	0	0	0
Pepsi-Man	Pepsi-Man	266	0	0	0	0	0	0	0	0	128	0	1	16	1	0	0	0	1	0	1	0	2	2	0	2	2	0	0	0	0	0	0	0	1	0	2	2	2	2	0	1	1	0	0
Pepsiman	Pepsiman	310	0	0	0	0	0	0	0	0	0	1	1	16	1	0	0	0	1	0	1	0	1	2	0	4	1	0	0	0	0	0	0	0	1	0	2	2	2	2	0	1	1	0	0
Perfect Assassin	Perfect Assassin	310	0	0	0	0	0	0	0	0	128	0	1	16	1	0	0	0	1	0	1	0	0	2	0	4	0	1	0	0	0	0	0	0	1	2	0	0	0	0	0	0	0	0	0
Perfect Performer - Yellow Monkey	Perfect Performer - Yellow Monkey	310	0	0	0	0	0	0	0	0	128	0	0	16	1	0	0	0	1	0	1	0	1	2	0	1	1	1	0	0	0	0	0	0	1	2	2	2	2	2	0	1	1	0	0
Perfect Weapon	Perfect Weapon	310	0	0	0	0	0	0	1	0	216	0	1	16	1	0	0	0	1	0	1	0	1	2	0	0	0	1	0	0	0	0	0	0	1	2	0	0	0	0	0	0	0	0	0
Persona 2 Eternal Punishment (Bonus)	Persona 2 Eternal Punishment (Bonus)	310	0	0	0	0	0	0	0	0	128	0	1	16	1	0	0	0	1	0	1	0	1	2	0	3	0	1	0	0	0	0	0	0	1	2	2	2	2	2	0	1	1	0	0
Persona 2 Eternal Punishment	Persona 2 Eternal Punishment	310	0	0	0	0	0	0	0	0	0	1	1	16	1	0	0	0	1	0	1	0	1	2	0	1	0	1	0	0	0	0	0	0	1	2	2	2	2	2	0	1	1	0	0
Persona 2 Innocent Sin	Persona 2 Innocent Sin	310	0	0	0	0	0	0	0	0	0	1	1	16	1	0	0	0	1	0	1	0	1	2	0	3	0	1	0	0	0	0	0	0	1	2	2	2	2	2	0	1	1	0	0
Persona	Persona	310	0	0	0	0	0	0	0	0	0	1	1	16	1	0	0	0	1	0	1	0	1	2	0	3	1	1	0	0	0	0	0	0	1	2	0	0	0	0	0	1	1	0	0
Pet in TV	Pet in TV	310	0	0	0	0	0	0	0	0	128	0	1	16	1	0	0	0	1	0	1	0	1	2	0	1	0	1	0	0	0	0	0	0	1	2	0	0	0	0	0	0	0	0	0
Peter Jacobsen's Golden Tee Golf	Peter Jacobsen's Golden Tee Golf	310	0	0	0	0	0	0	1	0	0	1	1	16	1	0	0	0	1	1	1	0	1	2	0	1	0	1	0	0	0	0	0	0	1	2	2	2	2	2	0	1	1	0	0
Peter Pan - Never Land	Peter Pan - Never Land	310	0	0	0	0	0	0	0	0	128	0	0	16	1	0	0	0	1	0	1	0	0	2	0	4	0	1	0	0	0	0	0	0	1	2	2	2	2	2	0	1	1	0	0
PGA Tour 1996	PGA Tour 1996	310	0	0	0	0	0	0	0	0	128	0	0	16	1	0	0	0	1	0	1	0	1	2	0	2	1	1	0	0	0	0	0	0	1	2	0	0	0	0	0	0	0	0	0
PGA Tour 1997	PGA Tour 1997	310	0	0	0	0	0	0	0	0	128	0	0	16	1	0	0	0	1	0	1	0	1	2	0	1	0	1	0	0	0	0	0	0	1	2	0	0	0	0	0	0	0	0	0
Philosoma	Philosoma	310	0	0	0	0	0	0	0	0	200	0	1	16	1	0	0	0	1	0	1	0	1	2	0	5	3	0	0	0	0	0	0	0	1	2	0	0	0	0	0	0	0	0	0
Phix - The Adventure	Phix - The Adventure	310	0	0	0	0	0	0	0	0	0	1	1	16	1	0	0	0	1	0	1	0	1	2	0	0	0	0	0	0	0	0	0	0	1	2	2	2	2	2	0	1	1	0	0
Pinball Fantasies - Deluxe	Pinball Fantasies - Deluxe	310	0	0	0	0	0	0	0	0	0	0	0	16	1	0	0	0	1	0	1	0	1	2	0	3	1	1	0	0	0	0	0	0	1	2	0	0	0	0	0	0	0	0	0
Pinball Power	Pinball Power	310	0	0	0	0	0	0	0	0	128	0	0	16	1	0	0	0	1	0	1	0	1	2	0	3	0	1	0	0	0	0	0	0	1	2	2	2	2	2	0	1	1	0	0
Pink Panther - Pinkadelic Pursuit	Pink Panther - Pinkadelic Pursuit	310	0	0	0	0	0	0	0	0	192	0	1	16	1	0	0	0	1	0	1	0	1	2	0	3	1	0	0	0	0	0	0	0	1	0	2	2	2	2	0	1	1	0	0
Pinobee	Pinobee	310	0	0	0	0	0	0	0	0	128	0	0	16	1	0	0	0	1	0	1	0	1	2	0	1	1	1	0	0	0	0	0	0	1	2	2	2	2	2	0	1	1	0	0
Pipe Dreams 3D	Pipe Dreams 3D	310	0	0	0	0	0	0	0	0	72	1	0	16	1	0	0	0	1	0	1	0	0	2	0	5	0	1	0	0	0	0	0	0	1	2	0	0	0	0	0	0	0	0	0
Pipe Mania 3D	Pipe Mania 3D	310	0	0	0	0	0	0	0	0	0	1	1	16	1	0	0	0	1	0	1	0	0	2	0	1	1	1	0	0	0	0	0	0	1	2	0	0	0	0	0	0	0	0	0
Pitball	Pitball	310	0	0	0	0	0	0	0	0	192	0	1	16	1	0	0	0	1	0	1	0	1	2	0	3	1	1	0	0	0	0	0	0	1	2	0	0	0	0	0	0	0	0	0
Pitfall 3D - Beyond the Jungle	Pitfall 3D - Beyond the Jungle	310	0	0	0	0	0	0	0	0	0	1	1	16	1	0	0	0	1	0	1	0	0	2	0	4	0	0	0	0	0	0	0	0	1	2	0	0	0	0	0	0	0	0	0
Plane Crazy	Plane Crazy	310	0	0	0	0	0	0	0	0	128	0	1	16	1	0	0	0	1	0	1	0	0	2	0	4	0	1	0	0	0	0	0	0	1	2	2	2	2	2	0	1	1	0	0
Planet Dob	Planet Dob	310	0	0	0	0	0	0	0	0	128	0	1	16	1	0	0	0	1	0	1	0	1	2	0	1	1	1	0	0	0	0	0	0	1	2	2	2	2	2	0	1	1	0	0
Planet Laika	Planet Laika	310	0	0	0	0	0	0	0	0	0	1	1	16	1	0	0	0	1	0	1	0	1	2	0	3	1	0	0	0	0	0	0	0	1	2	2	2	2	2	0	1	1	0	0
Planet of the Apes	Planet of the Apes	310	0	0	0	0	1	0	0	0	128	0	0	16	1	0	0	0	1	0	1	0	0	2	0	4	0	1	0	0	0	0	0	0	1	2	2	2	2	2	0	1	1	0	0
Player Manager	Player Manager	310	0	0	0	0	0	0	0	0	0	1	1	16	1	0	0	0	1	0	1	0	0	2	0	4	0	1	0	0	0	0	0	0	1	2	0	0	0	0	0	0	0	0	0
Plue no Daibouken	Plue no Daibouken	310	0	0	0	0	0	0	0	0	0	0	0	16	1	0	0	0	1	0	1	0	1	2	0	4	0	1	0	0	0	0	0	0	1	2	0	0	0	0	0	0	0	0	0
PO'ed	PO'ed	310	0	0	0	0	0	0	0	0	128	0	0	16	1	0	0	0	1	0	1	0	1	2	0	3	1	0	0	0	0	0	0	0	1	0	0	0	0	0	0	0	0	0	0
Pocket Fighter	Pocket Fighter	310	0	0	0	0	1	0	0	0	192	0	0	16	1	0	0	0	1	0	1	0	0	2	0	4	0	1	0	0	0	0	0	0	1	2	2	2	2	2	0	1	1	0	0
Point Blank 2	Point Blank 2	310	0	0	0	0	0	0	0	0	0	1	1	16	1	0	0	0	1	0	1	0	1	2	0	3	1	1	0	0	0	0	0	0	1	2	0	0	0	0	0	0	0	0	0
Point Blank 3	Point Blank 3	310	0	0	0	0	0	0	0	0	0	1	1	16	1	0	0	0	1	0	1	0	1	2	0	1	1	1	0	0	0	0	0	0	1	2	0	0	0	0	0	0	0	0	0
Point Blank	Point Blank	310	0	0	0	0	0	0	0	0	0	1	1	16	1	0	0	0	1	0	1	0	1	2	0	1	1	1	0	0	0	0	0	0	1	2	0	0	0	0	0	0	0	0	0
Policenauts (Disc 1)	Policenauts (Disc 1)	310	0	0	0	0	0	0	0	0	192	0	0	16	1	0	0	0	1	0	1	0	1	2	0	1	1	1	0	0	0	0	0	0	1	2	0	0	0	0	0	1	1	0	0
Policenauts (Disc 2)	Policenauts (Disc 2)	310	0	0	0	0	0	0	0	0	192	0	0	16	1	0	0	0	1	0	1	0	1	2	0	1	1	1	0	0	0	0	0	0	1	2	0	0	0	0	0	1	1	0	0
Pong	Pong	310	0	0	0	0	0	0	0	0	0	1	1	16	1	0	0	0	1	0	1	0	1	2	0	4	3	0	0	0	0	0	0	0	1	2	2	2	2	2	0	1	1	0	0
Pool Academy	Pool Academy	310	0	0	0	0	0	0	0	0	128	0	1	16	1	0	0	0	1	0	1	0	1	2	0	1	0	1	0	0	0	0	0	0	1	0	2	2	2	2	0	1	1	0	0
Pool Hustler	Pool Hustler	310	0	0	0	0	0	0	0	0	128	0	1	16	1	0	0	0	1	0	1	0	0	2	0	0	1	1	0	0	0	0	0	0	1	2	2	2	2	2	0	1	1	0	0
Pop'n Tanks!	Pop'n Tanks!	310	0	0	0	0	0	0	0	0	0	1	1	16	1	0	0	0	1	0	1	0	0	1	0	1	0	1	0	0	0	0	0	0	1	2	0	0	0	0	0	0	0	0	0
PoPoLoCrois Monogatari II (Disc 1)	PoPoLoCrois Monogatari II (Disc 1)	310	0	0	0	0	1	0	0	0	0	1	1	16	1	0	0	0	1	0	1	0	2	2	0	1	1	0	0	0	0	0	0	0	1	2	2	2	2	2	0	1	1	0	0
PoPoLoCrois Monogatari II (Disc 2)	PoPoLoCrois Monogatari II (Disc 2)	310	0	0	0	0	1	0	0	0	0	1	1	16	1	0	0	0	1	0	1	0	2	2	0	1	1	0	0	0	0	0	0	0	1	2	2	2	2	2	0	1	1	0	0
PoPoLoCrois Monogatari II (Disc 3)	PoPoLoCrois Monogatari II (Disc 3)	310	0	0	0	0	1	0	0	0	0	1	1	16	1	0	0	0	1	0	1	0	2	2	0	1	1	0	0	0	0	0	0	0	1	2	2	2	2	2	0	1	1	0	0
PoPoLoCrois Monogatari	PoPoLoCrois Monogatari	310	0	0	0	0	0	0	0	0	0	1	1	16	1	0	0	0	1	0	1	0	1	2	0	2	1	1	0	0	0	0	0	0	1	2	0	0	0	0	0	0	0	0	0
Populous - The Beginning	Populous - The Beginning	310	0	0	0	0	1	0	0	0	72	1	1	16	1	0	0	0	1	0	1	0	0	2	0	2	0	1	0	0	0	0	0	0	1	2	0	0	0	0	0	0	0	0	0
Porsche Challenge	Porsche Challenge	310	0	0	0	0	1	0	0	0	24	0	0	16	1	0	0	0	1	0	1	0	0	2	0	4	2	1	0	0	0	0	0	0	1	2	0	0	0	0	0	0	0	0	0
Power Instinct 2	Power Instinct 2	310	0	0	0	0	0	0	0	0	128	0	0	16	1	0	0	0	1	0	1	0	1	2	0	0	1	1	0	0	0	0	0	0	1	2	0	0	0	0	0	0	0	0	0
Power Move Pro Wrestling	Power Move Pro Wrestling	310	0	0	0	0	0	0	0	0	128	0	0	16	1	0	0	0	1	0	1	0	1	2	0	1	0	1	0	0	0	0	0	0	1	2	0	0	0	0	0	0	0	0	0
Power Rangers - Lightspeed Rescue	Power Rangers - Lightspeed Rescue	310	0	0	0	0	0	0	0	0	0	1	1	16	1	0	0	0	1	0	1	0	0	1	0	4	0	1	0	0	0	0	0	0	1	2	2	2	2	2	0	1	1	0	0
Power Rangers - Time Force	Power Rangers - Time Force	310	0	0	0	0	0	0	0	0	0	1	1	16	1	0	0	0	1	0	1	0	0	0	0	4	0	1	0	0	0	0	0	0	1	2	2	2	2	2	0	1	1	0	0
Power Rangers Pinball	Power Rangers Pinball	310	0	0	0	0	0	0	0	0	0	1	1	16	1	0	0	0	1	0	1	0	0	2	0	4	0	0	0	0	0	0	0	0	1	2	0	0	0	0	0	0	0	0	0
Power Serve 3D Tennis	Power Serve 3D Tennis	310	0	0	0	0	0	0	0	0	0	1	1	16	1	0	0	0	1	0	1	0	1	2	0	4	1	1	0	0	0	0	0	0	1	2	0	0	0	0	0	0	0	0	0
Power Shovel	Power Shovel	310	0	0	0	0	0	0	0	0	0	1	1	16	1	0	0	0	1	0	1	0	0	2	0	0	0	0	0	0	0	0	0	0	1	2	2	2	2	2	0	1	1	0	0
Power Spike - Pro Beach Volleyball	Power Spike - Pro Beach Volleyball	310	0	0	0	0	1	0	0	0	128	0	1	16	1	0	0	0	1	0	1	0	0	2	0	2	0	1	0	0	0	0	0	0	1	2	2	2	2	2	1	1	1	0	0
Powerpuff Girls - Chemical X-Traction	Powerpuff Girls - Chemical X-Traction	310	0	0	0	0	0	0	0	0	128	0	0	16	1	0	0	0	1	0	1	0	0	2	0	1	1	1	0	0	0	0	0	0	1	2	2	2	2	2	0	1	1	0	0
Powerslave	Powerslave	306	0	0	0	0	0	0	0	0	128	0	1	16	1	0	0	0	1	0	1	0	1	2	0	1	0	0	0	0	0	0	0	0	1	2	0	0	0	0	0	0	0	0	0
Poy Poy 2	Poy Poy 2	306	0	0	0	0	0	0	0	0	192	0	1	16	1	0	0	0	1	0	1	0	1	1	0	3	3	0	0	0	0	0	0	0	1	2	2	2	2	2	1	0	0	0	0
Poy Poy	Poy Poy	310	0	0	0	0	0	0	0	0	0	1	1	16	1	0	0	0	1	0	1	0	0	2	0	0	0	0	0	0	0	0	0	0	1	2	0	0	0	0	1	0	0	0	0
Premier Manager 1998	Premier Manager 1998	310	0	0	0	0	0	0	0	0	0	1	1	16	1	0	0	0	1	0	1	0	0	2	0	2	0	1	0	0	0	0	0	0	1	2	0	0	0	0	0	0	0	0	0
Premier Manager 1999	Premier Manager 1999	310	0	0	0	0	0	0	0	0	0	1	1	16	1	0	0	0	1	0	1	0	0	2	0	2	0	1	0	0	0	0	0	0	1	2	2	2	2	2	0	1	1	0	0
Premier Manager 2000	Premier Manager 2000	310	0	0	0	0	0	0	0	0	0	1	1	16	1	0	0	0	1	0	1	0	0	2	0	2	0	1	0	0	0	0	0	0	1	2	2	2	2	2	0	1	1	0	0
Primal Rage	Primal Rage	310	0	0	0	0	0	0	0	0	128	0	1	16	1	0	0	0	1	0	1	0	1	2	0	0	1	1	0	0	0	0	0	0	1	2	0	0	0	0	0	0	0	0	0
Prince Naseem Boxing	Prince Naseem Boxing	310	0	0	0	0	0	0	0	0	128	0	0	16	1	0	0	0	1	0	1	0	1	2	0	1	1	0	0	0	0	0	0	0	1	2	2	2	2	2	0	1	1	0	0
Prism Land Story	Prism Land Story	310	0	0	0	0	0	0	0	0	128	0	0	16	1	0	0	0	1	0	1	0	1	2	0	1	1	1	0	0	0	0	0	0	1	2	0	0	0	0	0	0	0	0	0
Pro 18 - World Tour Golf	Pro 18 - World Tour Golf	310	0	0	0	0	0	0	0	0	128	0	0	16	1	0	0	0	1	0	1	0	0	2	0	4	0	1	0	0	0	0	0	0	1	2	0	0	0	0	0	0	0	0	0
Pro Pinball - Big Race USA	Pro Pinball - Big Race USA	270	0	0	0	0	0	0	0	0	0	0	0	16	1	0	0	0	1	0	1	0	2	2	0	3	1	0	0	0	0	0	0	0	1	0	2	2	2	2	0	1	1	0	0
Pro Yakyuu Nettou Puzzle Stadium	Pro Yakyuu Nettou Puzzle Stadium	310	0	0	0	0	0	0	0	0	128	0	0	16	1	0	0	0	1	0	1	0	1	2	0	1	1	1	0	0	0	0	0	0	1	2	0	0	0	0	0	0	0	0	0
Professional Underground League	Professional Underground League	310	0	0	0	0	0	0	0	0	128	0	0	16	1	0	0	0	1	0	1	0	1	2	0	2	0	1	0	0	0	0	0	0	1	2	0	0	0	0	0	0	0	0	0
Project - Horned Owl	Project - Horned Owl	306	0	0	0	0	0	0	0	0	192	0	0	16	1	0	0	0	1	0	1	0	1	2	0	3	2	1	0	0	0	0	0	0	1	2	0	0	0	0	0	0	0	0	0
Project Gaiaray	Project Gaiaray	310	0	0	0	0	0	0	0	0	0	1	1	16	1	0	0	0	1	0	1	0	1	2	0	4	1	0	0	0	0	0	0	0	1	2	1	1	1	1	0	0	0	0	0
Project Horned Owl	Project Horned Owl	310	0	0	0	0	0	0	0	0	64	1	1	16	1	0	0	0	1	0	1	0	0	2	0	4	0	1	0	0	0	0	0	0	1	2	0	0	0	0	0	0	0	0	0
Project Overkill	Project Overkill	310	0	0	0	0	0	0	0	0	0	1	1	16	1	0	0	0	1	0	1	0	1	2	0	4	0	1	0	0	0	0	0	0	1	2	0	0	0	0	0	1	1	0	0
Psychic Detective (Disc 1)	Psychic Detective (Disc 1)	310	0	0	0	0	1	0	0	0	128	0	0	16	1	0	0	0	1	1	1	0	0	2	1	3	0	1	0	0	0	0	0	0	1	2	0	0	0	0	0	0	0	0	0
Psychic Force - Puzzle Taisen	Psychic Force - Puzzle Taisen	310	0	0	0	0	0	0	0	0	0	1	1	16	1	0	0	0	1	0	1	0	1	2	0	1	1	1	0	0	0	0	0	0	1	2	0	0	0	0	0	0	0	0	0
Psychic Force 2	Psychic Force 2	310	0	0	0	0	0	0	0	0	0	1	1	16	1	0	0	0	1	0	1	0	0	2	0	4	0	1	0	0	0	0	0	0	1	2	2	2	2	2	0	1	1	0	0
Psychic Force	Psychic Force	310	0	0	0	0	0	0	0	0	0	1	1	16	1	0	0	0	1	0	1	0	0	2	0	4	0	1	0	0	0	0	0	0	1	2	0	0	0	0	0	0	0	0	0
PU - League of Pain	PU - League of Pain	310	0	0	0	0	0	0	0	0	0	1	1	16	1	0	0	0	1	1	1	0	1	2	0	1	0	1	0	0	0	0	0	0	1	2	0	0	0	0	0	0	0	0	0
Pu-Li-Ru-La	Pu-Li-Ru-La	310	0	0	0	0	0	0	0	0	128	0	1	16	1	0	0	0	1	0	1	0	1	2	0	1	1	1	0	0	0	0	0	0	1	2	0	0	0	0	0	0	0	0	0
Puchi Carat	Puchi Carat	310	0	0	0	0	0	0	0	0	128	0	1	16	1	0	0	0	1	0	1	0	0	2	0	0	1	0	0	0	0	0	0	0	1	2	2	2	2	2	0	1	1	0	0
Puffy - P.S. I Love You	Puffy - P.S. I Love You	310	0	0	0	0	0	0	0	0	128	0	0	16	1	0	0	0	1	0	1	0	1	2	0	4	0	1	0	0	0	0	0	0	1	2	2	2	2	2	0	1	1	0	0
Punch the Monkey!	Punch the Monkey!	310	0	0	0	0	0	0	0	0	152	0	0	16	1	0	0	0	1	0	1	0	2	2	0	2	1	1	0	0	0	0	0	0	1	2	2	2	2	2	0	1	1	0	0
Punky Skunk	Punky Skunk	310	0	0	0	0	0	0	0	0	128	0	0	16	1	0	0	0	1	0	1	0	1	2	0	0	1	1	0	0	0	0	0	0	1	2	2	2	2	2	0	1	1	0	0
Putter Golf	Putter Golf	310	0	0	0	0	0	0	0	0	128	0	1	16	1	0	0	0	1	0	1	0	1	2	0	1	1	1	0	0	0	0	0	0	1	2	2	2	2	2	0	1	1	0	0
Puyo Puyo - n	Puyo Puyo - n	310	0	0	0	0	0	0	0	0	128	0	0	16	1	0	0	0	1	0	1	0	1	2	0	4	0	1	0	0	0	0	0	0	1	2	0	0	0	0	0	0	0	0	0
Puyo Puyo Sun	Puyo Puyo Sun	310	0	0	0	0	0	0	0	0	0	1	1	16	1	0	0	0	1	0	1	0	1	2	0	4	0	1	0	0	0	0	0	0	1	2	0	0	0	0	0	0	0	0	0
Puyo Puyo Tsuu - Ketteiban	Puyo Puyo Tsuu - Ketteiban	310	0	0	0	0	0	0	0	0	128	0	0	16	1	0	0	0	1	0	1	0	1	2	0	3	0	1	0	0	0	0	0	0	1	2	0	0	0	0	0	0	0	0	0
Puzzle Arena Toshinden	Puzzle Arena Toshinden	310	0	0	0	0	0	0	0	0	128	0	0	16	1	0	0	0	1	0	1	0	1	2	0	4	1	1	0	0	0	0	0	0	1	2	0	0	0	0	0	0	0	0	0
Puzznic	Puzznic	310	0	0	0	0	0	0	0	0	0	1	1	16	1	0	0	0	1	0	1	0	1	2	0	3	1	0	0	0	0	0	0	0	1	0	2	2	2	2	0	1	1	0	0
Q-bert	Q-bert	310	0	0	0	0	0	0	0	0	136	0	0	16	1	0	0	0	1	0	1	0	1	2	0	3	0	0	0	0	0	0	0	0	1	2	2	2	2	2	0	1	1	0	0
Qix 2000	Qix 2000	310	0	0	0	0	0	0	0	0	128	0	0	16	1	0	0	0	1	0	1	0	1	2	0	1	1	1	0	0	0	0	0	0	1	2	2	2	2	2	0	1	1	0	0
Qix Neo	Qix Neo	310	0	0	0	0	0	0	0	0	128	0	1	16	1	0	0	0	1	0	1	0	1	2	0	3	1	0	0	0	0	0	0	0	1	0	2	2	2	2	0	1	1	0	0
Quake II	Quake II	310	0	0	0	0	1	0	0	0	0	1	1	16	1	0	0	0	1	0	1	0	0	2	0	5	0	1	0	0	0	0	0	0	1	2	2	2	2	2	0	1	1	0	0
R - Rock'n Riders (Bonus Disc)	R - Rock'n Riders (Bonus Disc)	310	0	0	0	0	0	0	0	0	128	0	1	16	1	0	0	0	1	0	1	0	2	2	0	0	1	0	0	0	0	0	0	0	1	0	2	2	2	2	0	1	1	0	0
R - Rock'n Riders	R - Rock'n Riders	310	0	0	0	0	0	0	0	0	128	0	0	16	1	0	0	0	1	0	1	0	0	2	0	1	1	1	0	0	0	0	0	0	1	2	2	2	2	2	0	1	1	0	0
R-Type Delta	R-Type Delta	306	0	0	0	0	0	0	0	0	128	1	1	16	1	0	0	0	1	0	1	0	1	2	0	4	3	0	0	0	0	0	0	0	1	0	2	2	2	2	0	1	1	0	0
R-Types	R-Types	310	0	0	0	0	0	0	0	0	0	1	1	16	1	0	0	0	1	0	1	0	0	2	0	2	3	1	0	0	0	0	0	0	1	2	0	0	0	0	0	0	0	0	0
Race Drivin' a Go! Go!	Race Drivin' a Go! Go!	310	0	0	0	0	0	0	0	0	0	0	1	16	1	0	0	0	1	0	1	0	0	2	0	3	1	0	0	0	0	0	0	0	1	2	0	0	0	0	0	0	0	0	0
Racing Lagoon	Racing Lagoon	310	0	0	0	0	1	0	0	0	88	1	1	16	1	0	0	0	1	0	1	0	0	0	0	4	0	1	0	0	0	0	0	0	1	2	2	2	2	2	0	1	1	0	0
Racingroovy VS	Racingroovy VS	310	0	0	0	0	0	0	0	0	0	0	0	16	1	0	0	0	1	0	1	0	2	2	0	0	1	0	0	0	0	0	0	0	1	0	0	0	0	0	0	0	0	0	0
Radikal Bikers	Radikal Bikers	310	0	0	0	0	0	0	0	0	136	0	1	16	1	0	0	0	1	0	1	0	0	0	0	4	0	0	0	0	0	0	0	0	1	2	2	2	2	2	0	1	1	0	0
Rage Racer	Rage Racer	310	0	0	0	0	0	0	0	0	0	1	1	16	1	0	0	0	1	0	1	0	0	2	0	4	1	1	0	0	0	0	0	0	1	2	0	0	0	0	0	0	0	0	0
Rageball	Rageball	310	0	0	0	0	0	0	0	0	128	0	0	16	1	0	0	0	1	0	1	0	1	2	0	0	0	1	0	0	0	0	0	0	1	2	2	2	2	2	0	1	1	0	0
Raging Skies	Raging Skies	310	0	0	0	0	0	0	0	0	128	0	0	16	1	0	0	0	1	0	1	0	1	2	0	3	1	1	0	0	0	0	0	0	1	2	0	0	0	0	0	0	0	0	0
Raiden DX	Raiden DX	306	0	0	0	0	0	0	0	0	0	0	0	16	1	0	0	0	1	0	1	0	1	2	0	0	1	0	0	0	0	0	0	0	1	0	0	0	0	0	0	1	1	0	0
Raiden Project	Raiden Project	310	0	0	0	0	0	0	0	0	8	1	1	16	1	0	0	0	1	0	1	0	1	2	0	1	0	1	0	0	0	0	0	0	1	2	0	0	0	0	0	1	1	0	0
Raiden	Raiden	310	0	0	0	0	0	0	0	0	0	1	1	16	1	0	0	0	1	0	1	0	1	2	0	4	0	1	0	0	0	0	0	0	1	2	0	0	0	0	0	0	0	0	0
Railroad Tycoon II	Railroad Tycoon II	310	0	0	0	0	0	0	0	0	128	0	1	16	1	0	0	0	1	0	1	0	1	2	0	0	0	0	0	0	0	0	0	0	1	2	2	2	2	2	0	1	1	0	0
Rakugaki Showtime	Rakugaki Showtime	310	0	0	0	0	0	0	0	0	0	1	1	16	1	0	0	0	1	0	1	0	0	2	0	5	0	1	0	0	0	0	0	0	1	2	0	0	0	0	0	0	0	0	0
Rally Championship	Rally Championship	310	0	0	0	0	0	0	0	0	128	0	0	16	1	0	0	0	1	0	1	0	0	2	0	1	0	0	0	0	0	0	0	0	1	0	2	2	2	2	0	1	1	0	0
Rally Cross 2	Rally Cross 2	306	0	0	0	0	0	0	0	0	0	1	1	16	1	0	0	0	1	0	1	0	1	2	0	4	1	0	0	0	0	0	0	0	1	2	2	2	2	2	0	1	1	0	0
Rally Cross	Rally Cross	306	0	0	0	0	0	0	0	0	0	1	1	16	1	0	0	0	1	0	1	0	0	2	0	4	1	0	0	0	0	0	0	0	1	2	2	2	2	2	1	0	0	0	0
Rally de Africa	Rally de Africa	306	0	0	0	0	1	0	0	0	192	1	1	16	1	0	0	0	1	0	1	0	1	2	0	5	0	0	0	0	0	0	0	0	1	2	2	2	2	2	0	0	0	0	0
Rally de Europe	Rally de Europe	310	0	0	0	0	1	0	0	0	192	1	1	16	1	0	0	0	1	0	1	0	0	2	0	5	0	1	0	0	0	0	0	0	1	2	2	2	2	2	0	1	1	0	0
Rally Masters - Race of Champions	Rally Masters - Race of Champions	310	0	0	0	0	1	0	0	0	0	0	0	16	1	0	0	0	1	0	1	0	0	2	0	4	0	1	0	0	0	0	0	0	1	2	2	2	2	2	0	1	1	0	0
Rampage - Through Time	Rampage - Through Time	310	0	0	0	0	0	0	0	0	128	0	1	16	1	0	0	0	1	0	1	0	1	2	0	3	0	1	0	0	0	0	0	0	1	2	2	2	2	2	1	1	1	0	0
Rampage - World Tour	Rampage - World Tour	310	0	0	0	0	0	0	0	0	0	1	1	16	1	0	0	0	1	0	1	0	1	2	0	2	1	1	0	0	0	0	0	0	1	2	0	0	0	0	0	0	0	0	0
Rampage 2 - Universal Tour	Rampage 2 - Universal Tour	310	0	0	0	0	0	0	0	0	0	1	1	16	1	0	0	0	1	0	1	0	1	2	0	3	0	1	0	0	0	0	0	0	1	2	2	2	2	2	1	1	1	0	0
Ranma 1l2 - Battle Renaissance	Ranma 1l2 - Battle Renaissance	310	0	0	0	0	0	0	0	0	128	0	1	16	1	0	0	0	1	0	1	0	0	2	0	0	1	1	0	0	0	0	0	0	1	2	0	0	0	0	0	0	0	0	0
Rap-la-MuuMuu from Jumping Flash! 2	Rap-la-MuuMuu from Jumping Flash! 2	310	0	0	0	0	0	0	0	0	0	1	1	16	1	0	0	0	1	0	1	0	0	2	0	4	0	1	0	0	0	0	0	0	1	2	0	0	0	0	0	0	0	0	0
Rapid Racer	Rapid Racer	310	0	0	0	0	0	0	0	0	192	0	1	16	1	0	0	0	1	0	1	0	2	2	0	5	3	0	0	0	0	0	0	0	1	0	0	0	0	0	0	0	0	0	0
Rapid Reload	Rapid Reload	306	0	0	0	0	0	0	0	0	0	1	1	16	1	0	0	0	1	0	1	0	2	2	0	5	1	0	0	0	0	0	0	0	1	0	0	0	0	0	0	0	0	0	0
Rascal	Rascal	310	0	0	0	0	0	0	0	0	0	0	0	16	1	0	0	0	1	0	1	0	1	2	0	5	0	0	0	0	0	0	0	0	1	0	2	2	2	2	0	1	1	0	0
Rat Attack!	Rat Attack!	310	0	0	0	0	0	0	0	0	24	1	1	16	1	0	0	0	1	0	1	0	0	2	0	1	0	1	0	0	0	0	0	0	1	2	0	0	0	0	0	0	0	0	0
Raven Project (Disc 1)	Raven Project (Disc 1)	310	0	0	0	0	0	0	0	0	0	1	1	16	1	0	0	0	1	0	1	0	1	2	0	4	0	1	0	0	0	0	0	0	1	2	0	0	0	0	0	0	0	0	0
Ray Tracers	Ray Tracers	310	0	0	0	0	0	0	0	0	128	0	1	16	1	0	0	0	1	0	1	0	1	2	0	4	0	1	0	0	0	0	0	0	1	2	0	0	0	0	0	0	0	0	0
RayCrisis	RayCrisis	306	0	0	0	0	0	0	0	0	64	1	1	16	1	0	0	0	1	0	1	0	1	1	0	3	1	0	0	0	0	0	0	0	1	0	2	2	2	2	0	1	1	0	0
Rayman 2	Rayman 2	306	0	0	0	0	1	0	0	0	64	1	0	16	1	0	0	0	1	0	1	0	0	2	0	4	1	0	0	0	0	0	0	0	1	2	2	2	2	2	0	1	1	0	0
Rayman Rush	Rayman Rush	310	0	0	0	0	1	0	0	0	128	0	0	16	1	0	0	0	1	1	1	0	1	2	0	4	0	1	0	0	0	0	0	0	1	2	2	2	2	2	0	1	1	0	0
Rayman	Rayman	310	0	0	0	0	0	0	0	0	128	0	1	16	1	0	0	0	1	0	1	0	2	2	0	3	1	0	0	0	0	0	0	0	1	0	0	0	0	0	0	0	0	0	0
RayStorm	RayStorm	310	0	0	0	0	0	0	0	0	128	0	1	16	1	0	0	0	1	0	1	0	0	1	0	5	0	1	0	0	0	0	0	0	1	2	0	0	0	0	0	0	0	0	0
RC de GO!	RC de GO!	310	0	0	0	0	1	0	0	0	128	1	1	16	0	0	0	0	1	0	1	0	0	2	0	4	0	1	0	0	0	0	0	0	1	2	2	2	2	2	0	1	1	0	0
RC Helicopter	RC Helicopter	310	0	0	0	0	0	0	0	0	128	0	1	16	1	0	0	0	1	0	1	0	1	2	0	1	1	0	0	0	0	0	0	0	1	0	2	2	2	2	0	1	1	0	0
RC Revenge	RC Revenge	306	0	0	0	0	0	0	0	0	0	1	1	16	1	0	0	0	1	0	1	0	1	2	0	4	3	0	0	0	0	0	0	0	1	0	2	2	2	2	0	1	1	0	0
RC Stunt Copter	RC Stunt Copter	310	0	0	0	0	0	0	0	0	0	0	1	16	1	0	0	0	1	0	1	0	0	2	0	4	0	0	0	0	0	0	0	0	1	2	2	2	2	2	0	1	1	0	0
Re-Loaded	Re-Loaded	310	0	0	0	0	0	0	0	0	128	0	0	16	1	0	0	0	1	0	1	0	1	2	0	1	0	1	0	0	0	0	0	0	1	2	0	0	0	0	0	0	0	0	0
Ready 2 Rumble Boxing - Round 2	Ready 2 Rumble Boxing - Round 2	310	0	0	0	0	0	0	0	0	128	0	0	16	1	0	0	0	1	1	1	0	0	2	0	1	0	1	0	0	0	0	0	0	1	2	2	2	2	2	0	1	1	0	0
Ready 2 Rumble Boxing	Ready 2 Rumble Boxing	310	0	0	0	0	0	0	0	0	128	0	0	16	1	0	0	0	1	1	1	0	0	2	0	1	0	1	0	0	0	0	0	0	1	2	2	2	2	2	0	1	1	0	0
Real Bout Fatal Fury	Real Bout Fatal Fury	310	0	0	0	0	0	0	0	0	128	0	0	16	1	0	0	0	1	0	1	0	2	2	0	0	1	1	0	0	0	0	0	0	1	0	0	0	0	0	0	0	0	0	0
Real Bout Special - Dominated Mind	Real Bout Special - Dominated Mind	310	0	0	0	0	0	0	0	0	128	0	0	16	1	0	0	0	1	0	1	0	1	2	0	1	1	1	0	0	0	0	0	0	1	2	0	0	0	0	0	0	0	0	0
Real Robots - Final Attack	Real Robots - Final Attack	310	0	0	0	0	0	0	0	0	128	0	0	16	1	0	0	0	1	0	1	0	0	2	0	0	1	1	0	0	0	0	0	0	1	2	0	0	0	0	0	0	0	0	0
ReBoot	ReBoot	306	0	0	0	0	0	0	0	0	64	0	0	16	1	0	0	0	1	0	1	0	2	2	0	0	0	0	0	0	0	0	0	0	1	2	0	0	0	0	0	0	0	0	0
Red Asphalt	Red Asphalt	310	0	0	0	0	0	0	0	0	0	1	0	16	1	0	0	0	1	0	1	0	1	2	0	1	1	1	0	0	0	0	0	0	1	2	2	2	2	2	0	1	1	0	0
Red Assault	Red Assault	270	0	0	0	0	0	0	0	0	0	1	0	16	1	0	0	0	1	0	1	0	2	1	0	1	1	1	0	0	0	0	0	0	1	2	0	0	0	0	0	0	0	0	0
Reel Fishing II	Reel Fishing II	310	0	0	0	0	0	0	0	0	128	0	1	16	1	0	0	0	1	0	1	0	1	2	0	0	1	0	0	0	0	0	0	0	1	2	2	2	2	2	0	1	1	0	0
Reel Fishing	Reel Fishing	310	0	0	0	0	0	0	0	0	128	0	1	16	1	0	0	0	1	0	1	0	1	2	0	0	1	1	0	0	0	0	0	0	1	2	0	0	0	0	0	0	0	0	0
Remote Control Dandy	Remote Control Dandy	310	0	0	0	0	0	0	0	0	0	1	1	16	1	0	0	0	1	0	1	0	1	2	0	4	1	1	0	0	0	0	0	0	1	2	2	2	2	2	0	0	0	0	0
Renegade Racers	Renegade Racers	310	0	0	0	0	0	0	0	0	128	0	0	16	1	0	0	0	1	0	1	0	0	2	0	1	1	1	0	0	0	0	0	0	1	2	2	2	2	2	0	1	1	0	0
Rescue Copter	Rescue Copter	306	0	0	0	0	0	0	0	0	128	0	1	16	1	0	0	0	1	0	1	0	0	2	0	4	0	1	0	0	0	0	0	0	1	2	2	2	2	2	0	1	1	0	0
Rescue Heroes - Molten Menace	Rescue Heroes - Molten Menace	310	0	0	0	0	0	0	0	0	136	0	0	16	1	0	0	0	1	0	1	0	1	2	0	4	1	1	0	0	0	0	0	0	1	2	2	2	2	2	0	1	1	0	0
Rescue Shot	Rescue Shot	310	0	0	0	0	0	0	0	0	128	0	1	16	1	0	0	0	1	0	1	0	0	2	0	4	1	1	0	0	0	0	0	0	1	2	2	2	2	2	0	1	1	0	0
Resident Evil (1995 Alpha)	Resident Evil (1995 Alpha)	306	0	0	0	0	0	0	0	0	0	1	1	16	1	0	0	0	1	0	1	0	1	2	0	3	2	1	0	0	0	0	0	0	1	2	0	0	0	0	0	1	1	0	0
Resident Evil (1995 Beta)	Resident Evil (1995 Beta)	306	0	0	0	0	0	0	0	0	128	0	1	16	1	0	0	0	1	0	1	0	1	2	0	4	1	1	0	0	0	0	0	0	1	2	0	0	0	0	0	0	0	0	0
Resident Evil (Director's Cut)	Resident Evil (Director's Cut)	310	0	0	0	0	0	0	0	0	0	1	1	16	1	0	0	0	1	0	1	0	1	2	0	4	1	1	0	0	0	0	0	0	1	2	0	0	0	0	0	0	0	0	0
Resident Evil (Remaster Cut)	Resident Evil (Remaster Cut)	310	0	0	0	0	0	0	0	0	128	0	1	16	1	0	0	0	1	0	1	0	1	2	0	4	1	1	0	0	0	0	0	0	1	2	2	2	2	2	0	1	1	0	0
Resident Evil (True Director's Cut)	Resident Evil (True Director's Cut)	310	0	0	0	0	0	0	0	0	0	1	1	16	1	0	0	0	1	0	1	0	1	2	0	4	0	1	0	0	0	0	0	0	1	2	2	2	2	2	0	1	1	0	0
Resident Evil (Ultimate Cut Disc 1)	Resident Evil (Ultimate Cut Disc 1)	310	0	0	0	0	0	0	0	0	0	1	1	16	1	0	0	0	1	0	1	0	1	2	0	4	0	1	0	0	0	0	0	0	1	2	2	2	2	2	0	1	1	0	0
Resident Evil (Ultimate Cut Disc 2)	Resident Evil (Ultimate Cut Disc 2)	310	0	0	0	0	0	0	0	0	0	1	1	16	1	0	0	0	1	0	1	0	1	2	0	4	0	1	0	0	0	0	0	0	1	2	2	2	2	2	0	1	1	0	0
Resident Evil - Anonymous Survivors	Resident Evil - Anonymous Survivors	306	0	0	0	0	0	0	0	0	192	0	1	16	1	0	0	0	1	0	1	0	1	2	0	4	1	0	0	0	0	0	0	0	1	2	2	2	2	2	0	1	1	0	0
Resident Evil - AS	Resident Evil - AS	270	0	0	0	0	0	0	0	0	0	1	1	16	1	0	0	0	1	0	1	0	2	2	0	3	2	0	0	0	0	0	0	0	1	2	2	2	2	2	0	1	1	0	0
Resident Evil - Battle Coliseum	Resident Evil - Battle Coliseum	310	0	0	0	0	0	0	0	0	128	0	0	16	1	0	0	0	1	0	1	0	1	2	0	0	1	0	0	0	0	0	0	0	1	2	0	0	0	0	0	0	0	0	0
Resident Evil - Deep Freeze	Resident Evil - Deep Freeze	310	0	0	0	0	0	0	0	0	0	1	1	16	1	0	0	0	1	0	1	0	1	2	0	4	0	1	0	0	0	0	0	0	1	2	0	0	0	0	0	0	0	0	0
Resident Evil - Survivor TP	Resident Evil - Survivor TP	310	0	0	0	0	0	0	0	0	0	1	1	16	1	0	0	0	1	0	1	0	1	2	0	4	0	1	0	0	0	0	0	0	1	2	0	0	0	0	0	0	0	0	0
Resident Evil - Survivor	Resident Evil - Survivor	310	0	0	0	0	1	0	0	0	128	0	1	16	1	0	0	0	1	0	1	0	1	2	0	4	0	1	0	0	0	0	0	0	1	2	0	0	0	0	0	0	0	0	0
Resident Evil - True Director's Cut	Resident Evil - True Director's Cut	270	0	0	0	0	0	0	0	0	192	0	1	16	1	0	0	0	1	0	1	0	2	2	0	3	2	0	0	0	0	0	0	0	1	2	2	2	2	2	0	1	1	0	0
Resident Evil 0	Resident Evil 0	310	0	0	0	0	0	0	0	0	136	0	1	16	1	0	0	0	1	0	0	0	1	2	0	4	0	1	0	0	0	0	0	0	1	2	2	2	2	2	0	1	1	0	0
Resident Evil 2 (Beta)	Resident Evil 2 (Beta)	306	0	0	0	0	0	0	0	0	128	0	1	16	1	0	0	0	1	0	1	0	1	2	0	4	1	1	0	0	0	0	0	0	1	2	0	0	0	0	0	0	0	0	0
Resident Evil 2 (Disc 1) (Leon)	Resident Evil 2 (Disc 1) (Leon)	310	0	0	0	0	0	0	0	0	0	1	1	16	1	0	0	0	1	0	1	0	1	2	0	4	1	1	0	0	0	0	0	0	1	2	2	2	2	2	0	1	1	0	0
Resident Evil 2 (Disc 2) (Claire)	Resident Evil 2 (Disc 2) (Claire)	310	0	0	0	0	0	0	0	0	0	1	1	16	1	0	0	0	1	0	1	0	1	2	0	4	1	1	0	0	0	0	0	0	1	2	2	2	2	2	0	1	1	0	0
Resident Evil 2 (Prototype - GB)	Resident Evil 2 (Prototype - GB)	310	0	0	0	0	0	0	0	0	0	1	1	16	1	0	0	0	1	0	1	0	1	2	0	4	0	1	0	0	0	0	0	0	1	2	0	0	0	0	0	0	0	0	0
Resident Evil 2 (Prototype)	Resident Evil 2 (Prototype)	310	0	0	0	0	0	0	0	0	128	0	1	16	1	0	0	0	1	0	1	0	2	2	0	4	1	1	0	0	0	0	0	0	1	2	0	0	0	0	0	0	0	0	0
Resident Evil 2 (Trial Edition)	Resident Evil 2 (Trial Edition)	306	0	0	0	0	0	0	0	0	128	0	1	16	1	0	0	0	1	0	1	0	2	2	0	4	1	1	0	0	0	0	0	0	1	2	0	0	0	0	0	0	0	0	0
Resident Evil 2 - Battle Coliseum	Resident Evil 2 - Battle Coliseum	310	0	0	0	0	0	0	0	0	128	0	0	16	1	0	0	0	1	0	1	0	1	2	0	1	0	1	0	0	0	0	0	0	1	2	2	2	2	2	0	1	1	0	0
Resident Evil 2 - Darkness	Resident Evil 2 - Darkness	310	0	0	0	0	0	0	0	0	128	0	1	16	1	0	0	0	1	0	1	0	1	2	0	4	0	1	0	0	0	0	0	0	1	2	2	2	2	2	0	1	1	0	0
Resident Evil 2 - Forgotten Soldier	Resident Evil 2 - Forgotten Soldier	306	0	0	0	0	0	0	0	0	0	1	1	16	1	0	0	0	1	0	1	0	2	2	0	4	1	0	0	0	0	0	0	0	1	2	2	2	2	2	0	1	1	0	0
Resident Evil 3 - Dark Infection	Resident Evil 3 - Dark Infection	310	0	0	0	0	0	0	0	0	24	1	0	16	1	0	0	0	1	0	1	0	1	2	0	1	0	1	0	0	0	0	0	0	1	2	2	2	2	2	0	1	1	0	0
Resident Evil 3 - Nemesis	Resident Evil 3 - Nemesis	310	0	0	0	0	0	0	0	0	0	1	1	16	1	0	0	0	1	0	1	0	1	2	0	4	1	1	0	0	0	0	0	0	1	2	2	2	2	2	0	1	1	0	0
Resident Evil	Resident Evil	310	0	0	0	0	0	0	0	0	0	1	1	16	1	0	0	0	1	0	1	0	1	2	0	4	1	1	0	0	0	0	0	0	1	2	0	0	0	0	0	0	0	0	0
Retro Arcade Pack	Retro Arcade Pack	310	0	0	0	0	0	0	0	0	128	0	1	16	1	0	0	0	1	0	1	0	0	2	0	1	0	1	0	0	0	0	0	0	1	0	0	0	0	0	0	0	0	0	0
Retro Force	Retro Force	310	0	0	0	0	0	0	0	0	64	1	1	16	1	0	0	0	1	0	1	0	1	2	0	4	0	1	0	0	0	0	0	0	1	2	0	0	0	0	0	0	0	0	0
Return Fire	Return Fire	306	0	0	0	0	0	0	0	0	0	0	1	16	1	0	0	0	1	0	1	0	2	2	0	4	0	1	0	0	0	0	0	0	1	2	0	0	0	0	0	0	0	0	0
Reverthion	Reverthion	310	0	0	0	0	0	0	0	0	0	1	1	16	1	0	0	0	1	0	1	0	0	2	0	0	1	1	0	0	0	0	0	0	1	0	0	0	0	0	0	0	0	0	0
Revolution X	Revolution X	310	0	0	0	0	0	0	0	0	0	1	1	16	1	0	0	0	1	0	1	0	1	2	0	1	1	1	0	0	0	0	0	0	1	2	0	0	0	0	0	0	0	0	0
Rhapsody	Rhapsody	310	0	0	0	0	1	0	1	0	8	1	1	16	1	0	0	0	1	1	1	0	0	2	0	5	1	1	0	0	0	0	0	0	1	2	2	2	2	2	0	1	1	0	0
Ridegear Guybrave	Ridegear Guybrave	310	0	0	0	0	0	0	0	0	128	0	1	16	1	0	0	0	1	0	1	0	0	2	0	4	0	1	0	0	0	0	0	0	1	2	0	0	0	0	0	0	0	0	0
Ridge Racer (Turbo Mode Disc)	Ridge Racer (Turbo Mode Disc)	310	0	0	0	0	0	0	0	0	0	1	0	16	1	0	0	0	1	0	1	0	0	2	0	0	0	1	0	0	0	0	0	0	1	2	2	2	2	2	0	1	1	0	0
Ridge Racer Revolution	Ridge Racer Revolution	310	0	0	0	0	0	0	0	0	0	1	1	16	1	0	0	0	1	0	1	0	0	2	0	4	1	0	0	0	0	0	0	0	1	0	0	0	0	0	0	0	0	0	0
Ridge Racer Type 4	Ridge Racer Type 4	310	0	0	0	0	1	0	0	0	0	1	1	16	1	0	0	0	1	0	1	0	0	2	0	4	3	1	0	0	0	0	0	0	1	2	2	2	2	2	0	1	1	0	0
Ridge Racer	Ridge Racer	310	0	0	0	0	0	0	0	0	128	1	1	16	1	0	0	0	1	0	1	0	0	2	0	4	1	0	0	0	0	0	0	0	1	0	0	0	0	0	0	0	0	0	0
Riot	Riot	310	0	0	0	0	0	0	0	0	0	1	0	16	1	0	0	0	1	0	1	0	1	2	0	0	0	1	0	0	0	0	0	0	1	2	0	0	0	0	0	0	0	0	0
Rise 2 - Resurrection	Rise 2 - Resurrection	310	0	0	0	0	0	0	0	0	0	0	0	16	1	0	0	0	1	0	1	0	2	2	0	5	1	0	0	0	0	0	0	0	1	0	0	0	0	0	0	0	0	0	0
Rising Zan	Rising Zan	310	0	0	0	0	0	0	0	0	0	1	1	16	1	0	0	0	1	0	1	0	1	2	0	4	1	0	0	0	0	0	0	0	1	0	0	0	0	0	0	0	0	0	0
Risk	Risk	310	0	0	0	0	0	0	0	0	0	1	1	16	1	0	0	0	1	0	1	0	1	2	0	3	1	0	0	0	0	0	0	0	1	0	0	0	0	0	0	0	0	0	0
Rival Schools (Arcade Disc)	Rival Schools (Arcade Disc)	310	0	0	0	0	0	0	0	0	128	0	0	16	1	0	0	0	1	0	1	0	0	2	0	4	0	1	0	0	0	0	0	0	1	2	2	2	2	2	0	1	1	0	0
Rival Schools (Evolution Disc)	Rival Schools (Evolution Disc)	306	0	0	0	0	0	0	0	0	0	1	1	16	1	0	0	0	1	0	1	0	2	2	0	4	3	0	0	0	0	0	0	0	1	0	2	2	2	2	0	1	1	0	0
Riven (Disc 1)	Riven (Disc 1)	310	0	0	0	0	0	0	0	0	144	0	1	16	0	0	0	0	1	0	1	0	1	2	0	1	1	1	0	0	0	0	0	0	1	2	0	0	0	0	0	0	0	0	0
Riven (Disc 2)	Riven (Disc 2)	310	0	0	0	0	0	0	0	0	144	0	1	16	0	0	0	0	1	0	1	0	1	2	0	1	1	1	0	0	0	0	0	0	1	2	0	0	0	0	0	0	0	0	0
Riven (Disc 3)	Riven (Disc 3)	310	0	0	0	0	0	0	0	0	144	0	1	16	0	0	0	0	1	0	1	0	1	2	0	1	1	1	0	0	0	0	0	0	1	2	0	0	0	0	0	0	0	0	0
Riven (Disc 4)	Riven (Disc 4)	310	0	0	0	0	0	0	0	0	144	0	1	16	0	0	0	0	1	0	1	0	1	2	0	1	1	1	0	0	0	0	0	0	1	2	0	0	0	0	0	0	0	0	0
Riven (Disc 5)	Riven (Disc 5)	310	0	0	0	0	0	0	0	0	144	0	1	16	0	0	0	0	1	0	1	0	1	2	0	1	1	1	0	0	0	0	0	0	1	0	0	0	0	0	0	0	0	0	0
RMJ - Mystery Hospital (Disc 1)	RMJ - Mystery Hospital (Disc 1)	310	0	0	0	0	0	0	0	0	0	1	1	16	1	0	0	0	1	0	1	0	1	2	0	5	2	1	0	0	0	0	0	0	1	2	0	0	0	0	0	0	0	0	0
RMJ - Mystery Hospital (Disc 2)	RMJ - Mystery Hospital (Disc 2)	310	0	0	0	0	0	0	0	0	0	1	1	16	1	0	0	0	1	0	1	0	1	2	0	5	2	1	0	0	0	0	0	0	1	2	0	0	0	0	0	0	0	0	0
Road Blaster	Road Blaster	310	0	0	0	0	0	0	0	0	128	0	0	16	1	0	0	0	1	0	1	0	1	2	0	2	1	1	0	0	0	0	0	0	1	2	0	0	0	0	0	0	0	0	0
Road Rash - Jailbreak	Road Rash - Jailbreak	310	0	0	0	0	1	0	0	0	136	0	0	16	1	0	0	0	1	0	1	0	0	2	0	0	0	1	0	0	0	0	0	0	1	2	2	2	2	2	0	1	1	0	0
Road Rash 3D	Road Rash 3D	310	0	0	0	0	1	0	0	0	128	0	0	16	1	0	0	0	1	0	1	0	0	2	0	0	1	1	0	0	0	0	0	0	1	2	0	0	0	0	0	0	0	0	0
Road Rash	Road Rash	310	0	0	0	0	0	0	0	0	72	0	1	16	1	0	0	0	1	1	1	0	0	2	0	5	0	1	0	0	0	0	0	0	1	2	0	0	0	0	0	0	0	0	0
Roadsters	Roadsters	310	0	0	0	0	0	0	0	0	128	0	0	16	1	0	0	0	1	0	1	0	0	2	0	4	0	1	0	0	0	0	0	0	1	2	2	2	2	2	0	1	1	0	0
Robin Hood - The Siege	Robin Hood - The Siege	310	0	0	0	0	0	0	0	0	128	0	0	16	1	0	0	0	1	0	1	0	1	2	0	4	0	1	0	0	0	0	0	0	1	2	2	2	2	2	0	1	1	0	0
Robo Pit 2	Robo Pit 2	310	0	0	0	0	0	0	0	0	0	1	1	16	1	0	0	0	1	0	1	0	1	2	0	4	0	0	0	0	0	0	0	0	1	0	2	2	2	2	0	1	1	0	0
Robo Pit	Robo Pit	310	0	0	0	0	0	0	0	0	0	1	1	16	1	0	0	0	1	0	1	0	1	2	0	4	0	0	0	0	0	0	0	0	1	0	0	0	0	0	0	0	0	0	0
Robotron X	Robotron X	310	0	0	0	0	0	0	0	0	128	0	0	16	1	0	0	0	1	0	1	0	1	2	0	0	0	1	0	0	0	0	0	0	1	2	0	0	0	0	0	0	0	0	0
Rock & Roll Racing 2	Rock & Roll Racing 2	270	0	0	0	0	0	0	0	0	0	1	1	16	1	0	0	0	1	0	1	0	2	2	0	3	1	0	0	0	0	0	0	0	1	0	1	1	1	1	0	0	0	0	0
Rock 'Em Sock 'Em Robots Arena	Rock 'Em Sock 'Em Robots Arena	310	0	0	0	0	0	0	0	0	0	1	1	16	1	0	0	0	1	0	1	0	1	2	0	4	0	1	0	0	0	0	0	0	1	2	2	2	2	2	0	1	1	0	0
Rock-Climbing	Rock-Climbing	310	0	0	0	0	0	0	0	0	128	0	0	16	1	0	0	0	1	0	1	0	1	2	0	1	1	1	0	0	0	0	0	0	1	2	0	0	0	0	0	0	0	0	0
Rogue Trip - Vacation 2012	Rogue Trip - Vacation 2012	310	0	0	0	0	0	0	0	0	0	0	0	16	1	0	0	0	1	0	1	0	0	2	0	4	0	1	0	0	0	0	0	0	1	2	2	2	2	2	0	1	1	0	0
Rollcage Stage II	Rollcage Stage II	306	0	0	0	0	0	0	0	0	0	1	1	16	1	0	0	0	1	0	1	0	0	2	0	4	1	0	0	0	0	0	0	0	1	0	2	2	2	2	0	1	1	0	0
Rollcage	Rollcage	310	0	0	0	0	0	0	0	0	0	0	0	16	1	0	0	0	1	0	1	0	0	2	0	4	0	1	0	0	0	0	0	0	1	2	2	2	2	2	0	1	1	0	0
Romance of Three Kingdoms IV	Romance of Three Kingdoms IV	310	0	0	0	0	0	0	0	0	0	0	0	16	1	0	0	0	1	0	1	0	2	2	0	3	1	0	0	0	0	0	0	0	1	0	0	0	0	0	0	0	0	0	0
Romance of Three Kingdoms VI	Romance of Three Kingdoms VI	310	0	0	0	0	0	0	1	0	136	0	1	16	1	0	0	0	1	0	1	0	1	2	0	1	0	1	0	0	0	0	0	0	1	2	0	0	0	0	0	0	0	0	0
Ronin Blade	Ronin Blade	310	0	0	0	0	0	0	0	0	128	0	1	16	1	0	0	0	1	0	1	0	1	2	0	1	0	1	0	0	0	0	0	0	1	2	2	2	2	2	0	1	1	0	0
Rosco McQueen - Firefighter Extreme	Rosco McQueen - Firefighter Extreme	306	0	0	0	0	0	0	0	0	192	0	1	16	1	0	0	0	1	0	1	0	1	2	0	4	1	0	0	0	0	0	0	0	1	0	2	2	2	2	0	1	1	0	0
Rosco McQueen	Rosco McQueen	310	0	0	0	0	1	0	0	0	128	0	0	16	1	0	0	0	1	0	1	0	0	2	0	0	0	1	0	0	0	0	0	0	1	2	0	0	0	0	0	0	0	0	0
Roswell Conspiracies	Roswell Conspiracies	310	0	0	0	0	0	0	1	0	8	1	0	16	1	0	0	0	1	0	1	0	0	2	0	4	0	1	0	0	0	0	0	0	1	2	2	2	2	2	0	1	1	0	0
Rox	Rox	310	0	0	0	0	0	0	0	0	128	0	0	16	1	0	0	0	1	0	1	0	0	2	0	0	1	1	0	0	0	0	0	0	1	2	0	0	0	0	0	0	0	0	0
RPG Maker	RPG Maker	310	0	0	0	0	0	0	0	0	128	0	0	16	1	0	0	0	1	0	1	0	1	2	0	3	1	0	0	0	0	0	0	0	1	2	0	0	0	0	0	0	0	0	0
Rugrats - Search for Reptar	Rugrats - Search for Reptar	310	0	0	0	0	1	0	0	0	0	1	1	16	1	0	0	0	1	0	1	0	0	2	0	4	0	1	0	0	0	0	0	0	1	2	0	0	0	0	0	0	0	0	0
Runabout 2	Runabout 2	310	0	0	0	0	1	0	0	0	88	1	0	16	1	0	0	0	1	0	1	0	0	2	0	4	0	1	0	0	0	0	0	0	1	2	2	2	2	2	0	1	1	0	0
Running High	Running High	306	0	0	0	0	0	0	0	0	0	1	1	16	1	0	0	0	1	0	1	0	2	2	0	4	1	0	0	0	0	0	0	0	1	0	0	0	0	0	0	0	0	0	0
Running Wild	Running Wild	310	0	0	0	0	0	0	0	0	128	0	1	16	1	0	0	0	1	0	1	0	0	2	0	1	1	1	0	0	0	0	0	0	1	2	2	2	2	2	0	1	1	0	0
Rurouni Kenshin - Ishin Gekitou-hen	Rurouni Kenshin - Ishin Gekitou-hen	310	0	0	0	0	0	0	0	0	0	1	0	16	1	0	0	0	1	0	1	0	0	2	0	0	0	1	0	0	0	0	0	0	1	2	0	0	0	0	0	0	0	0	0
Rurouni Kenshin	Rurouni Kenshin	310	0	0	0	0	0	0	0	0	152	1	1	16	1	0	0	0	1	0	1	0	0	2	0	4	3	1	0	0	0	0	0	0	1	2	0	0	0	0	0	0	0	0	0
Rush Hour	Rush Hour	270	0	0	0	0	0	0	0	0	0	0	0	16	0	0	0	0	1	0	1	0	1	1	0	3	1	0	0	0	0	0	0	0	1	2	0	0	0	0	0	0	0	0	0
Rushdown	Rushdown	310	0	0	0	0	0	0	0	0	128	0	0	16	1	0	0	0	1	0	1	0	1	2	0	0	0	0	0	0	0	0	0	0	1	2	0	0	0	0	0	0	0	0	0
Saber Marionette J	Saber Marionette J	310	0	0	0	0	0	0	0	0	128	0	0	16	1	0	0	0	1	0	1	0	1	2	0	1	1	1	0	0	0	0	0	0	1	2	0	0	0	0	0	0	0	0	0
Sabrina Teenage Witch - Twitch in Time	Sabrina Teenage Witch - Twitch in Time	310	0	0	0	0	0	0	0	0	136	0	0	16	1	0	0	0	1	0	1	0	1	2	0	1	0	1	0	0	0	0	0	0	1	2	2	2	2	2	0	1	1	0	0
SaGa Frontier 2	SaGa Frontier 2	310	0	0	0	0	0	0	0	0	0	1	1	16	1	0	1	0	1	0	1	0	1	2	0	3	1	1	0	0	0	0	0	0	1	2	2	2	2	2	0	1	1	0	0
SaGa Frontier	SaGa Frontier	306	0	0	0	0	0	0	0	0	0	0	1	16	1	0	0	0	1	0	1	0	2	2	0	3	1	1	0	0	0	0	0	0	1	2	0	0	0	0	0	0	0	0	0
Sailor Moon SuperS	Sailor Moon SuperS	310	0	0	0	0	0	0	0	0	128	0	0	16	1	0	0	0	1	0	1	0	1	2	0	3	1	1	0	0	0	0	0	0	1	2	0	0	0	0	0	0	0	0	0
Saiyuki - Journey West	Saiyuki - Journey West	310	0	0	0	0	0	0	0	0	0	1	1	16	1	0	0	0	1	0	1	0	1	2	0	3	1	0	0	0	0	0	0	0	1	0	2	2	2	2	0	1	1	0	0
Sakigake Otokojuku - Dodgeball	Sakigake Otokojuku - Dodgeball	310	0	0	0	0	0	0	0	0	128	0	0	16	1	0	0	0	1	0	1	0	1	2	0	0	1	1	0	0	0	0	0	0	1	2	0	0	0	0	0	0	0	0	0
Salamander Deluxe Pack Plus	Salamander Deluxe Pack Plus	310	0	0	0	0	0	0	0	0	0	1	1	16	1	0	0	0	1	0	1	0	1	2	0	3	1	0	0	0	0	0	0	0	1	0	0	0	0	0	0	0	0	0	0
Saltwater Sportfishing	Saltwater Sportfishing	310	0	0	0	0	0	0	0	0	128	0	0	16	1	0	0	0	1	0	1	0	0	2	0	1	1	1	0	0	0	0	0	0	1	2	2	2	2	2	0	1	1	0	0
Samurai Deeper Kyo	Samurai Deeper Kyo	310	0	0	0	0	0	0	0	0	0	1	1	16	1	0	0	0	1	0	1	0	2	2	0	3	1	0	0	0	0	0	0	0	1	2	2	2	2	2	0	1	1	0	0
Samurai Shodown - Warriors Rage	Samurai Shodown - Warriors Rage	310	0	0	0	0	0	0	0	0	24	1	1	16	1	0	0	0	1	0	1	0	0	2	0	2	0	1	0	0	0	0	0	0	1	2	2	2	2	2	0	1	1	0	0
Samurai Shodown III - Blades of Blood	Samurai Shodown III - Blades of Blood	310	0	0	0	0	0	0	0	0	0	1	1	16	1	0	0	0	1	0	1	0	0	2	0	4	0	1	0	0	0	0	0	0	1	2	0	0	0	0	0	0	0	0	0
Samurai Spirits - Amakusa Special	Samurai Spirits - Amakusa Special	310	0	0	0	0	0	0	0	0	128	0	0	16	1	0	0	0	1	0	1	0	1	2	0	1	1	1	0	0	0	0	0	0	1	2	0	0	0	0	0	0	0	0	0
Samurai Spirits - Bushidou Retsuden	Samurai Spirits - Bushidou Retsuden	310	0	0	0	0	0	0	0	0	128	0	0	16	1	0	0	0	1	0	1	0	1	2	0	0	1	1	0	0	0	0	0	0	1	2	0	0	0	0	0	0	0	0	0
Samurai Spirits - KS Pack	Samurai Spirits - KS Pack	310	0	0	0	0	0	0	0	0	0	1	1	16	1	0	0	0	1	0	1	0	1	2	0	2	1	1	0	0	0	0	0	0	1	2	0	0	0	0	0	0	0	0	0
Samurai Spirits - Shinshou	Samurai Spirits - Shinshou	310	0	0	0	0	0	0	0	0	0	1	1	16	1	0	0	0	1	0	1	0	0	2	0	5	1	1	0	0	0	0	0	0	1	2	2	2	2	2	0	1	1	0	0
Samurai Spirits - Zankurou Musouken	Samurai Spirits - Zankurou Musouken	310	0	0	0	0	0	0	0	0	0	1	1	16	1	0	0	0	1	0	1	0	0	2	0	1	0	1	0	0	0	0	0	0	1	2	0	0	0	0	0	0	0	0	0
San Francisco Rush - Extreme Racing	San Francisco Rush - Extreme Racing	310	0	0	0	0	0	0	0	0	128	0	0	16	1	0	0	0	1	0	1	0	0	2	0	4	0	1	0	0	0	0	0	0	1	2	0	0	0	0	0	0	0	0	0
Santa Claus Saves the Earth	Santa Claus Saves the Earth	310	0	0	0	0	0	0	0	0	0	1	1	16	1	0	0	0	1	0	1	0	1	2	0	1	1	1	0	0	0	0	0	0	1	2	2	2	2	2	0	1	1	0	0
SCARS	SCARS	310	0	0	0	0	0	0	0	0	0	1	1	16	1	0	0	0	1	0	1	0	0	2	0	4	0	1	0	0	0	0	0	0	1	2	2	2	2	2	0	1	1	0	0
Scooby-Doo - Cyber Chase	Scooby-Doo - Cyber Chase	310	0	0	0	0	1	0	0	0	192	0	1	16	1	0	0	0	1	0	1	0	0	2	0	4	0	1	0	0	0	0	0	0	1	2	2	2	2	2	0	1	1	0	0
Scooby-Doo - Night of 100 Frights	Scooby-Doo - Night of 100 Frights	310	0	0	0	0	0	0	0	0	0	1	1	16	1	0	0	0	1	0	1	0	0	2	0	4	0	1	0	0	0	0	0	0	1	2	2	2	2	2	0	1	1	0	0
SD Gundam - Over Galaxian	SD Gundam - Over Galaxian	310	0	0	0	0	0	0	0	0	0	1	0	16	1	0	0	0	1	0	1	0	2	2	0	2	1	1	0	0	0	0	0	0	1	0	0	0	0	0	0	0	0	0	0
SD Gundam Eiyuuden	SD Gundam Eiyuuden	310	0	0	0	0	0	0	0	0	128	0	0	16	1	0	0	0	1	0	1	0	1	2	0	0	1	1	0	0	0	0	0	0	1	2	2	2	2	2	0	1	1	0	0
Sea-Doo Hydro Cross	Sea-Doo Hydro Cross	310	0	0	0	0	0	0	0	0	0	1	1	16	1	0	0	0	1	0	1	0	1	2	0	4	0	1	0	0	0	0	0	0	1	2	2	2	2	2	0	1	1	0	0
SeaBass Fishing	SeaBass Fishing	310	0	0	0	0	0	0	0	0	128	0	0	16	1	0	0	0	1	0	1	0	0	2	0	1	1	1	0	0	0	0	0	0	1	2	0	0	0	0	0	0	0	0	0
Sentient	Sentient	310	0	0	0	0	0	0	0	0	0	1	1	16	1	0	0	0	1	0	1	0	1	2	0	4	0	1	0	0	0	0	0	0	1	2	0	0	0	0	0	0	0	0	0
Sentinel Returns	Sentinel Returns	310	0	0	0	0	0	0	0	0	0	1	1	16	1	0	0	0	1	0	1	0	1	2	0	4	1	0	0	0	0	0	0	0	1	0	0	0	0	0	0	0	0	0	0
Sentou Mecha Xabungle	Sentou Mecha Xabungle	310	0	0	0	0	0	0	0	0	128	0	1	16	1	0	0	0	1	0	1	0	1	2	0	4	0	1	0	0	0	0	0	0	1	2	0	0	0	0	0	0	0	0	0
Sexy Parodius	Sexy Parodius	306	0	0	0	0	0	0	0	0	0	1	1	16	1	0	0	0	1	0	1	0	2	2	0	4	1	0	0	0	0	0	0	0	1	0	0	0	0	0	0	0	0	0	0
Shadow Gunner	Shadow Gunner	310	0	0	0	0	0	0	0	0	0	1	1	16	1	0	0	0	1	0	1	0	1	2	0	4	1	1	0	0	0	0	0	0	1	0	2	2	2	2	0	1	1	0	0
Shadow Madness	Shadow Madness	310	0	0	0	0	0	0	0	0	128	0	1	16	1	0	0	0	1	0	1	0	0	2	0	0	0	0	0	0	0	0	0	0	1	2	0	0	0	0	0	0	0	0	0
Shadow Man	Shadow Man	310	0	0	0	0	0	0	0	0	0	1	1	16	1	0	0	0	1	0	1	0	0	2	0	4	1	1	0	0	0	0	0	0	1	2	2	2	2	2	0	1	1	0	0
Shadow Master	Shadow Master	310	0	0	0	0	0	0	0	0	128	0	0	16	1	0	0	0	1	0	1	0	1	2	0	3	0	1	0	0	0	0	0	0	1	2	0	0	0	0	0	0	0	0	0
Shadow Tower	Shadow Tower	310	0	0	0	0	0	0	0	0	0	1	1	16	1	0	0	0	1	0	1	0	1	2	0	4	1	1	0	0	0	0	0	0	1	2	2	2	2	2	0	1	1	0	0
Shake Kids	Shake Kids	310	0	0	0	0	0	0	0	0	128	0	0	16	1	0	0	0	1	0	1	0	1	2	0	0	0	1	0	0	0	0	0	0	1	2	0	0	0	0	0	0	0	0	0
Shaolin	Shaolin	310	0	0	0	0	0	0	0	0	0	1	1	16	1	0	0	0	1	0	1	0	1	1	0	1	1	1	0	0	0	0	0	0	1	0	2	2	2	2	0	1	1	0	0
Sheep Dog 'n' Wolf	Sheep Dog 'n' Wolf	306	0	0	0	0	0	0	0	0	128	0	1	16	1	0	0	0	1	0	1	0	0	2	0	4	0	0	0	0	0	0	0	0	1	2	2	2	2	2	0	1	1	0	0
Sheep	Sheep	310	0	0	0	0	0	0	0	0	0	1	1	16	1	0	0	0	1	0	1	0	1	2	0	3	1	1	0	0	0	0	0	0	1	2	2	2	2	2	0	1	1	0	0
Shellshock	Shellshock	310	0	0	0	0	0	0	0	0	128	0	1	16	1	0	0	0	1	0	1	0	1	2	0	3	2	1	0	0	0	0	0	0	1	2	0	0	0	0	0	0	0	0	0
Shienryuu	Shienryuu	310	0	0	0	0	0	0	0	0	0	1	1	16	1	0	0	0	1	0	1	0	1	2	0	5	0	1	0	0	0	0	0	0	1	2	0	0	0	0	0	0	0	0	0
Shigeru Mizuki's Yokai Battles	Shigeru Mizuki's Yokai Battles	310	0	0	0	0	0	0	0	0	128	0	1	16	1	0	0	0	1	0	1	0	1	2	0	1	1	1	0	0	0	0	0	0	1	2	0	0	0	0	0	0	0	0	0
Shin Kidou Senki Gundam W - The Battle	Shin Kidou Senki Gundam W - The Battle	310	0	0	0	0	0	0	0	0	128	0	0	16	1	0	0	0	1	0	1	0	1	2	0	0	1	1	0	0	0	0	0	0	1	2	2	2	2	2	0	1	1	0	0
Shin Megami Tensei	Shin Megami Tensei	310	0	0	0	0	0	0	0	0	0	1	1	16	1	0	0	0	1	0	1	0	1	2	0	1	1	0	0	0	0	0	0	0	1	0	0	0	0	0	0	0	0	0	0
Shin Nihon Pro Wrestling 2	Shin Nihon Pro Wrestling 2	310	0	0	0	0	0	0	0	0	128	0	1	16	1	0	0	0	1	0	1	0	1	2	0	4	0	1	0	0	0	0	0	0	1	2	0	0	0	0	0	0	0	0	0
Shin Nihon Pro Wrestling	Shin Nihon Pro Wrestling	310	0	0	0	0	0	0	0	0	136	0	1	16	1	0	0	0	1	0	1	0	0	2	0	4	1	1	0	0	0	0	0	0	1	2	0	0	0	0	0	0	0	0	0
Shin Senki Van-Gale	Shin Senki Van-Gale	310	0	0	0	0	0	0	0	0	128	0	1	16	1	0	0	0	1	0	1	0	1	2	0	1	1	1	0	0	0	0	0	0	1	2	0	0	0	0	0	0	0	0	0
Shipwreckers!	Shipwreckers!	310	0	0	0	0	0	0	0	0	128	0	0	16	1	0	0	0	1	0	1	0	1	2	0	1	1	1	0	0	0	0	0	0	1	2	0	0	0	0	0	0	0	0	0
Shockwave Assault (Disc 1)	Shockwave Assault (Disc 1)	306	0	0	0	0	0	0	0	0	192	0	1	16	1	0	0	0	1	0	1	0	0	2	0	1	1	0	0	0	0	0	0	0	1	2	0	0	0	0	0	0	0	0	0
Shockwave Assault (Disc 2)	Shockwave Assault (Disc 2)	306	0	0	0	0	0	0	0	0	192	0	1	16	1	0	0	0	1	0	1	0	1	2	0	3	1	0	0	0	0	0	0	0	1	0	2	2	2	2	0	1	1	0	0
Shooter - Space Shot	Shooter - Space Shot	310	0	0	0	0	0	0	0	0	0	1	1	16	1	0	0	0	1	0	1	0	2	2	0	4	3	0	0	0	0	0	0	0	1	0	2	2	2	2	0	1	1	0	0
Short Time (Disc 1)	Short Time (Disc 1)	310	0	0	0	0	0	0	0	0	0	1	1	16	1	0	0	0	1	0	1	0	0	2	0	4	0	1	0	0	0	0	0	0	1	2	0	0	0	0	0	0	0	0	0
Shura no Mon	Shura no Mon	310	0	0	0	0	0	0	0	0	128	0	0	16	1	0	0	0	1	0	1	0	1	2	0	1	1	1	0	0	0	0	0	0	1	0	0	0	0	0	0	0	0	0	0
Shutokou Battle R	Shutokou Battle R	310	0	0	0	0	0	0	0	0	0	0	0	16	1	0	0	0	1	0	1	0	0	2	0	4	1	0	0	0	0	0	0	0	1	2	0	0	0	0	0	0	0	0	0
Side by Side - Special 2000	Side by Side - Special 2000	310	0	0	0	0	1	0	0	0	136	0	0	16	1	0	0	0	1	0	1	0	0	2	0	5	0	1	0	0	0	0	0	0	1	2	2	2	2	2	0	1	1	0	0
Side Pocket 3	Side Pocket 3	310	0	0	0	0	0	0	0	0	0	1	1	16	1	0	0	0	1	0	1	0	1	2	0	4	0	1	0	0	0	0	0	0	1	2	0	0	0	0	0	0	0	0	0
Sidewinder 2	Sidewinder 2	310	0	0	0	0	0	0	0	0	128	0	0	16	1	0	0	0	1	0	1	0	0	2	0	0	1	1	0	0	0	0	0	0	1	2	2	2	2	2	0	1	1	0	0
Silent Bomber	Silent Bomber	310	0	0	0	0	0	0	0	0	0	1	0	16	1	0	0	0	1	0	1	0	1	2	0	4	0	1	0	0	0	0	0	0	1	2	2	2	2	2	0	1	1	0	0
Silent Hill	Silent Hill	310	0	0	0	0	1	0	0	0	80	0	0	16	1	0	0	0	1	0	1	0	0	2	0	4	1	1	0	0	0	0	0	0	1	2	0	0	0	0	0	0	0	0	0
Silent Iron	Silent Iron	306	0	0	0	0	0	0	0	0	128	0	0	16	1	0	0	0	1	0	1	0	2	2	0	3	1	0	0	0	0	0	0	0	1	0	2	2	2	2	0	0	0	0	0
Silhouette Mirage	Silhouette Mirage	310	0	0	0	0	0	0	0	0	0	1	1	16	1	0	0	0	1	0	1	0	0	2	0	4	1	1	0	0	0	0	0	0	1	2	2	2	2	2	0	1	1	0	0
Silverload	Silverload	310	0	0	0	0	0	0	1	0	152	0	1	16	0	0	0	0	1	0	1	0	0	2	0	1	1	1	0	0	0	0	0	0	1	2	0	0	0	0	0	0	0	0	0
SimCity 2000	SimCity 2000	310	0	0	0	0	0	0	0	0	128	0	1	16	1	0	0	0	1	0	1	0	1	2	0	5	3	0	0	0	0	0	0	0	1	2	0	0	0	0	0	0	0	0	0
Simpsons Wrestling	Simpsons Wrestling	310	0	0	0	0	0	0	0	0	128	0	0	16	1	0	0	0	1	0	1	0	0	2	0	0	0	1	0	0	0	0	0	0	1	2	2	2	2	2	0	1	1	0	0
Sitting Ducks	Sitting Ducks	310	0	0	0	0	0	0	0	0	0	1	1	16	1	0	0	0	1	0	1	0	1	2	0	4	0	1	0	0	0	0	0	0	1	2	2	2	2	2	0	1	1	0	0
Skeleton Warriors	Skeleton Warriors	310	0	0	0	0	0	0	0	0	0	1	1	16	1	0	0	0	1	0	1	0	1	2	0	3	2	1	0	0	0	0	0	0	1	2	0	0	0	0	0	0	0	0	0
Skullmonkeys	Skullmonkeys	310	0	0	0	0	0	0	0	0	0	1	1	16	1	0	0	0	1	0	1	0	1	2	0	3	1	1	0	0	0	0	0	0	1	0	0	0	0	0	0	1	1	0	0
Skydiving Extreme	Skydiving Extreme	306	0	0	0	0	0	0	0	0	0	1	1	16	1	0	0	0	1	0	1	0	2	2	0	4	1	0	0	0	0	0	0	0	1	0	2	2	2	2	0	1	1	0	0
Slam 'n Jam '96	Slam 'n Jam '96	310	0	0	0	0	0	0	0	0	0	1	1	16	1	0	0	0	1	0	1	0	1	2	0	4	1	1	0	0	0	0	0	0	1	2	0	0	0	0	0	0	0	0	0
Slam Dragon	Slam Dragon	310	0	0	0	0	0	0	0	0	128	0	0	16	1	0	0	0	1	0	1	0	0	2	0	4	1	1	0	0	0	0	0	0	1	2	0	0	0	0	0	0	0	0	0
Slap Happy Rhythm Busters	Slap Happy Rhythm Busters	310	0	0	0	0	0	0	0	0	88	0	0	16	1	0	0	0	1	0	1	0	0	1	0	4	0	1	0	0	0	0	0	0	1	2	2	2	2	2	0	1	1	0	0
Sled Storm	Sled Storm	306	0	0	0	0	0	0	0	0	0	1	0	16	1	0	0	0	1	0	1	0	0	0	0	4	0	0	0	0	0	0	0	0	1	2	2	2	2	2	0	1	1	0	0
Small Soldiers	Small Soldiers	310	0	0	0	0	0	0	0	0	128	0	0	16	1	0	0	0	1	0	1	0	1	2	0	3	0	1	0	0	0	0	0	0	1	2	2	2	2	2	0	1	1	0	0
Smash Court 2	Smash Court 2	310	0	0	0	0	0	0	0	0	128	0	1	16	1	0	0	0	1	0	1	0	1	2	0	1	0	1	0	0	0	0	0	0	1	2	2	2	2	2	0	1	1	0	0
Smash Court 3	Smash Court 3	310	0	0	0	0	0	0	0	0	128	0	1	16	1	0	0	0	1	0	1	0	1	2	0	1	0	1	0	0	0	0	0	0	1	2	2	2	2	2	0	1	1	0	0
Smash Court	Smash Court	310	0	0	0	0	0	0	0	0	128	0	1	16	1	0	0	0	1	0	1	0	1	2	0	1	0	1	0	0	0	0	0	0	1	2	0	0	0	0	0	0	0	0	0
Snatcher	Snatcher	310	0	0	0	0	0	0	0	0	0	1	1	16	1	0	0	0	1	0	1	0	1	2	0	0	1	1	0	0	0	0	0	0	1	2	0	0	0	0	0	0	0	0	0
SnoCross Championship Racing	SnoCross Championship Racing	306	0	0	0	0	1	0	0	0	128	1	1	16	1	0	0	0	1	0	1	0	1	1	0	3	1	0	0	0	0	0	0	0	1	2	2	2	2	2	0	1	1	0	0
Snow Racer 98	Snow Racer 98	310	0	0	0	0	0	0	0	0	128	0	0	16	1	0	0	0	1	0	1	0	0	2	0	3	0	1	0	0	0	0	0	0	1	2	0	0	0	0	0	0	0	0	0
Soccer Kid	Soccer Kid	310	0	0	0	0	0	0	0	0	0	1	0	16	1	0	0	0	1	0	1	0	1	2	0	4	1	1	0	0	0	0	0	0	1	0	2	2	2	2	0	1	1	0	0
Sol Divide	Sol Divide	306	0	0	0	0	0	0	0	0	0	1	1	16	1	0	0	0	1	0	1	0	1	2	0	4	1	0	0	0	0	0	0	0	1	2	2	2	2	2	0	1	1	0	0
Sonic the Hedgehog (Demo)	Sonic the Hedgehog (Demo)	310	0	0	0	0	0	0	0	0	128	0	1	16	1	0	0	0	1	0	1	0	1	2	0	1	1	1	0	0	0	0	0	0	1	2	0	0	0	0	0	0	0	0	0
Sonic Wings Special	Sonic Wings Special	310	0	0	0	0	0	0	0	0	0	1	0	16	1	0	0	0	1	0	1	0	1	2	0	4	1	1	0	0	0	0	0	0	1	2	2	2	2	2	0	1	1	0	0
Sorcerer's Maze	Sorcerer's Maze	306	0	0	0	0	0	0	0	0	128	0	0	16	1	0	0	0	1	0	1	0	2	2	0	4	1	0	0	0	0	0	0	0	1	0	0	0	0	0	0	0	0	0	0
Soukyuu Gurentai - Oubushutsugeki	Soukyuu Gurentai - Oubushutsugeki	310	0	0	0	0	0	0	0	0	0	1	1	16	1	0	0	0	1	0	1	0	0	2	0	4	0	1	0	0	0	0	0	0	1	2	2	2	2	2	0	1	1	0	0
Soukyuu Gurentai	Soukyuu Gurentai	306	0	0	0	0	0	0	0	0	0	1	1	16	1	0	0	0	1	0	1	0	1	1	0	3	3	0	0	0	0	0	0	0	1	2	2	2	2	2	0	1	1	0	0
Soul Blade	Soul Blade	310	0	0	0	0	1	0	0	0	24	1	1	16	1	0	0	0	1	0	1	0	0	1	0	0	0	1	0	0	0	0	0	0	1	2	0	0	0	0	0	0	0	0	0
Soul of the Samurai	Soul of the Samurai	310	0	0	0	0	0	0	0	0	0	1	1	16	1	0	0	0	1	0	1	0	1	2	0	4	0	1	0	0	0	0	0	0	1	2	2	2	2	2	0	1	1	0	0
Sound Qube	Sound Qube	310	0	0	0	0	0	0	0	0	128	0	0	16	1	0	0	0	1	0	1	0	1	2	0	1	1	1	0	0	0	0	0	0	1	2	0	0	0	0	0	0	0	0	0
South Park - Chef's Luv Shack	South Park - Chef's Luv Shack	306	0	0	0	0	0	0	0	0	0	1	1	16	1	0	0	0	1	0	1	0	2	2	0	4	0	0	0	0	0	0	0	0	1	0	0	0	0	0	1	0	0	0	0
South Park Rally	South Park Rally	306	0	0	0	0	0	0	0	0	0	1	1	16	1	0	0	0	1	0	1	0	2	2	0	4	1	0	0	0	0	0	0	0	1	0	2	2	2	2	0	1	1	0	0
South Park	South Park	310	0	0	0	0	0	0	0	0	0	1	1	16	1	0	0	0	1	0	1	0	1	2	0	4	0	1	0	0	0	0	0	0	1	2	2	2	2	2	0	1	1	0	0
Soviet Strike	Soviet Strike	310	0	0	0	0	1	0	0	0	0	1	1	16	1	0	0	0	1	1	1	0	0	2	0	5	0	1	0	0	0	0	0	0	1	2	0	0	0	0	0	0	0	0	0
Space Adventure Cobra	Space Adventure Cobra	310	0	0	0	0	0	0	0	0	0	1	1	16	1	0	0	0	1	0	1	0	1	2	0	1	1	1	0	0	0	0	0	0	1	2	0	0	0	0	0	0	0	0	0
Space Chaser 2000	Space Chaser 2000	310	0	0	0	0	0	0	0	0	128	0	0	16	1	0	0	0	1	0	1	0	1	2	0	0	1	1	0	0	0	0	0	0	1	2	0	0	0	0	0	0	0	0	0
Space Griffon VF-9	Space Griffon VF-9	306	0	0	0	0	0	0	0	0	0	0	0	16	1	0	0	0	1	0	1	0	1	2	0	1	1	0	0	0	0	0	0	0	1	2	0	0	0	0	0	0	0	0	0
Space Hulk	Space Hulk	310	0	0	0	0	0	0	0	0	0	1	1	16	1	0	0	0	1	0	1	0	1	2	0	1	2	1	0	0	0	0	0	0	1	2	0	0	0	0	0	0	0	0	0
Space Invaders 1500	Space Invaders 1500	310	0	0	0	0	0	0	0	0	128	0	0	16	1	0	0	0	1	0	1	0	0	2	0	1	1	1	0	0	0	0	0	0	1	2	0	0	0	0	0	0	0	0	0
Space Invaders 2000	Space Invaders 2000	310	0	0	0	0	0	0	0	0	128	0	0	16	1	0	0	0	1	0	1	0	0	2	0	1	1	1	0	0	0	0	0	0	1	2	0	0	0	0	0	0	0	0	0
Space Invaders	Space Invaders	310	0	0	0	0	0	0	0	0	128	1	1	16	1	0	0	0	1	0	1	0	1	2	0	4	0	1	0	0	0	0	0	0	1	2	2	2	2	2	0	1	1	0	0
Space Jam	Space Jam	310	0	0	0	0	0	0	0	0	0	1	1	16	1	0	0	0	1	0	1	0	1	2	0	3	1	1	0	0	0	0	0	0	1	2	0	0	0	0	0	0	0	0	0
Space Rider	Space Rider	310	0	0	0	0	0	0	0	0	0	1	1	16	1	0	0	0	1	0	1	0	1	2	0	4	0	1	0	0	0	0	0	0	1	2	2	2	2	2	0	1	1	0	0
Spawn - The Eternal	Spawn - The Eternal	310	0	0	0	0	0	0	0	0	128	0	0	16	1	0	0	0	1	0	1	0	0	2	0	0	1	1	0	0	0	0	0	0	1	2	2	2	2	2	0	1	1	0	0
Spec Ops - Airborne Commando	Spec Ops - Airborne Commando	306	0	0	0	0	0	0	0	0	192	0	1	16	1	0	0	0	1	0	1	0	2	2	0	0	1	0	0	0	0	0	0	0	1	2	2	2	2	2	0	1	1	0	0
Spec Ops - Covert Assault	Spec Ops - Covert Assault	306	0	0	0	0	0	0	0	0	0	1	1	16	1	0	0	0	1	0	1	0	2	2	0	4	1	0	0	0	0	0	0	0	1	2	2	2	2	2	0	1	1	0	0
Spec Ops - Ranger Elite	Spec Ops - Ranger Elite	306	0	0	0	0	0	0	0	0	192	0	1	16	1	0	0	0	1	0	1	0	2	2	0	4	1	0	0	0	0	0	0	0	1	2	2	2	2	2	0	1	1	0	0
Spec Ops - Stealth Patrol	Spec Ops - Stealth Patrol	306	0	0	0	0	0	0	0	0	192	0	1	16	1	0	0	0	1	0	1	0	2	2	0	4	1	0	0	0	0	0	0	0	1	2	2	2	2	2	0	1	1	0	0
Speed Freaks	Speed Freaks	306	0	0	0	0	0	0	0	0	0	0	0	16	1	0	0	0	1	0	1	0	2	2	0	0	1	0	0	0	0	0	0	0	1	0	2	2	2	2	0	1	1	0	0
Speed King	Speed King	310	0	0	0	0	0	0	0	0	0	1	1	16	1	0	0	0	1	0	1	0	1	2	0	4	0	0	0	0	0	0	0	0	1	2	0	0	0	0	0	0	0	0	0
Speed Power Gunbike	Speed Power Gunbike	310	0	0	0	0	0	0	0	0	0	1	1	16	1	0	0	0	1	0	1	0	0	0	0	5	0	1	0	0	0	0	0	0	1	2	0	0	0	0	0	0	0	0	0
Speed Racer	Speed Racer	310	0	0	0	0	0	0	0	0	0	1	1	16	1	0	0	0	1	0	1	0	0	2	0	4	0	1	0	0	0	0	0	0	1	2	0	0	0	0	0	0	0	0	0
Speedball 2100	Speedball 2100	310	0	0	0	0	0	0	0	0	0	0	0	16	1	0	0	0	1	0	1	0	1	2	0	3	1	1	0	0	0	0	0	0	1	2	2	2	2	2	0	1	1	0	0
Speedster	Speedster	306	0	0	0	0	0	0	0	0	0	1	1	16	1	0	0	0	1	0	1	0	1	2	0	4	0	0	0	0	0	0	0	0	1	0	0	0	0	0	0	0	0	0	0
Spice World	Spice World	310	0	0	0	0	1	0	0	0	8	1	1	16	1	0	0	0	1	0	1	0	1	2	0	1	0	1	0	0	0	0	0	0	1	2	0	0	0	0	0	0	0	0	0
Spider - The Video Game	Spider - The Video Game	310	0	0	0	0	0	0	0	0	0	1	1	16	1	0	0	0	1	0	1	0	0	2	0	5	0	1	0	0	0	0	0	0	1	2	0	0	0	0	0	0	0	0	0
Spider-Man 2	Spider-Man 2	310	0	0	0	0	1	0	0	0	192	0	0	16	1	0	0	0	1	0	1	0	0	2	0	4	0	0	0	0	0	0	0	0	1	2	2	2	2	2	0	1	1	0	0
Spider-Man	Spider-Man	310	0	0	0	0	1	0	0	0	64	0	0	16	1	0	0	0	1	0	1	0	0	2	0	4	0	0	0	0	0	0	0	0	1	2	2	2	2	2	0	1	1	0	0
Spin Jam	Spin Jam	310	1	0	0	0	0	0	1	0	136	0	0	16	1	0	0	0	1	1	1	0	0	2	0	2	0	1	0	0	0	0	0	0	1	2	2	2	2	2	0	1	1	0	0
Spirit Master (Prototype)	Spirit Master (Prototype)	310	0	0	0	0	0	0	0	0	128	0	0	16	1	0	0	0	1	0	1	0	1	2	0	4	1	1	0	0	0	0	0	0	1	2	0	0	0	0	0	0	0	0	0
SpongeBob SquarePants - SuperSponge	SpongeBob SquarePants - SuperSponge	310	0	0	0	0	0	0	0	0	152	0	1	16	1	0	0	0	1	0	1	0	0	2	0	2	0	1	0	0	0	0	0	0	1	2	2	2	2	2	0	1	1	0	0
Sports Car GT	Sports Car GT	306	0	0	0	0	0	0	0	0	0	1	1	16	1	0	0	0	1	0	1	0	0	2	0	4	0	0	0	0	0	0	0	0	1	0	2	2	2	2	0	1	1	0	0
Sports Superbike 2	Sports Superbike 2	310	0	0	0	0	0	0	0	0	0	1	0	16	1	0	0	0	1	0	1	0	1	2	0	3	1	0	0	0	0	0	0	0	1	0	2	2	2	2	0	1	1	0	0
Sports Superbike	Sports Superbike	310	0	0	0	0	0	0	0	0	0	1	0	16	1	0	0	0	1	0	1	0	2	2	0	3	1	0	0	0	0	0	0	0	1	0	2	2	2	2	0	1	1	0	0
Spot Goes to Hollywood	Spot Goes to Hollywood	310	0	0	0	0	0	0	0	0	128	0	0	16	1	0	0	0	1	0	1	0	1	2	0	5	0	1	0	0	0	0	0	0	1	2	0	0	0	0	0	0	0	0	0
Spriggan - Lunar Verse	Spriggan - Lunar Verse	310	0	0	0	0	0	0	0	0	0	1	1	16	1	0	0	0	1	0	1	0	0	0	0	5	0	1	0	0	0	0	0	0	1	2	2	2	2	2	0	1	1	0	0
Spyro 2 - Ripto's Rage!	Spyro 2 - Ripto's Rage!	310	0	0	0	0	0	0	0	0	0	1	1	16	1	0	0	0	1	0	1	0	0	2	0	4	1	0	0	0	0	0	0	0	1	2	2	2	2	2	0	1	1	0	0
Spyro 3 - Year of the Dragon	Spyro 3 - Year of the Dragon	310	0	0	0	0	1	0	0	0	0	1	1	16	1	0	0	0	1	0	1	0	0	2	0	4	1	0	0	0	0	0	0	0	1	2	2	2	2	2	0	1	1	0	0
Spyro 3.5 - Forgotten Realms	Spyro 3.5 - Forgotten Realms	310	0	0	0	0	0	0	0	0	0	1	1	16	1	0	0	0	1	0	1	0	0	2	0	4	1	1	0	0	0	0	0	0	1	2	2	2	2	2	0	1	1	0	0
Spyro the Dragon	Spyro the Dragon	310	0	0	0	0	1	0	0	0	128	1	1	16	1	0	0	0	1	0	1	0	0	2	0	4	0	1	0	0	0	0	0	0	1	0	2	2	2	2	0	1	1	0	0
Stahlfeder	Stahlfeder	310	0	0	0	0	0	0	0	0	128	0	0	16	1	0	0	0	1	0	1	0	1	2	0	3	1	1	0	0	0	0	0	0	1	2	0	0	0	0	0	0	0	0	0
Stakes Winner 2	Stakes Winner 2	310	0	0	0	0	0	0	0	0	128	0	0	16	1	0	0	0	1	0	1	0	1	2	0	0	1	1	0	0	0	0	0	0	1	2	0	0	0	0	0	0	0	0	0
Stakes Winner	Stakes Winner	310	0	0	0	0	0	0	0	0	128	0	0	16	1	0	0	0	1	0	1	0	1	2	0	0	1	1	0	0	0	0	0	0	1	2	0	0	0	0	0	0	0	0	0
Star Fighter	Star Fighter	310	0	0	0	0	0	0	0	0	128	0	0	16	1	0	0	0	1	0	1	0	0	2	0	0	1	1	0	0	0	0	0	0	1	2	0	0	0	0	0	0	0	0	0
Star Gladiator - Final Crusade	Star Gladiator - Final Crusade	310	0	0	0	0	0	0	0	0	128	0	0	16	1	0	0	0	1	0	1	0	0	2	0	2	0	1	0	0	0	0	0	0	1	2	0	0	0	0	0	0	0	0	0
Star Gladiator	Star Gladiator	270	0	0	0	0	0	0	0	0	0	0	0	16	1	0	0	0	1	0	1	0	2	2	0	3	1	0	0	0	0	0	0	0	1	2	0	0	0	0	0	0	0	0	0
Star Ixiom	Star Ixiom	306	0	0	0	0	0	0	0	0	0	1	1	16	1	0	0	0	1	0	1	0	1	2	0	4	1	0	0	0	0	0	0	0	1	0	2	2	2	2	0	1	1	0	0
Star Ocean - The 2nd Story (Disc 1)	Star Ocean - The 2nd Story (Disc 1)	310	0	0	0	0	1	0	0	0	192	0	1	16	1	0	0	0	1	1	1	0	0	2	0	5	0	1	0	0	0	0	0	0	1	2	2	2	2	2	0	1	1	0	0
Star Ocean - The 2nd Story (Disc 2)	Star Ocean - The 2nd Story (Disc 2)	310	0	0	0	0	1	0	0	0	200	0	1	16	1	0	0	0	1	1	1	0	0	2	0	5	0	1	0	0	0	0	0	0	1	2	2	2	2	2	0	1	1	0	0
Star Trek - Invasion	Star Trek - Invasion	310	0	0	0	0	0	0	0	0	0	0	1	16	1	0	0	0	1	0	1	0	1	2	0	0	3	0	0	0	0	0	0	0	1	2	2	2	2	2	0	1	1	0	0
Star Wars - Dark Forces	Star Wars - Dark Forces	306	0	0	0	0	1	0	0	0	256	1	1	16	1	0	0	0	1	0	1	0	1	2	0	1	0	1	0	0	0	0	0	0	1	2	0	0	0	0	0	0	0	0	0
Star Wars - Demolition	Star Wars - Demolition	306	0	0	0	0	0	0	0	0	192	0	0	16	1	0	0	0	1	0	1	0	0	2	0	4	1	0	0	0	0	0	0	0	1	0	2	0	0	0	0	1	1	0	0
Star Wars - Jedi Power Battles	Star Wars - Jedi Power Battles	310	0	0	0	0	0	0	0	0	88	1	1	16	1	0	0	0	1	0	1	0	0	2	0	1	0	1	0	0	0	0	0	0	1	2	2	2	2	2	0	1	1	0	0
Star Wars - Masters of Teras Kasi	Star Wars - Masters of Teras Kasi	310	0	0	0	0	0	0	0	0	0	1	0	16	1	0	0	0	1	0	1	0	1	2	0	3	0	1	0	0	0	0	0	0	1	2	0	0	0	0	0	0	0	0	0
Star Wars - Rebel Assault II (Disc 1)	Star Wars - Rebel Assault II (Disc 1)	310	0	0	0	0	0	0	0	0	160	0	1	16	1	0	0	0	1	0	1	0	0	2	0	4	1	1	0	0	0	0	0	0	1	2	0	0	0	0	0	0	0	0	0
Star Wars - The Phantom Menace	Star Wars - The Phantom Menace	306	0	0	0	0	0	0	0	0	192	0	0	16	1	0	0	0	1	0	1	0	2	2	0	3	1	1	0	0	0	0	0	0	1	2	2	2	2	2	0	1	1	0	0
Starblade Alpha	Starblade Alpha	310	0	0	0	0	0	0	0	0	128	0	1	16	1	0	0	0	1	0	1	0	1	2	0	3	1	1	0	0	0	0	0	0	1	2	0	0	0	0	0	0	0	0	0
Starborders	Starborders	310	0	0	0	0	0	0	0	0	128	0	0	16	1	0	0	0	1	0	1	0	1	2	0	0	1	1	0	0	0	0	0	0	1	2	0	0	0	0	0	0	0	0	0
StarCon (Prototype)	StarCon (Prototype)	310	0	0	0	0	0	0	0	0	128	0	0	16	1	0	0	0	1	0	1	0	1	2	0	1	1	1	0	0	0	0	0	0	1	2	0	0	0	0	0	0	0	0	0
Starfighter Sanvein	Starfighter Sanvein	310	0	0	0	0	0	0	0	0	152	0	1	16	1	0	0	0	1	0	1	0	0	2	0	4	0	1	0	0	0	0	0	0	1	2	2	2	2	2	0	1	1	0	0
StarSweep	StarSweep	310	0	0	0	0	0	0	0	0	0	1	1	16	1	0	0	0	1	0	1	0	1	2	0	3	1	0	0	0	0	0	0	0	1	0	0	0	0	0	0	0	0	0	0
Starwinder - Ultimate Space Race	Starwinder - Ultimate Space Race	310	0	0	0	0	0	0	0	0	0	1	1	16	1	0	0	0	1	0	1	0	0	2	0	1	0	0	0	0	0	0	0	0	1	2	0	0	0	0	0	0	0	0	0
Steel Harbinger	Steel Harbinger	310	0	0	0	0	0	0	0	0	128	0	1	16	1	0	0	0	1	0	1	0	1	2	0	3	1	1	0	0	0	0	0	0	1	2	0	0	0	0	0	0	0	0	0
Steel Reign	Steel Reign	310	0	0	0	0	0	0	0	0	128	0	1	16	1	0	0	0	1	0	1	0	1	2	0	2	1	1	0	0	0	0	0	0	1	2	0	0	0	0	0	0	0	0	0
Streak Hoverboard Racing	Streak Hoverboard Racing	306	0	0	0	0	0	0	0	0	128	0	0	16	1	0	0	0	1	0	1	0	2	2	0	3	1	0	0	0	0	0	0	0	1	0	2	2	2	2	0	1	1	0	0
Street Fighter - The Movie	Street Fighter - The Movie	310	0	0	0	0	0	0	0	0	0	1	1	16	1	0	0	0	1	0	1	0	1	2	0	2	1	1	0	0	0	0	0	0	1	2	0	0	0	0	0	0	0	0	0
Street Fighter Alpha 2	Street Fighter Alpha 2	306	0	0	0	0	0	0	0	0	0	1	1	16	1	0	0	0	1	0	1	0	1	1	0	3	1	0	0	0	0	0	0	0	1	2	0	0	0	0	0	0	0	0	0
Street Fighter Alpha	Street Fighter Alpha	306	0	0	0	0	0	0	0	0	0	0	0	16	1	0	0	0	1	0	1	0	2	2	0	3	1	0	0	0	0	0	0	0	1	0	0	0	0	0	0	0	0	0	0
Street Fighter Collection (Disc 1)	Street Fighter Collection (Disc 1)	306	0	0	0	0	0	0	0	0	0	0	0	16	1	0	0	0	1	0	1	0	2	2	0	3	1	0	0	0	0	0	0	0	1	0	0	0	0	0	0	0	0	0	0
Street Fighter Collection (Disc 2)	Street Fighter Collection (Disc 2)	306	0	0	0	0	0	0	0	0	0	0	0	16	1	0	0	0	1	0	1	0	2	2	0	3	1	0	0	0	0	0	0	0	1	0	0	0	0	0	0	0	0	0	0
Street Racer	Street Racer	310	0	0	0	0	0	0	0	0	128	0	1	16	1	0	0	0	1	0	1	0	1	2	0	3	1	0	0	0	0	0	0	0	1	0	0	0	0	0	1	0	0	0	0
Street Racquetball	Street Racquetball	310	0	0	0	0	0	0	0	0	128	0	0	16	1	0	0	0	1	0	1	0	1	2	0	0	1	0	0	0	0	0	0	0	1	2	2	2	2	2	0	1	1	0	0
Street Scooters	Street Scooters	310	0	0	0	0	0	0	0	0	128	0	0	16	1	0	0	0	1	0	1	0	0	2	0	0	0	1	0	0	0	0	0	0	1	2	2	2	2	2	0	1	1	0	0
Street Sk8er 2	Street Sk8er 2	310	0	0	0	0	0	0	0	0	0	1	0	16	1	0	0	0	1	0	1	0	1	2	0	0	1	1	0	0	0	0	0	0	1	2	2	2	2	2	0	1	1	0	0
Street Sk8er	Street Sk8er	310	0	0	0	0	0	0	0	0	0	1	0	16	1	0	0	0	1	0	1	0	1	2	0	0	1	1	0	0	0	0	0	0	1	2	2	2	2	2	0	1	1	0	0
Strider 2	Strider 2	310	0	0	0	0	0	0	0	0	128	0	1	16	1	0	0	0	1	0	1	0	0	0	0	4	3	1	0	0	0	0	0	0	1	2	0	0	0	0	0	0	0	0	0
Strider	Strider	310	0	0	0	0	0	0	0	0	128	0	0	16	1	0	0	0	1	0	1	0	1	2	0	3	0	1	0	0	0	0	0	0	1	2	0	0	0	0	0	0	0	0	0
Strike Force Hydra	Strike Force Hydra	310	0	0	0	0	0	0	0	0	0	0	0	16	1	0	0	0	1	0	1	0	2	2	0	0	1	0	0	0	0	0	0	0	1	0	0	0	0	0	0	0	0	0	0
Strikepoint - The Hex Missions	Strikepoint - The Hex Missions	306	0	0	0	0	0	0	0	0	192	0	1	16	1	0	0	0	1	0	1	0	1	1	0	4	1	0	0	0	0	0	0	0	1	0	0	0	0	0	0	0	0	0	0
Striker 1996	Striker 1996	310	0	0	0	0	0	0	0	0	128	0	1	16	1	0	0	0	1	0	1	0	0	2	0	4	0	1	0	0	0	0	0	0	1	2	0	0	0	0	0	0	0	0	0
Strikers 1945 II	Strikers 1945 II	310	0	0	0	0	0	0	0	0	128	0	0	16	1	0	0	0	1	0	1	0	0	2	0	0	0	1	0	0	0	0	0	0	1	2	2	2	2	2	0	1	1	0	0
Strikers 1945	Strikers 1945	310	0	0	0	0	0	0	0	0	128	0	0	16	1	0	0	0	1	0	1	0	1	2	0	4	1	1	0	0	0	0	0	0	1	2	2	2	2	2	0	1	1	0	0
Submarine Commander	Submarine Commander	310	0	0	0	0	0	0	0	0	128	0	1	16	1	0	0	0	1	0	1	0	0	2	0	4	0	1	0	0	0	0	0	0	1	2	2	2	2	2	0	1	1	0	0
Suiko Enbu	Suiko Enbu	310	0	0	0	0	0	0	0	0	128	0	0	16	1	0	0	0	1	0	1	0	1	2	0	1	1	1	0	0	0	0	0	0	1	2	0	0	0	0	0	0	0	0	0
Suikoden II	Suikoden II	310	0	0	0	0	0	0	0	0	0	1	1	16	1	0	0	0	1	0	1	0	0	2	0	0	1	1	0	0	0	0	0	0	1	2	0	0	0	0	0	0	0	0	0
Suikoden	Suikoden	310	0	0	0	0	0	0	0	0	128	0	1	16	1	0	0	0	1	0	1	0	1	2	0	0	0	1	0	0	0	0	0	0	1	2	0	0	0	0	0	0	0	0	0
Suikogaiden (Vol. 1)	Suikogaiden (Vol. 1)	310	0	0	0	0	0	0	0	0	8	0	1	16	1	0	0	0	1	0	1	0	0	0	0	2	0	1	0	0	0	0	0	0	1	0	2	2	2	2	0	1	1	0	0
Suikogaiden (Vol. 2)	Suikogaiden (Vol. 2)	310	0	0	0	0	0	0	0	0	8	0	1	16	1	0	0	0	1	0	1	0	0	0	0	2	0	1	0	0	0	0	0	0	1	0	2	2	2	2	0	1	1	0	0
Suikogaiden Vol. 1	Suikogaiden Vol. 1	306	0	0	0	0	0	0	0	0	128	0	1	16	1	0	0	0	1	0	1	0	2	2	0	3	2	0	0	0	0	0	0	0	1	2	2	2	2	2	0	1	1	0	0
Super Adventure Rockman (Disc 1)	Super Adventure Rockman (Disc 1)	310	0	0	0	0	0	0	0	0	128	0	0	16	1	0	0	0	1	0	1	0	1	2	0	4	1	1	0	0	0	0	0	0	1	2	0	0	0	0	0	0	0	0	0
Super Adventure Rockman (Disc 2)	Super Adventure Rockman (Disc 2)	310	0	0	0	0	0	0	0	0	0	1	1	16	1	0	0	0	1	0	1	0	1	2	0	4	1	1	0	0	0	0	0	0	1	0	0	0	0	0	0	0	0	0	0
Super Adventure Rockman (Disc 3)	Super Adventure Rockman (Disc 3)	310	0	0	0	0	0	0	0	0	0	1	1	16	1	0	0	0	1	0	1	0	1	2	0	4	1	1	0	0	0	0	0	0	1	2	0	0	0	0	0	0	0	0	0
Super Bubble Pop	Super Bubble Pop	310	0	0	0	0	0	0	0	0	128	0	0	16	1	0	0	0	1	0	1	0	0	2	0	1	0	1	0	0	0	0	0	0	1	2	2	2	2	2	0	1	1	0	0
Super Dropzone	Super Dropzone	310	0	0	0	0	0	0	0	0	128	0	0	16	1	0	0	0	1	0	1	0	1	2	0	3	1	0	0	0	0	0	0	0	1	0	2	2	2	2	0	1	1	0	0
Super Pang Collection	Super Pang Collection	310	0	0	0	0	0	0	0	0	128	0	0	16	1	0	0	0	1	0	1	0	0	2	0	0	0	1	0	0	0	0	0	0	1	2	0	0	0	0	0	0	0	0	0
Super Puzzle Fighter II Turbo	Super Puzzle Fighter II Turbo	310	0	0	0	0	0	0	0	0	0	1	1	16	1	0	0	0	1	0	1	0	1	2	0	3	1	0	0	0	0	0	0	0	1	0	0	0	0	0	0	0	0	0	0
Super Robot Wars - Alpha Gaiden	Super Robot Wars - Alpha Gaiden	310	0	0	0	0	0	0	0	0	128	0	1	16	1	0	0	0	1	0	1	0	0	2	0	0	0	1	0	0	0	0	0	0	1	2	2	2	2	2	0	1	1	0	0
Super Shot Soccer	Super Shot Soccer	310	0	0	0	0	0	0	0	0	128	0	0	16	1	0	0	0	1	0	1	0	0	2	0	1	1	1	0	0	0	0	0	0	1	2	2	2	2	2	0	1	1	0	0
Super Street Fighter - Remix 2009	Super Street Fighter - Remix 2009	310	0	0	0	0	0	0	0	0	128	0	0	16	1	0	0	0	1	0	1	0	1	2	0	1	1	1	0	0	0	0	0	0	1	2	0	0	0	0	0	0	0	0	0
Superbike 2000	Superbike 2000	310	0	0	0	0	0	0	0	0	128	0	0	16	1	0	0	0	1	0	1	0	0	2	0	0	1	1	0	0	0	0	0	0	1	2	2	2	2	2	0	1	1	0	0
Supercross 2000	Supercross 2000	310	0	0	0	0	0	0	0	0	128	0	0	16	1	0	0	0	1	0	1	0	0	2	0	4	0	1	0	0	0	0	0	0	1	2	2	2	2	2	0	1	1	0	0
Supercross Circuit	Supercross Circuit	310	0	0	0	0	0	0	0	0	128	0	0	16	1	0	0	0	1	0	1	0	1	2	0	4	1	1	0	0	0	0	0	0	1	2	2	2	2	2	0	1	1	0	0
Supercross	Supercross	310	0	0	0	0	0	0	0	0	128	0	0	16	1	0	0	0	1	0	1	0	1	2	0	4	1	1	0	0	0	0	0	0	1	2	2	2	2	2	0	1	1	0	0
Superman (Beta)	Superman (Beta)	270	0	0	0	0	0	0	0	0	0	1	1	16	1	0	0	0	1	0	1	0	1	2	0	3	1	1	0	0	0	0	0	0	1	2	2	2	2	2	0	1	1	0	0
Superman (Prototype)	Superman (Prototype)	310	0	0	0	0	1	0	0	0	128	0	0	16	1	0	0	0	1	0	1	0	1	2	0	4	0	1	0	0	0	0	0	0	1	2	2	2	2	2	0	1	1	0	0
Supersonic Racers	Supersonic Racers	306	0	0	0	0	0	0	0	0	0	0	0	16	1	0	0	0	1	0	1	0	1	2	0	3	1	0	0	0	0	0	0	0	1	0	0	0	0	0	0	0	0	0	0
Superstar Dance Club - 1 Hits!!!	Superstar Dance Club - 1 Hits!!!	310	0	0	0	0	0	0	0	0	128	0	0	16	1	0	0	0	1	0	1	0	0	2	0	1	1	1	0	0	0	0	0	0	1	2	2	2	2	2	0	1	1	0	0
Surf Riders	Surf Riders	310	0	0	0	0	0	0	0	0	128	0	1	16	1	0	0	0	1	0	1	0	0	2	0	1	0	1	0	0	0	0	0	0	1	2	2	2	2	2	0	1	1	0	0
Suzuki Bakuhatsu	Suzuki Bakuhatsu	310	0	0	0	0	0	0	0	0	0	1	1	16	1	0	0	0	1	0	1	0	1	2	0	1	1	1	0	0	0	0	0	0	1	2	0	0	0	0	0	0	0	0	0
Sven-Goeran Eriksson's World Challenge	Sven-Goeran Eriksson's World Challenge	310	0	0	0	0	0	0	0	0	0	1	0	16	1	0	0	0	1	0	1	0	0	2	0	1	0	1	0	0	0	0	0	0	1	2	2	2	2	2	0	1	1	0	0
Sven-Goeran Eriksson's World Manager	Sven-Goeran Eriksson's World Manager	310	0	0	0	0	0	0	0	0	0	1	0	16	1	0	0	0	1	0	1	0	0	2	0	1	0	1	0	0	0	0	0	0	1	2	2	2	2	2	0	1	1	0	0
Swagman	Swagman	310	0	0	0	0	0	0	0	0	0	1	0	16	1	0	0	0	1	0	1	0	1	2	0	3	2	1	0	0	0	0	0	0	1	2	0	0	0	0	0	0	0	0	0
Swing	Swing	310	0	0	0	0	0	0	0	0	0	0	0	16	1	0	0	0	1	0	1	0	2	2	0	0	1	0	0	0	0	0	0	0	1	0	2	2	2	2	0	1	1	0	0
Sydney Summer Olympics 2000	Sydney Summer Olympics 2000	310	0	0	0	0	0	0	0	0	128	0	0	16	1	0	0	0	1	0	1	0	0	2	0	4	0	1	0	0	0	0	0	0	1	2	2	2	2	2	0	1	1	0	0
Syndicate Wars	Syndicate Wars	310	0	0	0	0	0	0	0	0	128	0	0	16	1	0	0	0	1	0	1	0	1	2	0	3	1	1	0	0	0	0	0	0	1	2	0	0	0	0	1	0	0	0	0
Syphon Filter 2 (Disc 1)	Syphon Filter 2 (Disc 1)	310	0	0	0	0	1	0	0	0	0	1	1	16	1	0	0	0	1	0	1	0	0	2	0	4	0	1	0	0	0	0	0	0	1	2	2	2	2	2	0	1	1	0	0
Syphon Filter	Syphon Filter	310	0	0	0	0	1	0	0	0	200	0	1	16	1	0	0	0	1	0	1	0	0	2	0	0	0	1	0	0	0	0	0	0	1	2	2	2	2	2	0	1	1	0	0
T'ai Fu - Wrath of the Tiger	T'ai Fu - Wrath of the Tiger	310	0	0	0	0	0	0	0	0	136	0	0	16	1	0	0	0	1	0	1	0	1	2	0	4	0	0	0	0	0	0	0	0	1	0	2	2	2	2	0	1	1	0	0
T.J. Lavin's Ultimate BMX	T.J. Lavin's Ultimate BMX	310	0	0	0	0	1	0	0	0	128	0	0	16	1	0	0	0	1	0	1	0	0	2	0	1	0	1	0	0	0	0	0	0	1	2	2	2	2	2	0	1	1	0	0
Tactical Armor Custom Gasaraki	Tactical Armor Custom Gasaraki	310	0	0	0	0	0	0	0	0	128	0	1	16	1	0	0	0	1	0	1	0	0	2	0	1	1	1	0	0	0	0	0	0	1	2	0	0	0	0	0	0	0	0	0
Tactical Armor Custom	Tactical Armor Custom	310	0	0	0	0	0	0	0	0	128	0	1	16	1	0	0	0	1	0	1	0	1	2	0	0	1	1	0	0	0	0	0	0	1	2	2	2	2	2	0	1	1	0	0
Tactics Ogre	Tactics Ogre	310	0	0	0	0	0	0	0	0	0	1	1	16	1	0	0	0	1	0	1	0	1	2	0	3	1	0	0	0	0	0	0	0	1	0	0	0	0	0	0	0	0	0	0
Tail Concerto	Tail Concerto	310	0	0	0	0	0	0	0	0	24	1	1	16	1	0	0	0	1	0	1	0	0	1	0	0	0	1	0	0	0	0	0	0	1	2	2	2	2	2	0	1	1	0	0
Tail of the Sun	Tail of the Sun	310	0	0	0	0	0	0	0	0	0	1	1	16	1	0	0	0	1	0	1	0	1	2	0	4	1	0	0	0	0	0	0	0	1	0	0	0	0	0	0	0	0	0	0
Tales of Destiny II (Disc 1)	Tales of Destiny II (Disc 1)	310	0	0	0	0	0	0	0	0	0	1	1	16	1	0	0	0	1	0	1	0	1	2	0	4	0	1	0	0	0	0	0	0	1	2	2	2	2	2	0	1	1	0	0
Tales of Destiny II (Disc 2)	Tales of Destiny II (Disc 2)	310	0	0	0	0	0	0	0	0	128	0	1	16	1	0	0	0	1	0	1	0	0	2	0	4	0	1	0	0	0	0	0	0	1	2	2	2	2	2	0	1	1	0	0
Tales of Destiny II (Disc 3)	Tales of Destiny II (Disc 3)	310	0	0	0	0	0	0	0	0	128	0	1	16	1	0	0	0	1	0	1	0	0	2	0	4	0	1	0	0	0	0	0	0	1	2	2	2	2	2	0	1	1	0	0
Tales of Destiny	Tales of Destiny	310	0	0	0	0	0	0	0	0	128	0	1	16	1	0	0	0	1	0	1	0	1	2	0	3	0	1	0	0	0	0	0	0	1	2	0	0	0	0	0	0	0	0	0
Tales of Phantasia	Tales of Phantasia	310	0	0	0	0	0	0	0	0	0	1	1	16	1	0	0	0	1	0	1	0	1	2	0	3	2	1	0	0	0	0	0	0	1	2	0	0	0	0	0	0	0	0	0
Tall - Infinity	Tall - Infinity	306	0	0	0	0	0	0	0	0	0	1	1	16	1	0	0	0	1	0	1	0	1	2	0	0	0	0	0	0	0	0	0	0	1	2	2	2	2	2	0	1	1	0	0
Tall - Twins Tower	Tall - Twins Tower	310	0	0	0	0	0	0	0	0	128	0	1	16	1	0	0	0	1	0	1	0	1	2	0	0	0	1	0	0	0	0	0	0	1	2	0	0	0	0	0	0	0	0	0
Tama - Adventurous Ball	Tama - Adventurous Ball	310	0	0	0	0	0	0	0	0	0	1	1	16	1	0	0	0	1	0	1	0	0	2	0	4	0	1	0	0	0	0	0	0	1	2	0	0	0	0	0	0	0	0	0
Tamago de Puzzle	Tamago de Puzzle	310	0	0	0	0	0	0	0	0	128	0	0	16	1	0	0	0	1	0	1	0	1	2	0	0	0	1	0	0	0	0	0	0	1	2	2	2	2	2	0	1	1	0	0
Tank Racer	Tank Racer	310	0	0	0	0	0	0	0	0	128	0	0	16	1	0	0	0	1	0	1	0	1	2	0	4	1	1	0	0	0	0	0	0	1	2	2	2	2	2	0	1	1	0	0
Tarzan	Tarzan	310	0	0	0	0	1	0	0	0	128	0	1	16	1	0	0	0	1	0	1	0	0	2	0	4	0	1	0	0	0	0	0	0	1	2	2	2	2	2	0	1	1	0	0
Tatsunoko Fight	Tatsunoko Fight	310	0	0	0	0	0	0	0	0	128	0	1	16	1	0	0	0	1	0	1	0	0	2	0	3	1	1	0	0	0	0	0	0	1	2	2	2	2	2	0	1	1	0	0
Taxi 2	Taxi 2	310	0	0	0	0	1	0	0	0	128	0	0	16	1	0	0	0	1	0	1	0	0	2	0	4	0	1	0	0	0	0	0	0	1	2	2	2	2	2	0	1	1	0	0
Team Buddies	Team Buddies	310	0	0	0	0	0	0	0	0	0	1	1	16	1	0	0	0	1	0	1	0	0	2	0	5	0	1	0	0	0	0	0	0	1	2	2	2	2	2	0	1	1	0	0
Tear Ring Saga	Tear Ring Saga	310	0	0	0	0	0	0	0	0	0	1	1	16	1	0	0	0	1	0	1	0	1	2	0	3	0	1	0	0	0	0	0	0	1	2	2	2	2	2	0	1	1	0	0
Techno BB	Techno BB	310	0	0	0	0	0	0	0	0	0	1	0	16	1	0	0	0	1	0	1	0	1	2	0	0	1	1	0	0	0	0	0	0	1	2	0	0	0	0	0	0	0	0	0
TechnoMage	TechnoMage	310	0	0	0	0	0	0	0	0	128	0	1	16	1	0	0	0	1	0	1	0	1	2	0	4	0	1	0	0	0	0	0	0	1	2	2	2	2	2	0	1	1	0	0
Tecmo Stackers	Tecmo Stackers	310	0	0	0	0	0	0	0	0	128	0	0	16	1	0	0	0	1	0	1	0	2	2	0	1	0	0	0	0	0	0	0	0	1	0	0	0	0	0	0	0	0	0	0
Tecmo World Golf - Japan	Tecmo World Golf - Japan	310	0	0	0	0	0	0	0	0	0	1	1	16	1	0	0	0	1	0	1	0	1	2	0	4	0	1	0	0	0	0	0	0	1	2	0	0	0	0	0	0	0	0	0
Tekken 2	Tekken 2	310	0	0	0	0	0	0	0	0	64	1	1	16	1	0	0	0	1	0	1	0	1	2	0	1	1	1	0	0	0	0	0	0	1	0	0	0	0	0	0	0	0	0	0
Tekken 3	Tekken 3	310	0	0	0	0	0	0	0	0	192	0	0	16	1	0	0	0	1	0	1	0	0	2	0	4	0	1	0	0	0	0	0	0	1	2	2	2	2	2	0	1	1	0	0
Tekken	Tekken	310	0	0	0	0	0	0	0	0	0	1	0	16	1	0	0	0	1	0	1	0	1	2	0	1	2	1	0	0	0	0	0	0	1	2	0	0	0	0	0	0	0	0	0
Tempest X3	Tempest X3	310	0	0	0	0	0	0	0	0	136	0	1	16	1	0	0	0	1	0	1	0	1	2	0	0	1	1	0	0	0	0	0	0	1	2	0	0	0	0	0	0	0	0	0
Ten made Jack	Ten made Jack	310	0	0	0	0	0	0	0	0	0	1	1	16	1	0	0	0	1	0	1	0	0	2	0	5	0	1	0	0	0	0	0	0	1	2	0	0	0	0	0	0	0	0	0
Ten Pin Alley	Ten Pin Alley	310	0	0	0	0	0	0	0	0	128	0	1	16	1	0	0	0	1	0	1	0	1	2	0	2	1	0	0	0	0	0	0	0	1	0	0	0	0	0	0	0	0	0	0
Tenchu - Shinobi Gaisen	Tenchu - Shinobi Gaisen	310	0	0	0	0	0	0	0	0	0	1	1	16	1	0	0	0	1	0	1	0	0	2	0	5	0	1	0	0	0	0	0	0	1	2	2	2	2	2	0	1	1	0	0
Tenchu - Stealth Assassins	Tenchu - Stealth Assassins	310	0	0	0	0	1	0	0	0	0	1	1	16	1	0	0	0	1	0	1	0	0	2	0	5	1	1	0	0	0	0	0	0	1	2	2	2	2	2	0	1	1	0	0
Tenchu 2 - Birth of the Assassins	Tenchu 2 - Birth of the Assassins	310	0	0	0	0	1	0	0	0	0	1	1	16	1	0	0	0	1	0	1	0	1	2	0	5	0	1	0	0	0	0	0	0	1	2	2	2	2	2	0	1	1	0	0
Tennis Arena	Tennis Arena	310	0	0	0	0	0	0	0	0	128	0	0	16	1	0	0	0	1	0	1	0	1	2	0	1	0	1	0	0	0	0	0	0	1	2	0	0	0	0	0	0	0	0	0
Terracon	Terracon	310	0	0	0	0	0	0	0	0	128	0	0	16	1	0	0	0	1	0	1	0	1	2	0	3	2	1	0	0	0	0	0	0	1	2	2	2	2	2	0	1	1	0	0
Test Drive 4	Test Drive 4	310	0	0	0	0	0	0	0	0	128	0	1	16	1	0	0	0	1	0	1	0	1	2	0	4	0	1	0	0	0	0	0	0	1	2	0	0	0	0	0	0	0	0	0
Test Drive 5	Test Drive 5	310	0	0	0	0	1	0	0	0	128	0	1	16	1	0	0	0	1	0	1	0	1	2	0	4	1	0	0	0	0	0	0	0	1	0	2	2	2	2	0	1	1	0	0
Test Drive 6	Test Drive 6	310	0	0	0	0	1	0	0	0	64	1	0	16	1	0	0	0	1	0	1	0	0	2	0	4	1	1	0	0	0	0	0	0	1	2	2	2	2	2	0	1	1	0	0
Test Drive Le Mans	Test Drive Le Mans	310	0	0	0	0	1	0	1	0	152	0	0	16	1	0	0	0	1	1	1	0	0	2	1	4	1	1	0	0	0	0	0	0	1	2	2	2	2	2	0	1	1	0	0
Test Drive Off-Road 2	Test Drive Off-Road 2	310	0	0	0	0	0	0	0	0	128	0	0	16	1	0	0	0	1	0	1	0	1	2	0	3	1	0	0	0	0	0	0	0	1	0	2	2	2	2	0	1	1	0	0
Test Drive Off-Road 3	Test Drive Off-Road 3	310	0	0	0	0	1	0	0	0	192	0	1	16	1	0	0	0	1	0	1	0	0	2	0	4	0	1	0	0	0	0	0	0	1	2	2	2	2	2	0	1	1	0	0
Test Drive Off-Road	Test Drive Off-Road	310	0	0	0	0	0	0	0	0	128	0	1	16	1	0	0	0	1	0	1	0	1	2	0	3	1	0	0	0	0	0	0	0	1	0	0	0	0	0	0	0	0	0	0
Tetris - Card Captor Sakura	Tetris - Card Captor Sakura	310	0	0	0	0	0	0	0	0	128	0	0	16	1	0	0	0	1	0	1	0	1	2	0	1	1	1	0	0	0	0	0	0	1	2	0	0	0	0	0	0	0	0	0
Tetris Plus	Tetris Plus	310	0	0	0	0	0	0	0	0	128	0	0	16	1	0	0	0	1	0	1	0	0	2	0	3	1	1	0	0	0	0	0	0	1	2	0	0	0	0	0	0	0	0	0
Tetris X	Tetris X	310	0	0	0	0	0	0	0	0	128	0	0	16	1	0	0	0	1	0	1	0	1	2	0	3	1	0	0	0	0	0	0	0	1	2	0	0	0	0	0	0	0	0	0
Tetris	Tetris	310	0	0	0	0	0	0	0	0	128	0	0	16	1	0	0	0	1	0	1	0	1	2	0	1	1	1	0	0	0	0	0	0	1	2	0	0	0	0	0	0	0	0	0
Tetsuya Komuro - Gaball Screen	Tetsuya Komuro - Gaball Screen	310	0	0	0	0	0	0	0	0	0	1	1	16	1	0	0	0	1	0	1	0	1	2	0	4	0	1	0	0	0	0	0	0	1	2	0	0	0	0	0	0	0	0	0
The Astronaut	The Astronaut	310	0	0	0	0	0	0	0	0	128	0	1	16	1	0	0	0	1	0	1	0	0	2	0	1	0	1	0	0	0	0	0	0	1	2	2	2	2	2	0	1	1	0	0
The Bike Race	The Bike Race	310	0	0	0	0	0	0	0	0	128	0	0	16	1	0	0	0	1	0	1	0	1	2	0	0	1	1	0	0	0	0	0	0	1	2	2	2	2	2	0	1	1	0	0
The Blue Marlin	The Blue Marlin	310	0	0	0	0	0	0	0	0	128	0	1	16	1	0	0	0	1	0	1	0	1	2	0	0	1	1	0	0	0	0	0	0	1	2	0	0	0	0	0	0	0	0	0
The Bombing Islands	The Bombing Islands	310	0	0	0	0	0	0	0	0	128	0	1	16	1	0	0	0	1	0	1	0	0	2	0	1	1	1	0	0	0	0	0	0	1	2	2	2	2	2	0	1	1	0	0
The Crow - City of Angels	The Crow - City of Angels	310	0	0	0	0	0	0	0	0	0	1	1	16	1	0	0	0	1	0	1	0	1	2	0	1	1	0	0	0	0	0	0	0	1	0	0	0	0	0	0	0	0	0	0
The Curling	The Curling	310	0	0	0	0	0	0	0	0	128	0	1	16	1	0	0	0	1	0	1	0	1	2	0	1	1	1	0	0	0	0	0	0	1	2	0	0	0	0	0	0	0	0	0
The Darts	The Darts	310	0	0	0	0	0	0	0	0	128	0	0	16	1	0	0	0	1	0	1	0	1	2	0	1	1	1	0	0	0	0	0	0	1	2	2	2	2	2	0	1	1	0	0
The Devouring of Heaven & Earth II	The Devouring of Heaven & Earth II	310	0	0	0	0	0	0	0	0	128	0	0	16	1	0	0	0	1	0	1	0	0	2	0	1	1	1	0	0	0	0	0	0	1	2	0	0	0	0	0	0	0	0	0
The Dungeon	The Dungeon	310	0	0	0	0	0	0	0	0	128	0	0	16	1	0	0	0	1	0	1	0	0	2	0	1	0	1	0	0	0	0	0	0	1	2	2	2	2	2	0	1	1	0	0
The Firemen 2 - Pete & Danny	The Firemen 2 - Pete & Danny	310	0	0	0	0	0	0	0	0	0	1	1	16	1	0	0	0	1	0	1	0	1	2	0	3	1	1	0	0	0	0	0	0	1	2	0	0	0	0	0	0	0	0	0
The Game of Life	The Game of Life	310	0	0	0	0	0	0	0	0	128	0	0	16	1	0	0	0	1	0	1	0	0	2	0	0	1	1	0	0	0	0	0	0	1	2	2	2	2	2	1	0	0	0	0
The Gateball	The Gateball	310	0	0	0	0	0	0	0	0	128	0	0	16	1	0	0	0	1	0	1	0	0	2	0	1	1	0	0	0	0	0	0	0	1	2	2	2	2	2	0	1	1	0	0
The Gun Shooting 2	The Gun Shooting 2	310	0	0	0	0	1	0	0	0	0	1	1	16	1	0	0	0	1	0	1	0	1	2	0	0	0	1	0	0	0	0	0	0	1	0	0	0	0	0	0	0	0	0	0
The Gun Shooting	The Gun Shooting	310	0	0	0	0	1	0	0	0	128	0	0	16	1	0	0	0	1	0	1	0	1	2	0	4	0	1	0	0	0	0	0	0	1	2	0	0	0	0	0	0	0	0	0
The Hive (Disc 1)	The Hive (Disc 1)	310	0	0	0	0	0	0	0	0	128	0	0	16	1	0	0	0	1	0	1	0	1	2	0	4	1	1	0	0	0	0	0	0	1	2	0	0	0	0	0	0	0	0	0
The Hive (Disc 2)	The Hive (Disc 2)	310	0	0	0	0	0	0	0	0	0	1	1	16	1	0	0	0	1	0	1	0	1	2	0	4	1	1	0	0	0	0	0	0	1	2	0	0	0	0	0	0	0	0	0
The Hunter	The Hunter	310	0	0	0	0	0	0	0	0	0	1	1	16	1	0	0	0	1	0	1	0	2	2	0	2	1	0	0	0	0	0	0	0	1	2	2	2	2	2	0	1	1	0	0
The Italian Job	The Italian Job	310	0	0	0	0	0	0	1	0	208	0	1	16	1	0	0	0	1	0	1	0	0	2	0	4	0	1	0	0	0	0	0	0	1	2	2	2	2	2	0	1	1	0	0
The Kendo - Ken no Hanamichi	The Kendo - Ken no Hanamichi	310	0	0	0	0	0	0	0	0	128	0	0	16	1	0	0	0	1	0	1	0	1	2	0	0	1	1	0	0	0	0	0	0	1	2	2	2	2	2	0	1	1	0	0
The King of Fighters 1995	The King of Fighters 1995	310	0	0	0	0	0	0	0	0	0	1	0	16	1	0	0	0	1	0	1	0	0	2	0	1	1	1	0	0	0	0	0	0	1	2	0	0	0	0	0	0	0	0	0
The King of Fighters 1999	The King of Fighters 1999	310	0	0	0	0	0	0	0	0	0	1	1	16	1	0	0	0	1	0	1	0	0	2	0	1	1	1	0	0	0	0	0	0	1	2	2	2	2	2	0	1	1	0	0
The Last Blade	The Last Blade	310	0	0	0	0	0	0	0	0	0	1	0	16	1	0	0	0	1	0	1	0	1	2	0	4	0	1	0	0	0	0	0	0	1	2	0	0	0	0	0	0	0	0	0
The Last Report	The Last Report	310	0	0	0	0	0	0	0	0	0	1	1	16	1	0	0	0	1	0	1	0	1	2	0	3	1	0	0	0	0	0	0	0	1	0	2	2	2	2	0	1	1	0	0
The Lion King - Mighty Adventure	The Lion King - Mighty Adventure	310	0	0	0	0	1	0	0	0	128	0	0	16	1	0	0	0	1	1	1	0	0	2	0	4	0	1	0	0	0	0	0	0	1	2	2	2	2	2	0	1	1	0	0
The Little Mermaid II	The Little Mermaid II	310	0	0	0	0	0	0	0	0	128	0	0	16	1	0	0	0	1	1	1	0	0	2	0	2	0	1	0	0	0	0	0	0	1	2	2	2	2	2	0	1	1	0	0
The Master's Fighter	The Master's Fighter	310	0	0	0	0	0	0	0	0	128	0	0	16	1	0	0	0	1	0	1	0	1	2	0	4	1	1	0	0	0	0	0	0	1	2	0	0	0	0	0	0	0	0	0
The Maze	The Maze	310	0	0	0	0	0	0	0	0	128	0	0	16	1	0	0	0	1	0	1	0	0	2	0	1	1	1	0	0	0	0	0	0	1	2	2	2	2	2	0	1	1	0	0
The Mummy	The Mummy	310	0	0	0	0	0	0	0	0	128	0	0	16	1	0	0	0	1	0	1	0	1	2	0	4	2	1	0	0	0	0	0	0	1	2	2	2	2	2	0	1	1	0	0
The Need for Speed - Porsche	The Need for Speed - Porsche	310	0	0	0	0	0	0	0	0	0	1	1	16	1	0	0	0	1	0	1	0	2	2	0	4	3	0	0	0	0	0	0	0	1	0	2	2	2	2	0	1	1	0	0
The Need for Speed II	The Need for Speed II	310	0	0	0	0	0	0	0	0	128	0	0	16	1	0	0	0	1	0	1	0	1	2	0	1	1	1	0	0	0	0	0	0	1	2	0	0	0	0	0	0	0	0	0
The Need for Speed III - Hot Pursuit	The Need for Speed III - Hot Pursuit	310	0	0	0	0	0	0	0	0	136	0	0	16	1	0	0	0	1	0	1	0	1	2	0	1	0	1	0	0	0	0	0	0	1	2	0	0	0	0	0	0	0	0	0
The Need for Speed IV - Complete	The Need for Speed IV - Complete	310	0	0	0	0	1	0	0	0	144	0	0	16	1	0	0	0	1	0	1	0	0	2	0	4	0	1	0	0	0	0	0	0	1	2	2	2	2	2	0	1	1	0	0
The Need for Speed IV - Road Challenge	The Need for Speed IV - Road Challenge	270	0	0	0	0	1	0	0	0	216	0	0	16	1	0	0	0	1	0	1	0	1	1	0	3	1	0	0	0	0	0	0	0	1	2	2	2	2	2	0	1	1	0	0
The Need for Speed IV	The Need for Speed IV	310	0	0	0	0	1	0	0	0	0	1	1	16	1	0	0	0	1	0	1	0	0	2	0	4	0	1	0	0	0	0	0	0	1	2	2	2	2	2	0	1	1	0	0
The Need for Speed V - Porsche	The Need for Speed V - Porsche	310	0	0	0	0	0	0	0	0	136	0	0	16	1	0	0	0	1	0	1	0	0	2	0	1	0	1	0	0	0	0	0	0	1	2	2	2	2	2	0	1	1	0	0
The Need for Speed	The Need for Speed	310	0	0	0	0	0	0	0	0	128	0	0	16	1	0	0	0	1	0	1	0	1	2	0	0	0	1	0	0	0	0	0	0	1	2	0	0	0	0	0	0	0	0	0
The Next Tetris	The Next Tetris	310	0	0	0	0	0	0	0	0	128	0	0	16	1	0	0	0	1	0	1	0	1	2	0	4	1	1	0	0	0	0	0	0	1	2	2	2	2	2	0	1	1	0	0
The Note	The Note	310	0	0	0	0	0	0	0	0	0	1	1	16	1	0	0	0	1	0	1	0	1	2	0	3	0	1	0	0	0	0	0	0	1	2	0	0	0	0	0	0	0	0	0
The Pinball 3D	The Pinball 3D	310	0	0	0	0	0	0	0	0	0	1	0	16	1	0	0	0	1	0	1	0	1	2	0	1	0	1	0	0	0	0	0	0	1	2	2	2	2	2	0	1	1	0	0
The Shooting	The Shooting	310	0	0	0	0	0	0	0	0	0	1	1	16	1	0	0	0	1	0	1	0	2	2	0	4	3	0	0	0	0	0	0	0	1	0	2	2	2	2	0	1	1	0	0
The Smurfs	The Smurfs	310	0	0	0	0	0	0	0	0	128	0	0	16	1	0	0	0	1	0	1	0	1	2	0	0	0	1	0	0	0	0	0	0	1	2	2	2	2	2	0	1	1	0	0
The Sniper	The Sniper	310	0	0	0	0	0	0	0	0	8	1	1	16	1	0	0	0	1	0	1	0	0	2	0	1	0	1	0	0	0	0	0	0	1	2	2	2	2	2	0	1	1	0	0
The Suiei	The Suiei	310	0	0	0	0	0	0	0	0	128	0	1	16	1	0	0	0	1	0	1	0	0	2	0	0	1	1	0	0	0	0	0	0	1	2	2	2	2	2	0	1	1	0	0
The Sumo	The Sumo	310	0	0	0	0	0	0	0	0	128	0	0	16	1	0	0	0	1	0	1	0	0	2	0	1	1	1	0	0	0	0	0	0	1	2	0	0	0	0	0	0	0	0	0
The Table Hockey	The Table Hockey	310	0	0	0	0	0	0	0	0	0	1	1	16	1	0	0	0	1	0	1	0	0	2	0	4	0	1	0	0	0	0	0	0	1	2	2	2	2	2	0	1	1	0	0
The Takkyuu	The Takkyuu	310	0	0	0	0	0	0	0	0	0	1	1	16	1	0	0	0	1	0	1	0	0	2	0	4	0	1	0	0	0	0	0	0	1	2	2	2	2	2	0	1	1	0	0
The Three Stooges	The Three Stooges	310	0	0	0	0	0	0	0	0	128	0	0	16	1	0	0	0	1	0	1	0	1	2	0	0	1	1	0	0	0	0	0	0	1	2	2	2	2	2	0	1	1	0	0
The Unholy War	The Unholy War	310	0	0	0	0	0	0	0	0	192	0	1	16	1	0	0	0	1	0	1	0	1	2	0	0	1	0	0	0	0	0	0	0	1	2	2	2	2	2	0	1	1	0	0
The War of the Worlds	The War of the Worlds	310	0	0	0	0	0	0	0	0	192	0	1	16	1	0	0	0	1	0	1	0	1	2	0	3	1	0	0	0	0	0	0	0	1	0	2	2	2	2	0	1	1	0	0
The Weakest Link	The Weakest Link	310	0	0	0	0	0	0	0	0	72	1	1	16	1	0	0	0	1	0	1	0	0	2	0	2	0	1	0	0	0	0	0	0	1	2	2	2	2	2	0	1	1	0	0
Theme Hospital	Theme Hospital	310	0	0	0	0	0	0	0	0	0	1	1	16	1	0	0	0	1	0	1	0	1	2	0	1	2	1	0	0	0	0	0	0	1	2	0	0	0	0	0	0	0	0	0
Theme Park World	Theme Park World	310	0	0	0	0	0	0	0	0	0	1	1	16	1	0	0	0	1	0	1	0	0	2	0	3	0	1	0	0	0	0	0	0	1	2	2	2	2	2	0	1	1	0	0
Theme Park	Theme Park	310	0	0	0	0	0	0	0	0	128	0	0	16	1	0	0	0	1	0	1	0	1	2	0	3	2	1	0	0	0	0	0	0	1	2	0	0	0	0	0	1	1	0	0
They're Here!	They're Here!	306	0	0	0	0	0	0	0	0	0	1	1	16	1	0	0	0	1	0	1	0	2	2	0	3	1	0	0	0	0	0	0	0	1	0	0	0	0	0	0	0	0	0	0
Thousand Arms (Disc 1)	Thousand Arms (Disc 1)	310	1	0	0	0	0	0	0	0	128	0	0	16	1	0	0	0	1	1	1	0	1	2	0	1	2	1	0	0	0	0	0	0	1	2	0	0	0	0	0	0	0	0	0
Thousand Arms (Disc 2)	Thousand Arms (Disc 2)	310	1	0	0	0	0	0	0	0	128	0	0	16	1	0	0	0	1	1	1	0	1	2	0	1	2	1	0	0	0	0	0	0	1	2	0	0	0	0	0	0	0	0	0
Thrasher - Skate and Destroy	Thrasher - Skate and Destroy	306	0	0	0	0	0	0	0	0	0	1	1	16	1	0	0	0	1	0	1	0	2	2	0	4	1	0	0	0	0	0	0	0	1	0	2	2	2	2	0	1	1	0	0
Threads of Fate	Threads of Fate	310	0	0	0	0	0	0	0	0	128	0	1	16	1	0	0	0	1	0	1	0	0	0	0	3	2	1	0	0	0	0	0	0	1	2	2	2	2	2	0	1	1	0	0
Thrill Kill	Thrill Kill	310	0	0	0	0	0	0	0	0	128	0	0	16	1	0	0	0	1	0	1	0	0	2	0	0	0	1	0	0	0	0	0	0	1	2	2	2	2	2	1	1	1	0	0
Thunder Force V - Perfect System	Thunder Force V - Perfect System	306	0	0	0	0	0	0	0	0	128	0	1	16	1	0	0	0	1	0	1	0	1	2	0	4	0	0	0	0	0	0	0	0	1	2	2	2	2	2	0	1	1	0	0
Thunder Storm	Thunder Storm	310	0	0	0	0	0	0	0	0	128	0	0	16	1	0	0	0	1	0	1	0	1	2	0	2	1	1	0	0	0	0	0	0	1	2	0	0	0	0	0	0	0	0	0
Thunder Truck Rally	Thunder Truck Rally	310	0	0	0	0	1	0	0	0	0	1	1	16	1	0	0	0	1	0	1	0	1	2	0	5	0	1	0	0	0	0	0	0	1	2	0	0	0	0	0	0	0	0	0
Tiger Woods PGA Golf	Tiger Woods PGA Golf	310	0	0	0	0	0	0	0	0	128	0	0	16	1	0	0	0	1	0	1	0	0	2	0	0	0	1	0	0	0	0	0	0	1	0	0	0	0	0	0	0	0	0	0
Tigershark	Tigershark	310	0	0	0	0	0	0	0	0	128	0	0	16	1	0	0	0	1	0	1	0	1	2	0	1	1	1	0	0	0	0	0	0	1	2	0	0	0	0	0	0	0	0	0
Tilt!	Tilt!	310	0	0	0	0	0	0	0	0	128	0	0	16	1	0	0	0	1	0	1	0	1	2	0	3	1	0	0	0	0	0	0	0	1	0	0	0	0	0	0	0	0	0	0
Time Commando	Time Commando	310	0	0	0	0	0	0	0	0	0	1	1	16	1	0	0	0	1	0	1	0	1	2	0	3	1	0	0	0	0	0	0	0	1	2	0	0	0	0	0	0	0	0	0
Time Crisis - Project Titan	Time Crisis - Project Titan	310	0	0	0	0	0	0	0	0	0	1	1	16	1	0	0	0	1	0	1	0	0	2	0	4	0	1	0	0	0	0	0	0	1	2	2	2	2	2	0	1	1	0	0
Time Crisis	Time Crisis	310	0	0	0	0	0	0	0	0	128	0	0	16	1	0	0	0	1	0	1	0	1	2	0	4	1	1	0	0	0	0	0	0	1	2	0	0	0	0	0	0	0	0	0
Time Gal	Time Gal	310	0	0	0	0	0	0	0	0	0	1	1	16	1	0	0	0	1	0	1	0	1	2	0	4	1	1	0	0	0	0	0	0	1	2	0	0	0	0	0	0	0	0	0
Tintin - Destination Adventure	Tintin - Destination Adventure	306	0	0	0	0	1	0	0	0	128	0	1	16	1	0	0	0	1	0	1	0	1	2	0	3	1	0	0	0	0	0	0	0	1	2	2	2	2	2	0	1	1	0	0
Tiny Bullets	Tiny Bullets	310	0	0	0	0	0	0	0	0	128	0	0	16	1	0	0	0	1	0	1	0	1	2	0	4	0	1	0	0	0	0	0	0	1	2	2	2	2	2	0	1	1	0	0
Tiny Tank	Tiny Tank	310	0	0	0	0	1	0	0	0	24	1	1	16	1	0	0	0	1	0	1	0	0	0	0	5	0	1	0	0	0	0	0	0	1	2	2	2	2	2	0	1	1	0	0
Tiny Toon Adventures - Great Beanstalk	Tiny Toon Adventures - Great Beanstalk	310	0	0	0	0	0	0	0	0	0	1	1	16	1	0	0	0	1	0	1	0	2	2	0	0	1	1	0	0	0	0	0	0	1	0	0	0	0	0	0	0	0	0	0
Tiny Toon Adventures - PBA	Tiny Toon Adventures - PBA	310	0	0	0	0	0	0	0	0	0	1	1	16	1	0	0	0	1	0	1	0	0	2	0	2	0	1	0	0	0	0	0	0	1	2	2	2	2	2	0	1	1	0	0
Tiny Toon Adventures - Toonenstein	Tiny Toon Adventures - Toonenstein	310	0	0	0	0	0	0	0	0	0	1	1	16	1	0	0	0	1	0	1	0	2	2	0	4	1	1	0	0	0	0	0	0	1	0	2	2	2	2	0	1	1	0	0
Titan A.E. (Demo)	Titan A.E. (Demo)	310	0	0	0	0	0	0	0	0	128	0	1	16	1	0	0	0	1	0	1	0	1	2	0	0	0	1	0	0	0	0	0	0	1	2	2	2	2	2	0	1	1	0	0
Titan Wars	Titan Wars	310	0	0	0	0	0	0	0	0	128	0	0	16	1	0	0	0	1	0	1	0	1	2	0	0	1	0	0	0	0	0	0	0	1	2	0	0	0	0	0	0	0	0	0
TNN Motorsports HardCore TR	TNN Motorsports HardCore TR	310	0	0	0	0	0	0	0	0	0	1	1	16	1	0	0	0	1	0	1	0	1	2	0	4	0	0	0	0	0	0	0	0	1	2	2	2	2	2	0	1	1	0	0
Toaplan Shooting Battle 1	Toaplan Shooting Battle 1	310	0	0	0	0	0	0	0	0	128	0	0	16	1	0	0	0	1	0	1	0	1	2	0	3	1	0	0	0	0	0	0	0	1	0	0	0	0	0	0	0	0	0	0
Tobal 2	Tobal 2	310	0	0	0	0	0	0	0	0	64	1	0	16	1	0	0	0	1	0	1	0	0	1	0	0	0	1	0	0	0	0	0	0	1	2	2	2	2	2	0	1	1	0	0
Tobal No. 1	Tobal No. 1	310	0	0	0	0	0	0	0	0	0	1	0	16	1	0	0	0	1	0	1	0	1	2	0	1	1	0	0	0	0	0	0	0	1	0	0	0	0	0	0	0	0	0	0
TOCA 2 Touring Cars	TOCA 2 Touring Cars	310	0	0	0	0	0	0	0	0	0	1	1	16	1	0	0	0	1	0	1	0	1	2	0	4	3	0	0	0	0	0	0	0	1	0	2	2	2	2	0	1	1	0	0
TOCA 3 World Touring Cars	TOCA 3 World Touring Cars	310	0	0	0	0	0	0	0	0	0	0	0	16	1	0	0	0	1	0	1	0	0	2	0	0	0	0	0	0	0	0	0	0	1	2	0	0	0	0	0	0	0	0	0
TOCA Touring Cars	TOCA Touring Cars	310	0	0	0	0	0	0	0	0	0	1	1	16	1	0	0	0	1	0	1	0	0	2	0	4	0	0	0	0	0	0	0	0	1	0	2	2	2	2	0	1	1	0	0
Tokimeki Memorial - Puzzle Dama	Tokimeki Memorial - Puzzle Dama	310	0	0	0	0	0	0	0	0	128	0	0	16	1	0	0	0	1	0	1	0	1	2	0	0	1	1	0	0	0	0	0	0	1	2	0	0	0	0	0	0	0	0	0
Tokimeki Memorial	Tokimeki Memorial	310	0	0	0	0	0	0	0	0	128	0	0	16	1	0	0	0	1	0	1	0	1	2	0	1	1	1	0	0	0	0	0	0	1	2	0	0	0	0	0	0	0	0	0
Toko Toko Trouble - Chikyuu Itadaki	Toko Toko Trouble - Chikyuu Itadaki	310	0	0	0	0	0	0	0	0	128	0	0	16	1	0	0	0	1	0	1	0	1	2	0	0	1	1	0	0	0	0	0	0	1	2	0	0	0	0	0	0	0	0	0
Tokyo 23-ku - Seifuku-Wars	Tokyo 23-ku - Seifuku-Wars	310	0	0	0	0	0	0	0	0	128	0	0	16	1	0	0	0	1	0	1	0	1	2	0	1	1	1	0	0	0	0	0	0	1	2	0	0	0	0	0	0	0	0	0
Tokyo Dungeon	Tokyo Dungeon	310	0	0	0	0	0	0	0	0	0	1	1	16	1	0	0	0	1	0	1	0	0	2	0	5	0	1	0	0	0	0	0	0	1	2	0	0	0	0	0	0	0	0	0
Tokyo Highway Battle	Tokyo Highway Battle	310	0	0	0	0	0	0	0	0	192	0	1	16	1	0	0	0	1	0	1	0	1	2	0	4	1	1	0	0	0	0	0	0	1	2	0	0	0	0	0	0	0	0	0
Tom and Jerry in House Trap	Tom and Jerry in House Trap	310	0	0	0	0	0	0	0	0	128	0	0	16	1	0	0	0	1	0	1	0	0	2	0	1	1	1	0	0	0	0	0	0	1	2	2	2	2	2	0	1	1	0	0
Tom Clancy's Rainbow Six LW	Tom Clancy's Rainbow Six LW	310	0	0	0	0	0	0	0	0	0	1	1	16	1	0	0	0	1	0	1	0	0	2	0	4	3	0	0	0	0	0	0	0	1	2	2	2	2	2	0	1	1	0	0
Tom Clancy's Rainbow Six RS	Tom Clancy's Rainbow Six RS	310	0	0	0	0	0	0	0	0	0	1	1	16	1	0	0	0	1	0	1	0	0	2	0	4	1	0	0	0	0	0	0	0	1	2	2	2	2	2	0	1	1	0	0
Tom Clancy's Rainbow Six	Tom Clancy's Rainbow Six	310	0	0	0	0	0	0	0	0	0	1	1	16	1	0	0	0	1	0	1	0	1	2	0	4	1	0	0	0	0	0	0	0	1	0	2	2	2	2	0	1	1	0	0
Tomarunner vs L'Arc-en-Ciel	Tomarunner vs L'Arc-en-Ciel	310	0	0	0	0	0	0	0	0	128	0	1	16	1	0	0	0	1	0	1	0	1	2	0	1	1	1	0	0	0	0	0	0	1	2	2	2	2	2	0	1	1	0	0
Tomb Raider - Prototype (E3 1996)	Tomb Raider - Prototype (E3 1996)	310	0	0	0	0	0	0	0	0	128	0	1	16	1	0	0	0	1	0	1	0	0	0	0	4	0	1	0	0	0	0	0	0	1	2	0	0	0	0	0	0	0	0	0
Tomb Raider - Unfinished Business	Tomb Raider - Unfinished Business	310	0	0	0	0	0	0	0	0	128	0	0	16	1	0	0	0	1	0	1	0	0	2	0	1	1	1	0	0	0	0	0	0	1	2	0	0	0	0	0	0	0	0	0
Tomb Raider II - Golden Mask	Tomb Raider II - Golden Mask	270	0	0	0	0	0	0	0	0	0	0	0	16	1	0	0	0	1	0	1	0	1	2	0	3	1	1	0	0	0	0	0	0	1	2	0	0	0	0	0	0	0	0	0
Tomb Raider II - The Golden Mask	Tomb Raider II - The Golden Mask	310	0	0	0	0	0	0	0	0	128	0	1	16	1	0	0	0	1	0	1	0	1	2	0	1	1	1	0	0	0	0	0	0	1	2	0	0	0	0	0	0	0	0	0
Tomb Raider II	Tomb Raider II	310	0	0	0	0	0	0	0	0	128	0	1	16	1	0	0	0	1	0	1	0	1	2	0	1	0	1	0	0	0	0	0	0	1	2	0	0	0	0	0	1	1	0	0
Tomb Raider III (Beta Demo)	Tomb Raider III (Beta Demo)	270	0	0	0	0	0	0	0	0	192	0	1	16	1	0	0	0	1	0	1	0	1	1	0	3	2	1	0	0	0	0	0	0	1	2	2	2	2	2	0	1	1	0	0
Tomb Raider III	Tomb Raider III	310	0	0	0	0	0	0	0	0	128	0	1	16	1	0	0	0	1	0	1	0	1	2	0	0	0	1	0	0	0	0	0	0	1	2	2	2	2	2	0	1	1	0	0
Tomb Raider IV - The Times	Tomb Raider IV - The Times	310	1	0	0	0	1	0	0	0	8	1	1	16	1	0	0	0	1	0	1	0	0	0	0	1	0	1	0	0	0	0	0	0	1	2	2	2	2	2	0	1	1	0	0
Tomb Raider IV	Tomb Raider IV	310	0	0	0	0	1	0	0	0	24	1	1	16	1	0	0	0	1	0	1	0	0	2	0	5	0	1	0	0	0	0	0	0	1	2	2	2	2	2	0	1	1	0	0
Tomb Raider V - Chronicles	Tomb Raider V - Chronicles	310	0	0	0	0	0	0	0	0	0	1	1	16	1	0	0	0	1	0	1	0	1	2	0	4	1	1	0	0	0	0	0	0	1	2	2	2	2	2	0	1	1	0	0
Tomb Raider	Tomb Raider	310	0	0	0	0	0	0	0	0	0	1	1	16	1	0	0	0	1	0	1	0	1	2	0	4	0	1	0	0	0	0	0	0	1	2	0	0	0	0	0	1	1	0	0
Tomba!	Tomba!	310	0	0	0	0	1	0	0	0	64	1	1	16	1	0	0	0	1	1	1	0	0	2	0	0	0	1	0	0	0	0	0	0	1	2	2	2	2	2	0	1	1	0	0
Tommi Maekinen Rally	Tommi Maekinen Rally	310	0	0	0	0	1	0	0	0	128	1	0	16	1	0	0	0	1	0	1	0	2	2	0	4	3	1	0	0	0	0	0	0	1	2	0	0	0	0	0	0	0	0	0
Tommi Makinen Rally	Tommi Makinen Rally	310	0	0	0	0	0	0	0	0	128	0	0	16	1	0	0	0	1	0	1	0	0	2	0	0	0	1	0	0	0	0	0	0	1	2	0	0	0	0	0	0	0	0	0
Tonde! Tonde! Diet	Tonde! Tonde! Diet	310	0	0	0	0	0	0	0	0	128	0	1	16	1	0	0	0	1	0	1	0	1	2	0	0	1	1	0	0	0	0	0	0	1	2	0	0	0	0	0	0	0	0	0
Tonka Space Station	Tonka Space Station	310	0	0	0	0	0	0	0	0	128	0	0	16	1	0	0	0	1	0	1	0	0	2	0	1	0	1	0	0	0	0	0	0	1	2	2	2	2	2	0	1	1	0	0
Tony Hawk's Pro Skater 2	Tony Hawk's Pro Skater 2	310	0	0	0	0	0	0	0	0	0	1	1	16	1	0	0	0	1	0	1	0	2	2	0	4	3	1	0	0	0	0	0	0	1	0	2	2	2	2	0	1	1	0	0
Tony Hawk's Pro Skater 3	Tony Hawk's Pro Skater 3	310	0	0	0	0	0	0	0	0	0	1	1	16	1	0	0	0	1	0	1	0	2	2	0	4	3	1	0	0	0	0	0	0	1	0	2	2	2	2	0	1	1	0	0
Tony Hawk's Pro Skater 4	Tony Hawk's Pro Skater 4	310	0	0	0	0	0	0	0	0	0	1	1	16	1	0	0	0	1	0	1	0	2	2	0	4	3	1	0	0	0	0	0	0	1	0	2	2	2	2	0	1	1	0	0
Tony Hawk's Pro Skater	Tony Hawk's Pro Skater	310	0	0	0	0	1	0	0	0	0	0	0	16	1	0	0	0	1	0	1	0	0	2	0	4	3	1	0	0	0	0	0	0	1	2	2	2	2	2	0	1	1	0	0
Tony Hawk's Skateboarding	Tony Hawk's Skateboarding	306	0	0	0	0	1	0	0	0	0	0	0	16	0	0	0	0	1	0	1	0	2	0	0	5	1	1	0	0	0	0	0	0	1	0	2	2	2	2	0	1	1	0	0
Tonzura-kun	Tonzura-kun	310	0	0	0	0	0	0	0	0	0	1	1	16	1	0	0	0	1	0	1	0	1	2	0	1	0	1	0	0	0	0	0	0	1	2	0	0	0	0	0	0	0	0	0
Top Gun - Fire at Will	Top Gun - Fire at Will	310	0	0	0	0	0	0	0	0	128	0	0	16	1	0	0	0	1	0	1	0	1	2	0	0	1	0	0	0	0	0	0	0	1	2	0	0	0	0	0	0	0	0	0
Top Shop	Top Shop	310	0	0	0	0	0	0	0	0	0	1	1	16	1	0	0	0	1	0	1	0	1	2	0	3	1	1	0	0	0	0	0	0	1	2	0	0	0	0	1	0	0	0	0
ToPoLo	ToPoLo	310	0	0	0	0	0	0	0	0	128	0	1	16	1	0	0	0	1	0	1	0	1	2	0	0	1	1	0	0	0	0	0	0	1	2	0	0	0	0	0	0	0	0	0
Torc - Legend of the Ogre King	Torc - Legend of the Ogre King	310	0	0	0	0	0	0	0	0	128	0	1	16	1	0	0	0	1	0	1	0	1	2	0	3	2	1	0	0	0	0	0	0	1	2	0	0	0	0	0	0	0	0	0
Torneko - The Last Hope	Torneko - The Last Hope	310	0	0	0	0	0	0	0	0	0	1	1	16	1	0	0	0	1	0	1	0	1	2	0	1	1	0	0	0	0	0	0	0	1	2	2	2	2	2	0	1	1	0	0
Total Drivin	Total Drivin	310	0	0	0	0	0	0	0	0	192	1	0	16	1	0	0	0	1	0	1	0	0	2	0	4	0	1	0	0	0	0	0	0	1	2	0	0	0	0	0	0	0	0	0
Total Eclipse Turbo	Total Eclipse Turbo	310	0	0	0	0	0	0	0	0	128	0	1	16	1	0	0	0	1	0	1	0	1	2	0	3	1	0	0	0	0	0	0	0	1	0	0	0	0	0	0	0	0	0	0
Touki Denshou - Angel Eyes	Touki Denshou - Angel Eyes	310	0	0	0	0	0	0	0	0	0	0	0	16	1	0	0	0	1	0	1	0	1	2	0	4	1	0	0	0	0	0	0	0	1	0	0	0	0	0	0	0	0	0	0
Tournament Leader	Tournament Leader	310	0	0	0	0	0	0	0	0	128	0	0	16	1	0	0	0	1	0	1	0	1	2	0	1	1	1	0	0	0	0	0	0	1	2	0	0	0	0	0	0	0	0	0
Transport Tycoon	Transport Tycoon	310	0	0	0	0	0	0	0	0	128	0	0	16	1	0	0	0	1	0	1	0	1	2	0	1	1	0	0	0	0	0	0	0	1	2	0	0	0	0	0	0	0	0	0
Trap Gunner	Trap Gunner	310	0	0	0	0	0	0	0	0	128	0	1	16	1	0	0	0	1	0	1	0	0	2	0	0	1	1	0	0	0	0	0	0	1	2	0	0	0	0	0	0	0	0	0
Trash It	Trash It	310	0	0	0	0	0	0	0	0	0	1	1	16	1	0	0	0	1	0	1	0	1	2	0	3	1	0	0	0	0	0	0	0	1	0	0	0	0	0	1	0	0	0	0
Treasure Planet	Treasure Planet	310	0	0	0	0	0	0	0	0	128	0	1	16	1	0	0	0	1	0	1	0	0	2	0	4	0	0	0	0	0	0	0	0	1	2	2	2	2	2	0	1	1	0	0
Treasures of the Deep	Treasures of the Deep	310	0	0	0	0	0	0	0	0	136	0	0	16	1	0	0	0	1	0	1	0	0	2	0	0	0	1	0	0	0	0	0	0	1	2	2	2	2	2	0	1	1	0	0
Tribal (Prototype)	Tribal (Prototype)	310	0	0	0	0	0	0	0	0	128	0	1	16	1	0	0	0	1	0	1	0	1	2	0	1	1	1	0	0	0	0	0	0	1	2	2	2	2	2	1	0	0	0	0
Trick'n Snowboarder	Trick'n Snowboarder	310	0	0	0	0	0	0	0	0	0	1	1	16	1	0	0	0	1	0	1	0	0	2	0	4	0	1	0	0	0	0	0	0	1	2	2	2	2	2	0	1	1	0	0
Trickshot	Trickshot	310	0	0	0	0	0	0	0	0	0	1	1	16	1	0	0	0	1	0	1	0	1	2	0	0	1	0	0	0	0	0	0	0	1	2	2	2	2	2	0	1	1	0	0
Triple Play Baseball 1997	Triple Play Baseball 1997	310	0	0	0	0	0	0	0	0	128	0	0	16	1	0	0	0	1	1	1	0	1	2	0	1	0	1	0	0	0	0	0	0	1	2	0	0	0	0	0	0	0	0	0
Triple Play Baseball 1998	Triple Play Baseball 1998	310	0	0	0	0	0	0	0	0	128	0	0	16	1	0	0	0	1	0	1	0	0	2	0	1	0	1	0	0	0	0	0	0	1	2	0	0	0	0	0	0	0	0	0
Triple Play Baseball 2001	Triple Play Baseball 2001	310	0	0	0	0	1	0	0	0	128	0	0	16	1	0	0	0	1	1	1	0	0	2	0	1	0	1	0	0	0	0	0	0	1	2	2	2	2	2	0	1	1	0	0
Triple Play Baseball	Triple Play Baseball	310	0	0	0	0	0	0	0	0	128	0	1	16	1	0	0	0	1	0	1	0	1	2	0	1	0	1	0	0	0	0	0	0	1	2	0	0	0	0	0	0	0	0	0
Tripuzz	Tripuzz	310	0	0	0	0	0	0	0	0	128	0	0	16	1	0	0	0	1	0	1	0	1	2	0	1	1	1	0	0	0	0	0	0	1	2	0	0	0	0	0	0	0	0	0
TRL - The Rail Loaders	TRL - The Rail Loaders	310	0	0	0	0	0	0	0	0	128	0	0	16	1	0	0	0	1	0	1	0	0	2	0	0	0	1	0	0	0	0	0	0	1	2	0	0	0	0	0	0	0	0	0
Truck Rally	Truck Rally	310	0	0	0	0	0	0	0	0	128	0	0	16	1	0	0	0	1	0	1	0	0	2	0	1	0	1	0	0	0	0	0	0	1	2	2	2	2	2	0	1	1	0	0
True Pinball	True Pinball	310	0	0	0	0	0	0	0	0	128	0	1	16	1	0	0	0	1	0	1	0	1	2	0	3	1	0	0	0	0	0	0	0	1	0	0	0	0	0	0	0	0	0	0
Tsumu Light	Tsumu Light	310	0	0	0	0	0	0	0	0	128	0	1	16	1	0	0	0	1	0	1	0	1	2	0	2	1	1	0	0	0	0	0	0	1	2	0	0	0	0	0	0	0	0	0
Tsumu	Tsumu	310	0	0	0	0	0	0	0	0	128	0	1	16	1	0	0	0	1	0	1	0	1	2	0	2	1	1	0	0	0	0	0	0	1	2	0	0	0	0	0	0	0	0	0
TsunTsun-gumi 3	TsunTsun-gumi 3	310	0	0	0	0	0	0	0	0	0	1	1	16	1	0	0	0	1	0	1	0	1	2	0	0	1	1	0	0	0	0	0	0	1	2	0	0	0	0	0	0	0	0	0
Tsuukai - Slot Shooting	Tsuukai - Slot Shooting	310	0	0	0	0	0	0	0	0	128	0	0	16	1	0	0	0	1	0	1	0	1	2	0	1	1	1	0	0	0	0	0	0	1	2	0	0	0	0	0	0	0	0	0
Tunguska - Legend of Faith	Tunguska - Legend of Faith	306	0	0	0	0	0	0	0	0	0	1	1	16	1	0	0	0	1	0	1	0	2	2	0	3	2	0	0	0	0	0	0	0	1	0	2	2	2	2	0	1	1	0	0
Tunnel B1	Tunnel B1	310	0	0	0	0	0	0	0	0	128	0	0	16	1	0	0	0	1	0	1	0	1	2	0	3	2	1	0	0	0	0	0	0	1	2	0	0	0	0	0	1	1	0	0
Turnabout	Turnabout	310	0	0	0	0	0	0	0	0	128	0	0	16	1	0	0	0	1	0	1	0	1	2	0	3	1	0	0	0	0	0	0	0	1	0	0	0	0	0	0	0	0	0	0
Twin Goddesses	Twin Goddesses	310	0	0	0	0	0	0	1	0	128	0	0	16	1	0	0	0	1	0	1	0	1	2	0	4	2	1	0	0	0	0	0	0	1	2	0	0	0	0	0	0	0	0	0
Twinbee Deluxe Pack	Twinbee Deluxe Pack	310	0	0	0	0	0	0	0	0	0	0	0	16	1	0	0	0	1	0	1	0	2	2	0	3	1	0	0	0	0	0	0	0	1	0	0	0	0	0	0	0	0	0	0
Twisted Metal (Prototype)	Twisted Metal (Prototype)	310	0	0	0	0	1	0	0	0	128	0	1	16	1	0	0	0	1	0	1	0	1	2	0	4	2	1	0	0	0	0	0	0	1	2	0	0	0	0	0	0	0	0	0
Twisted Metal - Small Brawl	Twisted Metal - Small Brawl	310	0	0	0	0	0	0	0	0	0	0	1	16	1	0	0	0	1	0	1	0	0	2	0	4	3	1	0	0	0	0	0	0	1	2	2	2	2	2	0	1	1	0	0
Twisted Metal - World Tour	Twisted Metal - World Tour	310	0	0	0	0	0	0	0	0	0	0	0	16	1	0	0	0	1	0	1	0	1	2	0	1	1	1	0	0	0	0	0	0	1	2	0	0	0	0	0	0	0	0	0
Twisted Metal 2 (Beta)	Twisted Metal 2 (Beta)	310	0	0	0	0	0	0	0	0	128	0	0	16	1	0	0	0	1	0	1	0	1	2	0	1	0	1	0	0	0	0	0	0	1	2	0	0	0	0	0	1	1	0	0
Twisted Metal 2	Twisted Metal 2	310	0	0	0	0	0	0	0	0	128	0	0	16	1	0	0	0	1	0	1	0	1	2	0	1	0	1	0	0	0	0	0	0	1	2	0	0	0	0	0	0	0	0	0
Twisted Metal 3	Twisted Metal 3	310	0	0	0	0	0	0	0	0	128	0	1	16	1	0	0	0	1	0	1	0	1	2	0	4	0	1	0	0	0	0	0	0	1	2	2	2	2	2	0	1	1	0	0
Twisted Metal 4	Twisted Metal 4	310	0	0	0	0	1	0	0	0	128	0	1	16	1	0	0	0	1	0	1	0	1	2	0	4	0	1	0	0	0	0	0	0	1	2	2	2	2	2	1	1	1	0	0
Twisted Metal	Twisted Metal	310	0	0	0	0	0	0	0	0	0	0	0	16	1	0	0	0	1	0	1	0	1	2	0	4	1	1	0	0	0	0	0	0	1	2	0	0	0	0	0	1	1	0	0
Two-Tenkaku	Two-Tenkaku	310	0	0	0	0	0	0	0	0	128	0	0	16	1	0	0	0	1	0	1	0	1	2	0	3	1	0	0	0	0	0	0	0	1	0	0	0	0	0	0	0	0	0	0
Tyco RC - Assault with a Battery	Tyco RC - Assault with a Battery	310	0	0	0	0	0	0	0	0	0	1	0	16	1	0	0	0	1	0	1	0	1	2	0	4	3	0	0	0	0	0	0	0	1	2	0	0	0	0	0	0	0	0	0
Ubik	Ubik	310	0	0	0	0	0	0	0	0	128	0	1	16	1	0	0	0	1	0	1	0	1	2	0	3	2	1	0	0	0	0	0	0	1	2	2	2	2	2	0	1	1	0	0
UEFA Challenge	UEFA Challenge	310	0	0	0	0	0	0	0	0	0	1	0	16	1	0	0	0	1	1	1	0	0	2	0	2	0	1	0	0	0	0	0	0	1	2	2	2	2	2	0	1	1	0	0
UEFA Champions League 1998-99	UEFA Champions League 1998-99	310	0	0	0	0	0	0	0	0	0	1	0	16	1	0	0	0	1	0	1	0	0	2	0	4	0	1	0	0	0	0	0	0	1	2	2	2	2	2	0	1	1	0	0
UEFA Striker	UEFA Striker	310	0	0	0	0	0	0	0	0	128	0	0	16	1	0	0	0	1	0	1	0	0	2	0	4	0	1	0	0	0	0	0	0	1	2	2	2	2	2	0	1	1	0	0
Ultima Underworld - Stygian Abyss	Ultima Underworld - Stygian Abyss	310	0	0	0	0	0	0	0	0	128	0	1	16	1	0	0	0	1	0	1	0	1	2	0	1	1	1	0	0	0	0	0	0	1	2	0	0	0	0	0	0	0	0	0
Ultimate Fighting Championship	Ultimate Fighting Championship	310	0	0	0	0	0	0	0	0	128	0	1	16	1	0	0	0	1	0	1	0	1	2	0	4	1	0	0	0	0	0	0	0	1	2	2	2	2	2	0	1	1	0	0
Ultraman - Fighting Evolution	Ultraman - Fighting Evolution	310	0	0	0	0	0	0	0	0	128	0	1	16	1	0	0	0	1	0	1	0	1	2	0	4	0	1	0	0	0	0	0	0	1	2	0	0	0	0	0	0	0	0	0
Ultraman - Tiga & Dyna	Ultraman - Tiga & Dyna	310	0	0	0	0	0	0	0	0	128	0	0	16	1	0	0	0	1	0	1	0	1	2	0	0	1	1	0	0	0	0	0	0	1	2	0	0	0	0	0	0	0	0	0
Um Jammer Lammy	Um Jammer Lammy	310	0	0	0	0	1	0	0	0	136	0	1	16	1	0	0	0	1	0	1	0	1	2	0	1	0	1	0	0	0	0	0	0	1	2	2	2	2	2	0	1	1	0	0
Umihara Kawase Shun (Second Edition)	Umihara Kawase Shun (Second Edition)	310	0	0	0	0	0	0	0	0	128	0	1	16	1	0	0	0	1	0	1	0	0	2	0	2	0	1	0	0	0	0	0	0	1	2	0	0	0	0	0	0	0	0	0
Unstack	Unstack	310	0	0	0	0	0	0	0	0	128	0	1	16	1	0	0	0	1	0	1	0	1	2	0	1	1	1	0	0	0	0	0	0	1	2	0	0	0	0	0	0	0	0	0
UPP	UPP	310	0	0	0	0	0	1	0	0	0	1	1	16	0	0	0	0	1	0	1	0	1	2	0	4	1	1	0	0	0	0	0	0	1	2	0	0	0	0	0	0	0	0	0
Uprising X	Uprising X	310	0	0	0	0	0	0	0	0	128	1	0	16	1	0	0	0	1	0	1	0	1	2	0	4	0	0	0	0	0	0	0	0	1	2	2	2	2	2	0	1	1	0	0
Urban Chaos	Urban Chaos	310	0	0	0	0	1	0	0	0	152	0	1	16	1	0	0	0	1	0	1	0	0	2	0	4	0	1	0	0	0	0	0	0	1	2	2	2	2	2	0	1	1	0	0
US Racer	US Racer	310	0	0	0	0	0	0	0	0	0	1	1	16	1	0	0	0	1	0	1	0	0	2	0	4	0	1	0	0	0	0	0	0	1	2	2	2	2	2	0	1	1	0	0
V-Ball - Beach Volley Heroes	V-Ball - Beach Volley Heroes	310	0	0	0	0	0	0	0	0	128	0	0	16	1	0	0	0	1	0	1	0	1	2	0	0	0	1	0	0	0	0	0	0	1	2	2	2	2	2	0	1	1	0	0
V-Rally - 97 Championship Edition	V-Rally - 97 Championship Edition	270	0	0	0	0	0	0	0	0	0	0	0	16	1	0	0	0	1	0	1	0	2	2	0	3	1	0	0	0	0	0	0	0	1	0	0	0	0	0	0	0	0	0	0
V-Rally 2	V-Rally 2	310	0	0	0	0	0	0	0	0	0	0	0	16	1	0	0	0	1	0	1	0	2	2	0	4	3	1	0	0	0	0	0	0	1	0	2	2	2	2	1	1	1	0	0
V-Rally	V-Rally	310	0	0	0	0	0	0	0	0	152	0	0	16	1	0	0	0	1	0	1	0	1	2	0	4	3	1	0	0	0	0	0	0	1	0	0	0	0	0	0	0	0	0	0
V-Tennis	V-Tennis	310	0	0	0	0	0	0	0	0	128	0	1	16	1	0	0	0	1	0	1	0	1	2	0	4	0	1	0	0	0	0	0	0	1	2	0	0	0	0	0	0	0	0	0
V2000	V2000	310	0	0	0	0	0	0	0	0	128	0	0	16	1	0	0	0	1	0	1	0	1	2	0	3	0	0	0	0	0	0	0	0	1	2	2	2	2	2	0	1	1	0	0
Vagrant Story	Vagrant Story	310	0	0	0	0	1	0	0	0	64	1	1	16	1	0	0	0	1	0	1	0	1	2	0	4	0	1	0	0	0	0	0	0	1	2	0	0	0	0	0	0	0	0	0
Valkyrie Profile (Disc 1)	Valkyrie Profile (Disc 1)	310	0	0	0	0	0	0	0	0	72	1	0	16	1	0	0	0	1	1	1	0	1	2	0	0	2	1	0	0	0	0	0	0	1	2	2	2	2	2	0	1	1	0	0
Valkyrie Profile (Disc 2)	Valkyrie Profile (Disc 2)	310	0	0	0	0	0	0	0	0	72	1	0	16	1	0	0	0	1	1	1	0	1	2	0	0	2	1	0	0	0	0	0	0	1	2	2	2	2	2	0	1	1	0	0
Vampir - Tales of Bloodsuckers	Vampir - Tales of Bloodsuckers	310	0	0	0	0	0	0	0	0	128	0	1	16	1	0	0	0	1	0	1	0	0	2	0	4	0	1	0	0	0	0	0	0	1	2	2	2	2	2	0	1	1	0	0
Vampire - Bloody Bride	Vampire - Bloody Bride	306	0	0	0	0	0	0	0	0	0	1	1	16	1	0	0	0	1	0	1	0	2	2	0	4	1	0	0	0	0	0	0	0	1	0	0	0	0	0	0	0	0	0	0
Vampire Hunter D	Vampire Hunter D	310	0	0	0	0	0	0	0	0	128	0	1	16	1	0	0	0	1	0	1	0	1	2	0	4	1	1	0	0	0	0	0	0	1	2	2	2	2	2	0	1	1	0	0
Vanark	Vanark	310	0	0	0	0	0	0	0	0	0	1	1	16	1	0	0	0	1	0	1	0	1	2	0	4	1	0	0	0	0	0	0	0	1	0	2	2	2	2	0	1	1	0	0
Vandal Hearts II	Vandal Hearts II	310	1	0	0	0	0	0	0	0	0	1	1	16	1	0	0	0	1	0	1	0	1	2	0	2	2	1	0	0	0	0	0	0	1	2	0	0	0	0	0	0	0	0	0
Vandal Hearts	Vandal Hearts	310	1	0	0	0	0	0	0	0	0	1	1	16	1	0	0	0	1	0	1	0	1	2	0	4	0	1	0	0	0	0	0	0	1	2	0	0	0	0	0	1	1	0	0
Vanguard Bandits	Vanguard Bandits	310	0	0	0	0	0	0	0	0	128	0	1	16	1	0	0	0	1	0	1	0	1	2	0	1	1	1	0	0	0	0	0	0	1	2	2	2	2	2	0	1	1	0	0
Vanishing Point	Vanishing Point	310	0	0	0	0	0	0	0	0	0	0	1	16	1	0	0	0	1	0	1	0	0	2	0	4	0	1	0	0	0	0	0	0	1	2	2	2	2	2	0	1	1	0	0
Vermin Kids	Vermin Kids	310	0	0	0	0	0	0	0	0	128	0	0	16	1	0	0	0	1	0	1	0	1	2	0	1	1	1	0	0	0	0	0	0	1	2	0	0	0	0	0	0	0	0	0
Versailles - Game of Intrigue	Versailles - Game of Intrigue	310	0	0	0	0	0	0	1	0	128	0	1	16	1	0	0	0	1	0	1	0	0	2	0	2	0	1	0	0	0	0	0	0	1	2	0	0	0	0	0	0	0	0	0
Vib-Ribbon	Vib-Ribbon	306	0	0	0	0	0	0	0	0	0	0	0	16	1	0	0	0	1	0	1	0	2	2	0	4	1	0	0	0	0	0	0	0	1	0	2	2	2	2	0	1	1	0	0
Viewpoint	Viewpoint	310	0	0	0	0	0	1	1	0	128	0	0	16	1	0	0	0	1	0	1	0	1	2	0	1	1	1	0	0	0	0	0	0	1	2	0	0	0	0	0	0	0	0	0
Vigilante 8 - 2nd Offense	Vigilante 8 - 2nd Offense	310	0	0	0	0	0	0	0	0	0	1	1	16	1	0	0	0	1	0	1	0	0	2	0	5	0	1	0	0	0	0	0	0	1	2	2	2	2	2	0	1	1	0	0
Vigilante 8	Vigilante 8	310	0	0	0	0	0	0	0	0	0	1	1	16	1	0	0	0	1	0	1	0	0	2	0	4	0	0	0	0	0	0	0	0	1	0	2	2	2	2	0	1	1	0	0
VIP	VIP	310	0	0	0	0	0	0	0	0	128	0	1	16	1	0	0	0	1	0	1	0	1	2	0	4	1	1	0	0	0	0	0	0	1	2	2	2	2	2	0	1	1	0	0
Viper	Viper	310	0	0	0	0	0	0	0	0	192	0	1	16	1	0	0	0	1	0	1	0	1	2	0	4	1	0	0	0	0	0	0	0	1	0	2	2	2	2	0	1	1	0	0
Virtual Golf	Virtual Golf	310	0	0	0	0	0	0	0	0	0	1	1	16	1	0	0	0	1	0	1	0	1	2	0	4	0	1	0	0	0	0	0	0	1	0	0	0	0	0	0	0	0	0	0
Virtual Hiryuu no Ken	Virtual Hiryuu no Ken	310	0	0	0	0	0	0	0	0	0	1	0	16	1	0	0	0	1	0	1	0	1	2	0	1	1	1	0	0	0	0	0	0	1	2	0	0	0	0	0	0	0	0	0
Virtual Kasparov	Virtual Kasparov	310	0	0	0	0	0	0	0	0	128	0	1	16	1	0	0	0	1	0	1	0	0	2	0	1	1	1	0	0	0	0	0	0	1	0	0	0	0	0	0	0	0	0	0
Virtual Pool 3	Virtual Pool 3	310	0	0	0	0	0	0	0	0	0	1	1	16	1	0	0	0	1	0	1	0	0	2	0	4	1	1	0	0	0	0	0	0	1	2	2	2	2	2	0	1	1	0	0
Virtual Pool	Virtual Pool	310	0	0	0	0	0	0	0	0	0	0	1	16	1	0	0	0	1	0	1	0	0	2	0	4	1	1	0	0	0	0	0	0	1	2	0	0	0	0	0	0	0	0	0
Virtual Pro Wrestling	Virtual Pro Wrestling	310	0	0	0	0	0	0	0	0	128	0	0	16	1	0	0	0	1	0	1	0	1	2	0	1	1	1	0	0	0	0	0	0	1	2	0	0	0	0	0	0	0	0	0
Virus - It Is Aware	Virus - It Is Aware	310	0	0	0	0	0	0	0	0	64	1	1	16	1	0	0	0	1	0	1	0	1	2	0	4	1	0	0	0	0	0	0	0	1	0	2	2	2	2	0	1	1	0	0
Virus - The Battle Field	Virus - The Battle Field	310	0	0	0	0	0	0	0	0	128	0	1	16	1	0	0	0	1	0	1	0	0	2	0	2	1	1	0	0	0	0	0	0	1	2	0	0	0	0	0	0	0	0	0
Viva Soccer	Viva Soccer	310	0	0	0	0	0	0	0	0	136	0	0	16	1	0	0	0	1	0	1	0	0	2	0	1	0	1	0	0	0	0	0	0	1	2	2	2	2	2	0	1	1	0	0
VMX Racing	VMX Racing	310	0	0	0	0	0	0	0	0	128	0	0	16	1	0	0	0	1	0	1	0	0	2	0	4	0	1	0	0	0	0	0	0	1	2	0	0	0	0	0	0	0	0	0
Voltage Fighter Gowcaizer	Voltage Fighter Gowcaizer	310	0	0	0	0	0	0	0	0	128	0	0	16	1	0	0	0	1	0	1	0	1	2	0	1	1	1	0	0	0	0	0	0	1	2	0	0	0	0	0	0	0	0	0
VR Baseball '97	VR Baseball '97	310	0	0	0	0	0	0	0	0	128	0	0	16	1	0	0	0	1	1	1	0	1	2	0	1	1	0	0	0	0	0	0	0	1	2	0	0	0	0	0	0	0	0	0
VR Baseball '99	VR Baseball '99	310	0	0	0	0	0	0	0	0	128	0	0	16	1	0	0	0	1	1	1	0	1	2	0	2	0	1	0	0	0	0	0	0	1	2	0	0	0	0	0	0	0	0	0
VR Sports Powerboat Racing	VR Sports Powerboat Racing	310	0	0	0	0	0	0	0	0	136	0	0	16	1	0	0	0	1	0	1	0	0	2	0	0	1	1	0	0	0	0	0	0	1	2	0	0	0	0	0	0	0	0	0
Vs	Vs	310	0	0	0	0	0	0	0	0	0	1	0	16	1	0	0	0	1	0	1	0	0	2	0	4	0	1	0	0	0	0	0	0	1	2	0	0	0	0	0	0	0	0	0
Wacky Races	Wacky Races	306	0	0	0	0	0	0	0	0	64	0	1	16	1	0	0	0	1	0	1	0	2	2	0	3	1	0	0	0	0	0	0	0	1	0	2	2	2	2	0	1	1	0	0
Walt Disney World Quest - MRT	Walt Disney World Quest - MRT	310	0	0	0	0	0	0	0	0	128	0	0	16	1	0	0	0	1	0	1	0	0	2	0	4	0	1	0	0	0	0	0	0	1	2	2	2	2	2	0	1	1	0	0
Wangan Trial (Disc 1)	Wangan Trial (Disc 1)	310	0	0	0	0	0	0	0	0	0	1	1	16	1	0	0	0	1	0	1	0	2	2	0	4	3	1	0	0	0	0	0	0	1	0	2	2	2	2	0	1	1	0	0
Wangan Trial (Disc 2)	Wangan Trial (Disc 2)	310	0	0	0	0	0	0	0	0	0	1	1	16	1	0	0	0	1	0	1	0	2	2	0	4	3	1	0	0	0	0	0	0	1	0	2	2	2	2	0	1	1	0	0
Wanted	Wanted	310	0	0	0	0	0	0	0	0	128	0	0	16	1	0	0	0	1	0	1	0	0	2	0	1	1	1	0	0	0	0	0	0	1	2	2	2	2	2	0	1	1	0	0
War Gods	War Gods	306	0	0	0	0	0	0	0	0	0	1	1	16	1	0	0	0	1	0	1	0	2	2	0	4	1	0	0	0	0	0	0	0	1	0	0	0	0	0	0	0	0	0	0
WarGames - Defcon 1	WarGames - Defcon 1	306	0	0	0	0	0	0	0	0	256	0	1	16	1	0	0	0	1	0	1	0	1	2	0	3	1	1	0	0	0	0	0	0	1	2	2	2	2	2	0	1	1	0	0
Warhammer - Dark Omen	Warhammer - Dark Omen	306	0	0	0	0	0	0	0	0	0	1	1	16	1	0	0	0	1	0	1	0	2	2	0	1	1	0	0	0	0	0	0	0	1	0	0	0	0	0	0	0	0	0	0
Warhammer - SHR	Warhammer - SHR	306	0	0	0	0	0	0	0	0	0	0	0	16	1	0	0	0	1	0	1	0	2	2	0	3	1	0	0	0	0	0	0	0	1	2	0	0	0	0	0	0	0	0	0
Warhawk	Warhawk	306	0	0	0	0	0	0	0	0	0	0	1	16	1	0	0	0	1	0	1	0	2	2	0	4	1	1	0	0	0	0	0	0	1	2	0	0	0	0	0	0	0	0	0
Warm Up!	Warm Up!	306	0	0	0	0	0	0	0	0	128	0	1	16	1	0	0	0	1	0	1	0	1	2	0	3	1	0	0	0	0	0	0	0	1	2	2	2	2	2	0	1	1	0	0
Warriors of Might & Magic	Warriors of Might & Magic	310	0	0	0	0	0	0	0	0	128	0	0	16	1	0	0	0	1	0	1	0	1	2	0	0	0	1	0	0	0	0	0	0	1	2	2	2	2	2	0	1	1	0	0
Warriors of Might and Magic	Warriors of Might and Magic	306	0	0	0	0	0	0	0	0	0	1	1	16	1	0	0	0	1	0	1	0	2	2	0	3	1	0	0	0	0	0	0	0	1	0	2	2	2	2	0	1	1	0	0
Warzone 2100	Warzone 2100	310	0	0	0	0	0	0	0	0	0	1	1	16	1	0	0	0	1	0	1	0	1	2	0	1	1	1	0	0	0	0	0	0	1	2	2	2	2	2	0	1	1	0	0
Wayne Gretzky's 3D Hockey '98	Wayne Gretzky's 3D Hockey '98	310	0	0	0	0	0	0	0	0	128	0	1	16	1	0	0	0	1	0	1	0	0	2	0	1	1	1	0	0	0	0	0	0	1	2	0	0	0	0	0	0	0	0	0
WCW Backstage Assault	WCW Backstage Assault	310	0	0	0	0	0	0	0	0	0	1	1	16	1	0	0	0	1	0	1	0	1	1	0	4	3	1	0	0	0	0	0	0	1	2	2	2	2	2	0	1	1	0	0
WCW Mayhem	WCW Mayhem	310	0	0	0	0	0	0	0	0	0	1	1	16	1	0	0	0	1	0	1	0	2	2	0	4	3	1	0	0	0	0	0	0	1	0	2	2	2	2	0	1	1	0	0
WCW Nitro	WCW Nitro	310	0	0	0	0	0	0	0	0	0	1	1	16	1	0	0	0	1	0	1	0	0	2	0	4	1	1	0	0	0	0	0	0	1	2	2	2	2	2	0	1	1	0	0
WCW vs The World	WCW vs The World	310	0	0	0	0	0	0	0	0	128	0	0	16	1	0	0	0	1	0	1	0	1	2	0	2	0	1	0	0	0	0	0	0	1	2	0	0	0	0	0	0	0	0	0
WCW-nWo Thunder	WCW-nWo Thunder	310	0	0	0	0	0	0	0	0	128	0	1	16	1	0	0	0	1	0	1	0	1	2	0	2	1	1	0	0	0	0	0	0	1	2	2	2	2	2	0	1	1	0	0
WDL - Thunder Tanks	WDL - Thunder Tanks	310	0	0	0	0	1	0	0	0	200	0	1	16	1	0	0	0	1	0	1	0	0	1	0	5	3	1	0	0	0	0	0	0	1	2	2	2	2	2	0	1	1	0	0
WDL - Thunder Tanks_	WDL - Thunder Tanks_	306	0	0	0	0	0	0	0	0	0	1	1	16	1	0	0	0	1	0	1	0	2	2	0	4	1	0	0	0	0	0	0	0	1	0	2	2	2	2	0	1	1	0	0
WDL - WarJetz	WDL - WarJetz	310	0	0	0	0	1	0	0	0	0	1	1	16	1	0	0	0	1	0	1	0	0	2	0	4	0	1	0	0	0	0	0	0	1	2	2	2	2	2	0	1	1	0	0
Welcome House	Welcome House	310	0	0	0	0	0	0	0	0	128	0	1	16	1	0	0	0	1	0	1	0	1	2	0	0	1	1	0	0	0	0	0	0	1	2	0	0	0	0	0	0	0	0	0
Wheel of Fortune	Wheel of Fortune	310	0	0	0	0	1	1	0	0	80	1	1	16	1	0	0	0	1	0	1	0	0	2	0	0	0	1	0	0	0	0	0	0	1	2	2	2	2	2	0	1	1	0	0
Whizz	Whizz	306	0	0	0	0	0	0	0	0	0	1	1	16	1	0	0	0	1	0	1	0	1	2	0	1	2	1	0	0	0	0	0	0	1	2	0	0	0	0	0	0	0	0	0
Who Wants to Be a Millionaire (AUS)	Who Wants to Be a Millionaire (AUS)	310	0	0	0	0	0	0	0	0	136	0	0	16	1	0	0	0	1	0	1	0	0	2	0	1	0	1	0	0	0	0	0	0	1	2	2	2	2	2	0	1	1	0	0
Who Wants to Be a Millionaire (IRE)	Who Wants to Be a Millionaire (IRE)	310	0	0	0	0	0	0	0	0	128	0	0	16	1	0	0	0	1	0	1	0	1	2	0	1	0	1	0	0	0	0	0	0	1	2	2	2	2	2	0	1	1	0	0
Who Wants to Be a Millionaire (UK)	Who Wants to Be a Millionaire (UK)	310	0	0	0	0	0	0	0	0	128	0	0	16	1	0	0	0	1	0	1	0	1	2	0	0	1	1	0	0	0	0	0	0	1	2	2	2	2	2	0	1	1	0	0
Who Wants to Be a Millionaire 2 (UK)	Who Wants to Be a Millionaire 2 (UK)	310	0	0	0	0	0	0	0	0	128	0	0	16	1	0	0	0	1	0	1	0	1	2	0	0	1	1	0	0	0	0	0	0	1	2	2	2	2	2	0	1	1	0	0
Who Wants to Be a Millionaire 2 (US)	Who Wants to Be a Millionaire 2 (US)	310	0	0	0	0	1	0	0	0	8	1	1	16	1	0	0	0	1	0	1	0	1	2	0	3	0	1	0	0	0	0	0	0	1	2	2	2	2	2	0	1	1	0	0
Who Wants to Be a Millionaire 3 (US)	Who Wants to Be a Millionaire 3 (US)	310	0	0	0	0	1	0	0	0	8	1	1	16	1	0	0	0	1	0	1	0	1	2	0	3	0	1	0	0	0	0	0	0	1	2	2	2	2	2	0	1	1	0	0
Who Wants to Be a Millionaire Jr (UK)	Who Wants to Be a Millionaire Jr (UK)	310	0	0	0	0	0	0	0	0	128	0	0	16	1	0	0	0	1	0	1	0	1	2	0	0	1	1	0	0	0	0	0	0	1	2	2	2	2	2	0	1	1	0	0
Wild 9	Wild 9	306	0	0	0	0	0	0	0	0	0	1	1	16	1	0	0	0	1	0	1	0	2	2	0	4	1	0	0	0	0	0	0	0	1	0	2	2	2	2	0	1	1	0	0
Wild Arms 2 (Disc 1)	Wild Arms 2 (Disc 1)	306	0	0	0	0	1	0	0	0	0	1	1	16	1	0	0	0	1	0	1	0	2	2	0	0	2	1	0	0	0	0	0	0	1	2	0	0	0	0	0	0	0	0	0
Wild Arms 2 (Disc 2)	Wild Arms 2 (Disc 2)	306	0	0	0	0	1	0	0	0	0	1	1	16	1	0	0	0	1	0	1	0	2	2	0	0	2	1	0	0	0	0	0	0	1	2	0	0	0	0	0	0	0	0	0
Wild Arms	Wild Arms	306	0	0	0	0	0	0	0	0	0	1	1	16	1	0	0	0	1	0	1	0	1	2	0	1	2	1	0	0	0	0	0	0	1	2	0	0	0	0	0	0	0	0	0
Wild Boater	Wild Boater	310	0	0	0	0	0	0	0	0	0	1	1	16	1	0	0	0	1	0	1	0	1	2	0	4	0	1	0	0	0	0	0	0	1	2	2	2	2	2	0	1	1	0	0
Wild Rapids	Wild Rapids	306	0	0	0	0	0	0	0	0	0	1	1	16	1	0	0	0	1	0	1	0	2	2	0	4	1	0	0	0	0	0	0	0	1	0	2	2	2	2	0	1	1	0	0
Wing Commander III (Disc 1)	Wing Commander III (Disc 1)	306	0	0	0	0	0	0	0	0	0	0	1	16	1	0	0	0	1	0	1	0	2	2	0	1	0	1	0	0	0	0	0	0	1	2	0	0	0	0	0	0	0	0	0
Wing Commander III (Disc 2)	Wing Commander III (Disc 2)	266	0	0	0	0	0	0	0	0	0	0	1	16	1	0	0	0	1	0	1	0	2	2	0	1	0	1	0	0	0	0	0	0	1	2	0	0	0	0	0	0	0	0	0
Wing Commander III (Disc 3)	Wing Commander III (Disc 3)	266	0	0	0	0	0	0	0	0	0	0	1	16	1	0	0	0	1	0	1	0	2	2	0	1	0	1	0	0	0	0	0	0	1	2	0	0	0	0	0	0	0	0	0
Wing Commander III (Disc 4)	Wing Commander III (Disc 4)	266	0	0	0	0	0	0	0	0	0	0	1	16	1	0	0	0	1	0	1	0	2	2	0	1	0	1	0	0	0	0	0	0	1	2	0	0	0	0	0	0	0	0	0
Wing Commander IV (Disc 1)	Wing Commander IV (Disc 1)	306	0	0	0	0	0	0	0	0	0	0	1	16	1	0	0	0	1	0	1	0	2	2	0	1	0	1	0	0	0	0	0	0	1	2	0	0	0	0	0	0	0	0	0
Wing Commander IV (Disc 2)	Wing Commander IV (Disc 2)	266	0	0	0	0	0	0	0	0	0	0	1	16	1	0	0	0	1	0	1	0	2	2	0	1	0	1	0	0	0	0	0	0	1	2	0	0	0	0	0	0	0	0	0
Wing Commander IV (Disc 3)	Wing Commander IV (Disc 3)	266	0	0	0	0	0	0	0	0	0	0	1	16	1	0	0	0	1	0	1	0	2	2	0	1	0	1	0	0	0	0	0	0	1	2	0	0	0	0	0	0	0	0	0
Wing Commander IV (Disc 4)	Wing Commander IV (Disc 4)	266	0	0	0	0	0	0	0	0	0	0	1	16	1	0	0	0	1	0	1	0	2	2	0	1	0	1	0	0	0	0	0	0	1	2	2	2	2	2	0	0	0	0	0
Wing Over 2	Wing Over 2	306	0	0	0	0	0	0	0	0	0	0	1	16	1	0	0	0	1	0	1	0	1	2	0	3	1	0	0	0	0	0	0	0	1	0	2	2	2	2	0	1	1	0	0
Wing Over	Wing Over	306	0	0	0	0	0	0	0	0	0	1	1	16	1	0	0	0	1	0	1	0	2	2	0	3	1	0	0	0	0	0	0	0	1	0	0	0	0	0	0	0	0	0	0
Wipeout 2097	Wipeout 2097	310	0	0	0	0	0	0	0	0	128	0	1	16	1	0	0	0	1	0	1	0	0	2	0	1	1	1	0	0	0	0	0	0	1	2	0	0	0	0	0	1	1	0	0
WipEout 3 - Special Edition	WipEout 3 - Special Edition	310	0	0	0	0	0	0	0	0	216	0	0	16	1	0	0	0	1	0	1	0	2	2	0	4	3	1	0	0	0	0	0	0	1	2	0	0	0	0	0	0	0	0	0
Wipeout XL	Wipeout XL	310	0	0	0	0	0	0	0	0	128	0	1	16	1	0	0	0	1	0	1	0	1	2	0	0	1	1	0	0	0	0	0	0	1	2	0	0	0	0	0	0	0	0	0
Wipeout	Wipeout	310	0	0	0	0	0	0	0	0	128	0	0	16	1	0	0	0	1	0	1	0	1	2	0	1	1	1	0	0	0	0	0	0	1	2	0	0	0	0	0	1	1	0	0
Wizardry - Llylgamyn Saga	Wizardry - Llylgamyn Saga	310	0	0	0	0	0	0	0	0	0	1	1	16	1	0	0	0	1	0	1	0	1	2	0	1	1	1	0	0	0	0	0	0	1	2	0	0	0	0	0	0	0	0	0
Wizardry - New Age of Llylgamyn	Wizardry - New Age of Llylgamyn	310	0	0	0	0	0	0	0	0	0	1	1	16	1	0	0	0	1	0	1	0	1	2	0	2	1	1	0	0	0	0	0	0	1	2	0	0	0	0	0	0	0	0	0
Wolf Fang - Kuuga 2001	Wolf Fang - Kuuga 2001	310	0	0	0	0	0	0	0	0	128	1	1	16	1	0	0	0	1	0	1	0	0	2	0	3	1	0	0	0	0	0	0	0	1	0	0	0	0	0	0	0	0	0	0
Wonder 3	Wonder 3	310	0	0	0	0	0	0	0	0	128	0	0	16	1	0	0	0	1	0	1	0	1	2	0	1	0	1	0	0	0	0	0	0	1	2	0	0	0	0	0	0	0	0	0
Wonder Trek	Wonder Trek	310	0	0	0	0	0	0	0	0	0	1	1	16	1	0	0	0	1	0	1	0	1	2	0	4	1	1	0	0	0	0	0	0	1	2	0	0	0	0	0	0	0	0	0
Woody Woodpecker Racing	Woody Woodpecker Racing	310	0	0	0	0	0	0	0	0	0	1	0	16	1	0	0	0	1	0	1	0	0	2	0	0	0	1	0	0	0	0	0	0	1	2	2	2	2	2	0	1	1	0	0
World Championship Snooker	World Championship Snooker	310	0	0	0	0	0	0	0	0	128	0	1	16	1	0	0	0	1	0	1	0	1	2	0	4	0	1	0	0	0	0	0	0	1	2	2	2	2	2	0	1	1	0	0
World Cup Golf - Professional Edition	World Cup Golf - Professional Edition	310	0	0	0	0	0	0	0	0	128	0	1	16	1	0	0	0	1	0	1	0	1	2	0	1	1	0	0	0	0	0	0	0	1	2	0	0	0	0	0	0	0	0	0
World League Soccer 1998	World League Soccer 1998	310	0	0	0	0	0	0	0	0	0	1	0	16	1	0	0	0	1	0	1	0	0	2	0	4	0	1	0	0	0	0	0	0	1	2	0	0	0	0	0	0	0	0	0
World Tennis Stars	World Tennis Stars	310	0	0	0	0	0	0	0	0	128	0	0	16	1	0	0	0	1	0	1	0	1	2	0	1	0	1	0	0	0	0	0	0	1	2	2	2	2	2	0	1	1	0	0
World's Scariest Police Chases	World's Scariest Police Chases	310	0	0	0	0	1	0	0	0	64	0	1	16	1	0	0	0	1	0	1	0	0	2	0	4	3	1	0	0	0	0	0	0	1	2	2	2	2	2	0	1	1	0	0
Worms Armageddon	Worms Armageddon	306	0	0	0	0	0	0	0	0	0	1	1	16	1	0	0	0	1	0	1	0	2	2	0	3	1	0	0	0	0	0	0	0	1	0	2	2	2	2	0	1	1	0	0
Worms Pinball	Worms Pinball	310	0	0	0	0	0	0	1	0	128	0	0	16	1	0	0	0	1	1	1	0	0	2	0	5	0	1	0	0	0	0	0	0	1	2	0	0	0	0	0	0	0	0	0
Worms World Party	Worms World Party	310	0	0	0	0	0	0	0	0	0	1	1	16	1	0	0	0	1	0	1	0	1	2	0	0	1	0	0	0	0	0	0	0	1	2	2	2	2	2	0	1	1	0	0
Worms	Worms	306	0	0	0	0	0	0	0	0	0	0	0	16	1	0	0	0	1	0	1	0	1	2	0	2	1	1	0	0	0	0	0	0	1	2	0	0	0	0	0	0	0	0	0
WRC - Arcade	WRC - Arcade	306	0	0	0	0	0	0	0	0	192	0	0	16	1	0	0	0	1	0	1	0	0	2	0	0	0	0	0	0	0	0	0	0	1	2	2	2	2	2	0	1	1	0	0
Wreckin Crew	Wreckin Crew	310	0	0	0	0	0	0	0	0	0	1	1	16	1	0	0	0	1	0	1	0	2	2	0	4	0	0	0	0	0	0	0	0	1	2	2	2	2	2	0	0	0	0	0
Wu-Tang - Shaolin Style	Wu-Tang - Shaolin Style	310	0	0	0	0	0	0	0	0	0	1	1	16	1	0	0	0	1	0	1	0	0	0	0	5	0	1	0	0	0	0	0	0	1	2	2	2	2	2	0	1	1	0	0
Wu-Tang - Taste the Pain	Wu-Tang - Taste the Pain	310	0	0	0	0	0	0	0	0	128	0	0	16	0	0	0	0	1	0	1	0	0	0	0	0	0	1	0	0	0	0	0	0	1	2	2	2	2	2	0	1	1	0	0
WWF Attitude	WWF Attitude	310	0	0	0	0	0	0	0	0	0	1	1	16	1	0	0	0	1	0	1	0	0	2	0	4	0	1	0	0	0	0	0	0	1	2	2	2	2	2	1	1	1	0	0
WWF In Your House	WWF In Your House	310	1	0	0	0	0	0	0	0	392	0	0	16	1	0	0	0	1	0	1	0	0	2	0	2	0	1	0	0	0	0	0	0	1	2	0	0	0	0	1	0	0	0	0
WWF SmackDown 2 - Inspired	WWF SmackDown 2 - Inspired	310	0	0	0	0	0	0	0	0	0	1	1	16	1	0	0	0	1	0	1	0	0	2	0	0	0	1	0	0	0	0	0	0	1	2	2	2	2	2	1	1	1	0	0
WWF SmackDown 2	WWF SmackDown 2	310	0	0	0	0	0	0	0	0	0	1	1	16	1	0	0	0	1	0	1	0	0	0	0	0	3	1	0	0	0	0	0	0	1	2	2	2	2	2	1	1	1	0	0
WWF SmackDown	WWF SmackDown	310	0	0	0	0	0	0	0	0	0	1	1	16	1	0	0	0	1	0	1	0	0	0	0	4	3	1	0	0	0	0	0	0	1	2	2	2	2	2	1	1	1	0	0
WWF War Zone	WWF War Zone	310	0	0	0	0	0	0	0	0	128	0	1	16	1	0	0	0	1	0	1	0	1	2	0	1	1	1	0	0	0	0	0	0	1	2	0	0	0	0	1	0	0	0	0
WWF WrestleMania	WWF WrestleMania	306	0	0	0	0	0	0	0	0	0	1	1	16	1	0	0	0	1	0	1	0	1	2	0	4	0	1	0	0	0	0	0	0	1	2	0	0	0	0	0	0	0	0	0
X - Selection of Fate	X - Selection of Fate	310	0	0	0	0	0	0	0	0	0	1	1	16	1	0	0	0	1	0	1	0	1	2	0	2	1	1	0	0	0	0	0	0	1	2	0	0	0	0	0	0	0	0	0
X'treme Roller	X'treme Roller	310	0	0	0	0	0	0	0	0	128	0	0	16	1	0	0	0	1	0	1	0	0	1	0	4	0	1	0	0	0	0	0	0	1	2	2	2	2	2	0	1	1	0	0
X-Bladez - Inline Skater	X-Bladez - Inline Skater	310	0	0	0	0	0	0	0	0	128	0	0	16	1	0	0	0	1	0	1	0	0	2	0	0	1	1	0	0	0	0	0	0	1	2	2	2	2	2	0	1	1	0	0
X-COM - Enemy Unknown	X-COM - Enemy Unknown	306	0	0	0	0	0	0	0	0	128	0	1	16	1	0	0	0	1	0	1	0	1	2	0	1	0	1	0	0	0	0	0	0	1	2	0	0	0	0	0	0	0	0	0
X-COM - Terror from the Deep	X-COM - Terror from the Deep	306	0	0	0	0	0	0	0	0	128	0	1	16	1	0	0	0	1	0	1	0	1	2	0	1	0	1	0	0	0	0	0	0	1	2	0	0	0	0	0	0	0	0	0
X-Files (Disc 1)	X-Files (Disc 1)	310	0	0	0	0	0	0	0	0	136	0	1	16	1	0	0	0	1	0	1	0	1	2	0	1	0	1	0	0	0	0	0	0	1	2	0	0	0	0	0	0	0	0	0
X-Files (Disc 2)	X-Files (Disc 2)	310	0	0	0	0	0	0	0	0	136	0	1	16	1	0	0	0	1	0	1	0	1	2	0	1	0	1	0	0	0	0	0	0	1	2	0	0	0	0	0	0	0	0	0
X-Files (Disc 3)	X-Files (Disc 3)	310	0	0	0	0	0	0	0	0	136	0	1	16	1	0	0	0	1	0	1	0	1	2	0	1	0	1	0	0	0	0	0	0	1	2	0	0	0	0	0	0	0	0	0
X-Files (Disc 4)	X-Files (Disc 4)	310	0	0	0	0	0	0	0	0	136	0	1	16	1	0	0	0	1	0	1	0	1	2	0	1	0	1	0	0	0	0	0	0	1	2	0	0	0	0	0	0	0	0	0
X-Men - Children of the Atom	X-Men - Children of the Atom	310	0	0	0	0	0	0	0	0	128	0	0	16	1	0	0	0	1	0	1	0	1	2	0	3	1	0	0	0	0	0	0	0	1	0	0	0	0	0	0	0	0	0	0
X-Men - Mutant Academy 2	X-Men - Mutant Academy 2	306	0	0	0	0	0	0	0	0	64	0	0	16	1	0	0	0	1	0	1	0	2	2	0	3	3	0	0	0	0	0	0	0	1	0	2	2	2	2	0	1	1	0	0
X-Men - Mutant Academy	X-Men - Mutant Academy	310	0	0	0	0	0	0	0	0	64	0	0	16	1	0	0	0	1	0	1	0	0	2	0	4	0	1	0	0	0	0	0	0	1	2	2	2	2	2	0	1	1	0	0
X-Men vs. Street Fighter - EX Edition	X-Men vs. Street Fighter - EX Edition	306	0	0	0	0	0	0	0	0	0	1	1	16	1	0	0	0	1	0	1	0	1	2	0	1	1	1	0	0	0	0	0	0	1	2	0	0	0	0	0	0	0	0	0
X2 - No Relief	X2 - No Relief	310	0	0	0	0	0	0	0	0	128	0	1	16	1	0	0	0	1	0	1	0	1	2	0	1	1	1	0	0	0	0	0	0	1	2	0	0	0	0	0	0	0	0	0
Xena - Warrior Princess	Xena - Warrior Princess	310	0	0	0	0	0	0	0	0	0	1	1	16	1	0	0	0	1	0	1	0	0	2	0	5	0	1	0	0	0	0	0	0	1	2	2	2	2	2	0	1	1	0	0
Xenocracy - Ultimate Solar War	Xenocracy - Ultimate Solar War	306	0	0	0	0	0	0	0	0	64	1	1	16	1	0	0	0	1	0	1	0	1	2	0	0	0	1	0	0	0	0	0	0	1	2	2	2	2	2	0	1	1	0	0
Xenogears (Disc 1)	Xenogears (Disc 1)	310	0	0	0	0	0	0	0	0	0	0	0	16	1	0	0	0	1	0	1	0	0	2	0	3	0	1	0	0	0	0	0	0	1	2	0	0	0	0	0	0	0	0	0
Xenogears (Disc 2)	Xenogears (Disc 2)	310	0	0	0	0	0	0	0	0	0	0	0	16	1	0	0	0	1	0	1	0	0	2	0	3	0	1	0	0	0	0	0	0	1	2	0	0	0	0	0	0	0	0	0
Xevious 3D-G Plus	Xevious 3D-G Plus	306	0	0	0	0	0	0	0	0	0	1	1	16	1	0	0	0	1	0	1	0	1	2	0	1	3	0	0	0	0	0	0	0	1	0	0	0	0	0	0	0	0	0	0
XS Airboat Racing	XS Airboat Racing	310	0	0	0	0	0	0	0	0	128	0	0	16	1	0	0	0	1	0	1	0	0	2	0	0	1	1	0	0	0	0	0	0	1	2	2	2	2	2	0	1	1	0	0
XS Junior League Dodgeball	XS Junior League Dodgeball	310	0	0	0	0	0	0	0	0	128	0	0	16	1	0	0	0	1	0	1	0	1	2	0	0	1	1	0	0	0	0	0	0	1	2	2	2	2	2	0	1	1	0	0
Yacht Racing 1999 - Nippon Challenge	Yacht Racing 1999 - Nippon Challenge	310	0	0	0	0	1	0	0	0	128	0	1	16	1	0	0	0	1	0	1	0	0	2	0	4	0	1	0	0	0	0	0	0	1	2	2	2	2	2	0	1	1	0	0
Yakiniku Bugyou	Yakiniku Bugyou	310	0	0	0	0	0	0	0	0	0	1	1	16	1	0	0	0	1	0	1	0	0	2	0	4	0	1	0	0	0	0	0	0	1	2	0	0	0	0	0	0	0	0	0
Yaroze Games	Yaroze Games	310	0	0	0	0	0	0	0	0	0	1	1	16	1	0	0	0	1	0	0	0	0	0	0	3	1	1	0	0	0	0	0	0	1	2	0	0	0	0	0	1	1	0	0
Yeh Yeh Tennis	Yeh Yeh Tennis	310	0	0	0	0	0	0	0	0	0	1	1	16	1	0	0	0	1	0	1	0	0	2	0	4	0	1	0	0	0	0	0	0	1	2	2	2	2	2	0	1	1	0	0
Yellow Brick Road	Yellow Brick Road	310	0	0	0	0	0	0	0	0	128	0	1	16	1	0	0	0	1	0	1	0	1	2	0	1	1	1	0	0	0	0	0	0	1	2	0	0	0	0	0	0	0	0	0
Yetisports Deluxe	Yetisports Deluxe	310	0	0	0	0	0	0	0	0	128	0	0	16	1	0	0	0	1	0	1	0	1	2	0	0	1	1	0	0	0	0	0	0	1	2	2	2	2	2	0	1	1	0	0
Yetisports World Tour	Yetisports World Tour	310	0	0	0	0	0	0	0	0	128	0	0	16	1	0	0	0	1	0	1	0	1	2	0	0	1	1	0	0	0	0	0	0	1	2	2	2	2	2	0	1	1	0	0
You Don't Know Jack (Disc 1)	You Don't Know Jack (Disc 1)	310	0	0	0	0	0	0	0	0	128	0	0	16	1	0	0	0	1	0	1	0	1	2	0	1	1	1	0	0	0	0	0	0	1	2	2	2	2	2	1	1	1	0	0
You Don't Know Jack (Disc 2)	You Don't Know Jack (Disc 2)	310	0	0	0	0	0	0	0	0	128	0	0	16	1	0	0	0	1	0	1	0	1	2	0	1	1	1	0	0	0	0	0	0	1	2	2	2	2	2	1	1	1	0	0
You Don't Know Jack - Mock 2	You Don't Know Jack - Mock 2	310	0	0	0	0	0	0	0	0	128	0	0	16	1	0	0	0	1	0	1	0	1	2	0	1	1	1	0	0	0	0	0	0	1	2	2	2	2	2	0	1	1	0	0
YoYo's Puzzle Park	YoYo's Puzzle Park	306	0	0	0	0	0	0	0	0	0	1	1	16	1	0	0	0	1	0	1	0	1	2	0	1	1	0	0	0	0	0	0	0	1	2	2	2	2	2	0	1	1	0	0
Yu-Gi-Oh! Forbidden Memories	Yu-Gi-Oh! Forbidden Memories	310	0	0	0	0	0	0	0	0	0	1	1	16	1	0	0	0	1	0	1	0	1	2	0	1	3	1	0	0	0	0	0	0	1	2	2	2	2	2	0	1	1	0	0
Yusha - Heaven's Gate	Yusha - Heaven's Gate	310	0	0	0	0	0	0	0	0	128	0	0	16	1	0	0	0	1	0	1	0	1	2	0	1	1	1	0	0	0	0	0	0	1	0	0	0	0	0	0	0	0	0	0
Z	Z	310	0	0	0	0	0	0	0	0	0	1	1	16	1	0	0	0	1	0	1	0	1	2	0	4	1	1	0	0	0	0	0	0	1	2	0	0	0	0	0	0	0	0	0
Zanac X Zanac	Zanac X Zanac	310	0	0	0	0	1	0	0	0	0	1	1	16	1	0	0	0	1	0	1	0	0	2	0	4	3	0	0	0	0	0	0	0	1	2	2	2	2	2	0	1	1	0	0
Zeiramzone	Zeiramzone	310	0	0	0	0	0	0	0	0	128	0	0	16	1	0	0	0	1	0	1	0	1	2	0	1	1	1	0	0	0	0	0	0	1	2	0	0	0	0	0	0	0	0	0
Zen-Nippon Joshi Wrestling	Zen-Nippon Joshi Wrestling	310	0	0	0	0	0	0	0	0	128	0	1	16	1	0	0	0	1	0	1	0	0	2	0	5	0	1	0	0	0	0	0	0	1	2	0	0	0	0	0	0	0	0	0
Zen-Nippon Pro Wrestling	Zen-Nippon Pro Wrestling	310	0	0	0	0	0	0	0	0	128	0	1	16	1	0	0	0	1	0	1	0	1	2	0	1	1	1	0	0	0	0	0	0	1	2	0	0	0	0	0	0	0	0	0
Zero 4 Champ	Zero 4 Champ	310	0	0	0	0	0	0	0	0	0	0	0	16	1	0	0	0	1	0	1	0	1	2	0	0	1	1	0	0	0	0	0	0	1	2	0	0	0	0	0	0	0	0	0
Zero Divide 2	Zero Divide 2	310	0	0	0	0	0	0	0	0	0	1	1	16	1	0	0	0	1	0	1	0	2	2	0	4	3	1	0	0	0	0	0	0	1	0	0	0	0	0	0	0	0	0	0
Zero Divide	Zero Divide	310	0	0	0	0	0	0	0	0	0	1	1	16	1	0	0	0	1	0	1	0	0	0	0	5	3	1	0	0	0	0	0	0	1	2	0	0	0	0	0	0	0	0	0
Zero Pilot	Zero Pilot	310	0	0	0	0	0	0	0	0	0	1	0	16	1	0	0	0	1	0	1	0	1	2	0	4	0	1	0	0	0	0	0	0	1	2	0	0	0	0	0	0	0	0	0
Zero4 Champ DooZy-J	Zero4 Champ DooZy-J	310	0	0	0	0	0	0	0	0	0	0	0	16	1	0	0	0	1	0	1	0	1	2	0	4	0	0	0	0	0	0	0	0	1	0	0	0	0	0	0	0	0	0	0
Zig Zag Ball	Zig Zag Ball	310	0	0	0	0	0	0	0	0	128	0	1	16	1	0	0	0	1	0	1	0	1	2	0	0	1	1	0	0	0	0	0	0	1	2	2	2	2	2	0	1	1	0	0
Zoku Gussun Oyoyo	Zoku Gussun Oyoyo	310	0	0	0	0	0	0	0	0	128	0	0	16	1	0	0	0	1	0	1	0	1	2	0	3	0	1	0	0	0	0	0	0	1	2	0	0	0	0	0	0	0	0	0
Zoop	Zoop	306	0	0	0	0	0	0	0	0	0	1	1	16	1	0	0	0	1	0	1	0	2	2	0	3	1	0	0	0	0	0	0	0	1	0	0	0	0	0	0	0	0	0	0
ZXE-D - Legend of Plasmatlite	ZXE-D - Legend of Plasmatlite	310	0	0	0	0	0	0	0	0	128	0	0	16	0	0	0	0	1	0	1	0	1	2	0	2	0	1	0	0	0	0	0	0	1	2	0	0	0	0	0	0	0	0	0
